Date,Part_Name,Brand,Base_Price_LKR,Price_LKR
2021-01-01,EGR Valve,Denso,9500,12700
2021-01-01,Wiring Harness,Sumitomo,15000,20200
2021-01-02,Wheel Bearing,NTN,10000,14680
2021-01-03,CV Axle,Moog,16000,18830
2021-01-03,Radiator Hose,Local OEM,2500,1860
2021-01-03,Tensioner Pulley,INA,3200,4360
2021-01-03,Water Pump,Aisin,12000,15900
2021-01-04,Brake Fluid Hose,Bosch,3000,3770
2021-01-04,EGR Valve,Local OEM,9500,8340
2021-01-04,Ignition Coil,Delphi,7500,9550
2021-01-04,Radiator Hose,Bosch,2500,2680
2021-01-04,Strut Mount,Lemforder,6000,7620
2021-01-04,Transmission Fluid Filter,Bosch,4500,4920
2021-01-05,Gearbox Mount,TRW,7000,8550
2021-01-05,Hub Assembly,SKF,14000,20760
2021-01-05,Strut Mount,Lemforder,6000,7780
2021-01-06,Alternator,Mitsubishi,25000,27340
2021-01-06,Distributor Cap,Denso,3800,4810
2021-01-06,Shock Absorber,KYB,15000,19200
2021-01-06,Sway Bar Link,Febi,4500,5890
2021-01-06,Transmission Fluid Filter,Bosch,4500,5320
2021-01-06,Water Pump,Aisin,12000,15480
2021-01-07,Battery,Volta,18000,16590
2021-01-07,Control Arm,TRW,10000,12590
2021-01-07,Coolant Temperature Sensor,Denso,4000,5020
2021-01-07,Tie Rod End,Local OEM,6500,5330
2021-01-08,Fuse,Generic,200,130
2021-01-08,Radiator Hose,Gates,2500,3050
2021-01-08,Timing Belt,Continental,9000,12390
2021-01-09,Alternator,Hitachi,25000,27210
2021-01-09,Windshield Wiper Blade,Local OEM,900,660
2021-01-10,Camshaft Position Sensor,Delphi,7000,8780
2021-01-10,Coolant Temperature Sensor,Bosch,4000,5500
2021-01-10,Wiring Harness,Delphi,15000,21120
2021-01-11,Brake Caliper,Reconditioned,12000,7510
2021-01-11,Cabin Air Filter,Ryco,2200,2650
2021-01-11,Coolant Temperature Sensor,Bosch,4000,5810
2021-01-11,Fuel Injector,Bosch,12000,16980
2021-01-11,Rack and Pinion,Local OEM,22000,18700
2021-01-12,Sway Bar Link,Febi,4500,6070
2021-01-13,Air Filter,Denso,1800,2130
2021-01-14,Cabin Air Filter,Denso,2200,2700
2021-01-14,Radiator Hose,Dayco,2500,3130
2021-01-15,Wiring Harness,Sumitomo,15000,18850
2021-01-16,Air Filter,Mann,1800,2320
2021-01-16,Fuel Injector,Standard,12000,14370
2021-01-16,Idler Pulley,SKF,2800,3430
2021-01-17,Air Filter,Local OEM,1800,1340
2021-01-17,Oxygen Sensor,Local OEM,8500,6790
2021-01-17,Power Steering Pump,TRW,18000,20920
2021-01-17,Radiator,Nissens,20000,21800
2021-01-17,Radiator Hose,Gates,2500,3120
2021-01-18,Idler Pulley,Gates,2800,3410
2021-01-20,Engine Oil Filter,Fram,2500,2720
2021-01-21,Cabin Air Filter,Ryco,2200,2620
2021-01-21,Control Arm,Local OEM,10000,7360
2021-01-21,Radiator,Local OEM,20000,17640
2021-01-22,Battery,Amaron,18000,24620
2021-01-22,CV Axle,Moog,16000,23880
2021-01-23,Brake Caliper,TRW,12000,15990
2021-01-23,Windshield Wiper Blade,Local OEM,900,700
2021-01-24,Tensioner Pulley,Local OEM,3200,2550
2021-01-25,Brake Disc,Bosch,8000,8690
2021-01-25,Fuel Injector,Standard,12000,12950
2021-01-25,Timing Belt,Local OEM,9000,7700
2021-01-26,EGR Valve,Delphi,9500,12640
2021-01-26,Idler Pulley,Local OEM,2800,2400
2021-01-27,Ball Joint,TRW,5000,6650
2021-01-27,CV Axle,Reconditioned,16000,9370
2021-01-27,Transmission Fluid Filter,Bosch,4500,5860
2021-01-28,Brake Caliper,TRW,12000,15670
2021-01-28,Camshaft Position Sensor,Denso,7000,9110
2021-01-28,Hub Assembly,Reconditioned,14000,8990
2021-01-28,Ignition Coil,Denso,7500,10820
2021-01-28,Spark Plug,Bosch,1500,1550
2021-01-29,Crankshaft Position Sensor,Standard,7500,8950
2021-01-29,Power Steering Pump,Hitachi,18000,22250
2021-01-29,Transmission Fluid Filter,Bosch,4500,5700
2021-01-29,Wheel Bearing,SKF,10000,12690
2021-01-31,Brake Fluid Hose,Bosch,3000,4010
2021-01-31,Oxygen Sensor,Local OEM,8500,7700
2021-01-31,Sway Bar Link,Febi,4500,5440
2021-01-31,Tie Rod End,Delphi,6500,7870
2021-01-31,Wiring Harness,Delphi,15000,21330
2021-02-01,Catalytic Converter,Local OEM,35000,28750
2021-02-01,Spark Plug,NGK,1500,1640
2021-02-03,Brake Pad,Akebono,6000,8570
2021-02-03,Mass Air Flow Sensor,Denso,11000,12450
2021-02-04,Distributor Cap,Bosch,3800,5160
2021-02-04,Mass Air Flow Sensor,Standard,11000,11950
2021-02-04,Power Steering Pump,TRW,18000,24950
2021-02-04,Starter Motor,Mitsubishi,22000,25470
2021-02-04,Thermostat,Denso,3000,3940
2021-02-04,Tie Rod End,Delphi,6500,8700
2021-02-04,Water Pump,Graf,12000,13360
2021-02-04,Windshield Wiper Blade,Bosch,900,1220
2021-02-05,Brake Caliper,Local OEM,12000,9330
2021-02-05,Brake Pad,Bosch,6000,6780
2021-02-05,CV Axle,Moog,16000,21040
2021-02-05,Gearbox Mount,Lemforder,7000,7970
2021-02-05,Ignition Coil,Delphi,7500,7680
2021-02-05,Wheel Bearing,NTN,10000,12940
2021-02-06,Clutch Plate,Local OEM,15000,13920
2021-02-06,Shock Absorber,Sachs,15000,18190
2021-02-06,Thermostat,Gates,3000,3950
2021-02-07,Shock Absorber,Sachs,15000,19160
2021-02-08,Clutch Plate,Exedy,15000,21580
2021-02-08,Control Arm,Local OEM,10000,8330
2021-02-08,PCV Valve,Bosch,2000,2360
2021-02-08,Spark Plug,Champion,1500,1660
2021-02-09,Timing Belt,Local OEM,9000,7000
2021-02-10,Gearbox Mount,Lemforder,7000,8940
2021-02-10,Power Steering Pump,TRW,18000,20190
2021-02-10,Serpentine Belt,Bosch,3500,4330
2021-02-10,Throttle Body,Delphi,14000,17080
2021-02-11,CV Axle,Febest,16000,18670
2021-02-11,Cabin Air Filter,Bosch,2200,2680
2021-02-11,Fuse,Generic,200,130
2021-02-11,Serpentine Belt,Gates,3500,4820
2021-02-11,Transmission Fluid Filter,Mann,4500,5810
2021-02-12,Clutch Plate,Reconditioned,15000,10090
2021-02-13,Gearbox Mount,Febi,7000,9060
2021-02-13,Wiring Harness,Sumitomo,15000,18740
2021-02-14,Air Filter,Mann,1800,2040
2021-02-15,Brake Caliper,TRW,12000,15500
2021-02-15,CV Boot,GKN,3500,4690
2021-02-15,Engine Oil Filter,Bosch,2500,3150
2021-02-15,Fuel Injector,Delphi,12000,16730
2021-02-16,Cabin Air Filter,Ryco,2200,2540
2021-02-16,Clutch Plate,LUK,15000,19470
2021-02-17,Air Filter,Mann,1800,2300
2021-02-17,Gearbox Mount,Generic,7000,4980
2021-02-18,CV Axle,Moog,16000,21180
2021-02-18,Spark Plug,Champion,1500,1810
2021-02-18,Water Pump,Graf,12000,15290
2021-02-19,Brake Pad,TRW,6000,7280
2021-02-20,Power Steering Pump,TRW,18000,23370
2021-02-21,Brake Fluid Hose,Bosch,3000,3580
2021-02-21,Brake Pad,TRW,6000,6990
2021-02-22,Air Filter,K&N,1800,2790
2021-02-22,CV Boot,GKN,3500,4880
2021-02-22,Control Arm,TRW,10000,11600
2021-02-23,Brake Disc,Bosch,8000,8470
2021-02-23,Engine Oil Filter,Ryco,2500,2670
2021-02-23,Fuel Injector,Delphi,12000,14690
2021-02-23,Gearbox Mount,Lemforder,7000,9940
2021-02-23,Windshield Wiper Blade,Denso,900,1110
2021-02-24,Brake Disc,ATE,8000,10520
2021-02-24,CV Axle,Reconditioned,16000,10560
2021-02-24,Catalytic Converter,Bosal,35000,42280
2021-02-24,Crankshaft Position Sensor,Standard,7500,8720
2021-02-24,Tie Rod End,Febest,6500,7820
2021-02-25,Fuel Injector,Standard,12000,13800
2021-02-25,Tensioner Pulley,INA,3200,4060
2021-02-26,Brake Caliper,TRW,12000,15520
2021-02-26,Brake Fluid Hose,Local OEM,3000,2350
2021-02-26,Gearbox Mount,TRW,7000,8850
2021-02-26,Ignition Coil,Bosch,7500,10280
2021-02-26,Oxygen Sensor,NGK,8500,10830
2021-02-26,Radiator,Mishimoto,20000,31170
2021-02-27,Air Filter,Ryco,1800,2180
2021-02-27,Crankshaft Position Sensor,Local OEM,7500,5960
2021-02-27,Ignition Coil,Denso,7500,9810
2021-02-27,PCV Valve,Delphi,2000,2190
2021-02-27,Strut Mount,Lemforder,6000,7990
2021-02-27,Sway Bar Link,Moog,4500,6270
2021-02-27,Wheel Bearing,NTN,10000,11910
2021-02-28,Brake Caliper,ATE,12000,16620
2021-02-28,Strut Mount,TRW,6000,7160
2021-03-01,Brake Disc,ATE,8000,9420
2021-03-01,Piston Ring,NPR,4000,5820
2021-03-02,Hub Assembly,Local OEM,14000,11720
2021-03-02,Radiator,Local OEM,20000,16920
2021-03-03,Camshaft Position Sensor,Denso,7000,9580
2021-03-03,Fuse,Littelfuse,200,220
2021-03-03,Piston Ring,NPR,4000,5600
2021-03-03,Tensioner Pulley,SKF,3200,4290
2021-03-04,Mass Air Flow Sensor,Denso,11000,12580
2021-03-04,Throttle Body,Delphi,14000,17480
2021-03-04,Wiring Harness,Delphi,15000,21080
2021-03-05,Coolant Temperature Sensor,Standard,4000,4480
2021-03-05,Tensioner Pulley,Dayco,3200,3480
2021-03-06,Brake Disc,Bosch,8000,8160
2021-03-06,Control Arm,Local OEM,10000,8410
2021-03-06,Shock Absorber,Bilstein,15000,23830
2021-03-07,Oxygen Sensor,Denso,8500,11730
2021-03-07,Piston Ring,Goetze,4000,4830
2021-03-08,Catalytic Converter,Local OEM,35000,30430
2021-03-08,Spark Plug,Denso,1500,1960
2021-03-09,Transmission Fluid Filter,Febi,4500,5440
2021-03-10,Mass Air Flow Sensor,Standard,11000,12400
2021-03-10,Radiator,Denso,20000,25760
2021-03-10,Tensioner Pulley,SKF,3200,3770
2021-03-10,Windshield Wiper Blade,Denso,900,1060
2021-03-11,Brake Fluid Hose,Bosch,3000,3810
2021-03-11,Distributor Cap,Bosch,3800,4540
2021-03-11,Engine Oil Filter,Mann,2500,3310
2021-03-11,Oxygen Sensor,Bosch,8500,12170
2021-03-11,Water Pump,Gates,12000,14080
2021-03-12,CV Axle,Febest,16000,20220
2021-03-12,Thermostat,Denso,3000,3620
2021-03-13,Air Filter,Ryco,1800,2340
2021-03-13,EGR Valve,Delphi,9500,13960
2021-03-13,Piston Ring,Reconditioned,4000,2110
2021-03-14,Brake Fluid Hose,ATE,3000,3690
2021-03-14,Tie Rod End,TRW,6500,7720
2021-03-15,Crankshaft Position Sensor,Local OEM,7500,6070
2021-03-15,Distributor Cap,Standard,3800,4230
2021-03-16,CV Boot,GKN,3500,4510
2021-03-16,Ignition Coil,NGK,7500,8780
2021-03-17,Ball Joint,Delphi,5000,6120
2021-03-17,CV Boot,Local OEM,3500,2800
2021-03-17,Engine Oil Filter,Bosch,2500,2710
2021-03-18,Catalytic Converter,Reconditioned,35000,21600
2021-03-18,Idler Pulley,INA,2800,3380
2021-03-18,Serpentine Belt,Continental,3500,5200
2021-03-18,Water Pump,Graf,12000,12680
2021-03-18,Wiring Harness,Bosch,15000,17030
2021-03-19,Hub Assembly,SKF,14000,20310
2021-03-19,Sway Bar Link,Febi,4500,5790
2021-03-19,Wiring Harness,Local OEM,15000,12190
2021-03-20,Brake Pad,Akebono,6000,8760
2021-03-20,Fuse,Generic,200,120
2021-03-20,Radiator Hose,Gates,2500,3280
2021-03-22,Gearbox Mount,Lemforder,7000,9980
2021-03-22,Wiring Harness,Sumitomo,15000,20230
2021-03-23,CV Axle,Local OEM,16000,14130
2021-03-23,Fuse,Bussmann,200,240
2021-03-23,Tie Rod End,Febest,6500,7560
2021-03-24,Engine Oil Filter,Denso,2500,3090
2021-03-24,Hub Assembly,FAG,14000,17450
2021-03-24,Radiator,Koyo,20000,27340
2021-03-24,Wheel Bearing,NTN,10000,10790
2021-03-25,Alternator,Mitsubishi,25000,32980
2021-03-25,Fuel Injector,Bosch,12000,17250
2021-03-26,Water Pump,Gates,12000,15150
2021-03-27,Ignition Coil,Local OEM,7500,6710
2021-03-27,Piston Ring,NPR,4000,5190
2021-03-28,Brake Fluid Hose,Febi,3000,3350
2021-03-28,Idler Pulley,SKF,2800,3510
2021-03-28,Starter Motor,Denso,22000,26900
2021-03-29,Oxygen Sensor,NGK,8500,10120
2021-03-29,Shock Absorber,Monroe,15000,19810
2021-03-30,Idler Pulley,Dayco,2800,3550
2021-03-30,Strut Mount,Febi,6000,6940
2021-03-30,Wiring Harness,Generic,15000,9530
2021-03-31,Cabin Air Filter,Mann,2200,3070
2021-03-31,Crankshaft Position Sensor,Delphi,7500,9280
2021-03-31,Hub Assembly,Reconditioned,14000,8450
2021-03-31,Throttle Body,Denso,14000,17330
2021-03-31,Wheel Bearing,NTN,10000,13240
2021-04-01,Fuse,Bosch,200,260
2021-04-01,Transmission Fluid Filter,Bosch,4500,5970
2021-04-02,Brake Caliper,Brembo,12000,19210
2021-04-02,Clutch Plate,Reconditioned,15000,9200
2021-04-02,Spark Plug,Champion,1500,1600
2021-04-02,Water Pump,Gates,12000,15820
2021-04-03,Camshaft Position Sensor,Bosch,7000,10230
2021-04-03,Clutch Plate,Local OEM,15000,13480
2021-04-03,Hub Assembly,Local OEM,14000,11670
2021-04-04,Strut Mount,Lemforder,6000,7520
2021-04-05,Catalytic Converter,Walker,35000,44110
2021-04-06,Catalytic Converter,Reconditioned,35000,20180
2021-04-06,Hub Assembly,FAG,14000,17460
2021-04-06,Idler Pulley,SKF,2800,3380
2021-04-06,Rack and Pinion,Delphi,22000,32220
2021-04-06,Timing Belt,Local OEM,9000,7020
2021-04-06,Wheel Bearing,Local OEM,10000,8670
2021-04-07,Camshaft Position Sensor,Denso,7000,9410
2021-04-07,Clutch Plate,Sachs,15000,19290
2021-04-07,Tensioner Pulley,Dayco,3200,4050
2021-04-07,Water Pump,Bosch,12000,15140
2021-04-08,Radiator,Mishimoto,20000,28870
2021-04-08,Tensioner Pulley,SKF,3200,4140
2021-04-08,Thermostat,Local OEM,3000,2440
2021-04-09,Brake Fluid Hose,Local OEM,3000,2520
2021-04-09,Camshaft Position Sensor,Standard,7000,8380
2021-04-09,Fuse,Bosch,200,240
2021-04-09,Rack and Pinion,Local OEM,22000,17630
2021-04-09,Serpentine Belt,Local OEM,3500,3050
2021-04-10,Ball Joint,Moog,5000,6870
2021-04-10,Oxygen Sensor,NGK,8500,9670
2021-04-10,PCV Valve,Delphi,2000,2710
2021-04-10,Strut Mount,Local OEM,6000,4670
2021-04-11,Transmission Fluid Filter,Febi,4500,5510
2021-04-12,Gearbox Mount,Febi,7000,8780
2021-04-12,Piston Ring,Federal-Mogul,4000,4950
2021-04-12,Radiator,Denso,20000,27200
2021-04-12,Throttle Body,Standard,14000,15120
2021-04-13,Alternator,Mitsubishi,25000,33400
2021-04-13,Water Pump,Bosch,12000,13520
2021-04-14,Clutch Plate,LUK,15000,20500
2021-04-14,Oxygen Sensor,Delphi,8500,9160
2021-04-14,Power Steering Pump,Delphi,18000,19210
2021-04-16,Camshaft Position Sensor,Standard,7000,8070
2021-04-16,Distributor Cap,Standard,3800,3950
2021-04-17,Distributor Cap,Standard,3800,4560
2021-04-17,Engine Oil Filter,Mann,2500,3140
2021-04-17,Thermostat,Bosch,3000,3500
2021-04-18,Mass Air Flow Sensor,Denso,11000,13610
2021-04-18,Spark Plug,Champion,1500,1720
2021-04-18,Timing Belt,Contitech,9000,10900
2021-04-19,Ball Joint,Febest,5000,5810
2021-04-19,Catalytic Converter,Bosal,35000,41340
2021-04-20,Crankshaft Position Sensor,Standard,7500,9420
2021-04-20,Idler Pulley,Local OEM,2800,2500
2021-04-20,Wheel Bearing,FAG,10000,14180
2021-04-21,Ball Joint,Moog,5000,6550
2021-04-21,Tensioner Pulley,SKF,3200,3850
2021-04-21,Tie Rod End,TRW,6500,8070
2021-04-22,Air Filter,Local OEM,1800,1160
2021-04-22,Crankshaft Position Sensor,Local OEM,7500,6050
2021-04-23,Alternator,Mitsubishi,25000,28540
2021-04-23,Battery,Exide,18000,19840
2021-04-23,Brake Disc,TRW,8000,9790
2021-04-23,Catalytic Converter,Reconditioned,35000,16810
2021-04-23,Oxygen Sensor,Delphi,8500,9480
2021-04-23,Sway Bar Link,Febi,4500,5370
2021-04-25,Air Filter,K&N,1800,2860
2021-04-25,Alternator,Local OEM,25000,18630
2021-04-25,Piston Ring,Goetze,4000,5400
2021-04-25,Radiator Hose,Gates,2500,2660
2021-04-26,Serpentine Belt,Local OEM,3500,3420
2021-04-27,Power Steering Pump,Bosch,18000,22120
2021-04-28,Battery,Bosch,18000,23580
2021-04-28,Cabin Air Filter,Ryco,2200,2680
2021-04-28,Clutch Plate,Exedy,15000,17730
2021-04-28,Hub Assembly,NSK,14000,17240
2021-04-29,Gearbox Mount,Febi,7000,8840
2021-04-29,Sway Bar Link,TRW,4500,5100
2021-04-30,Air Filter,Local OEM,1800,1230
2021-04-30,Coolant Temperature Sensor,Local OEM,4000,3400
2021-04-30,Engine Oil Filter,Fram,2500,3160
2021-05-01,Strut Mount,Local OEM,6000,5650
2021-05-01,Tie Rod End,Moog,6500,8140
2021-05-02,Coolant Temperature Sensor,Delphi,4000,4670
2021-05-02,Shock Absorber,Monroe,15000,19460
2021-05-02,Sway Bar Link,Febi,4500,5540
2021-05-03,Control Arm,Moog,10000,12380
2021-05-04,Clutch Plate,LUK,15000,22390
2021-05-04,Radiator Hose,Local OEM,2500,1910
2021-05-04,Serpentine Belt,Continental,3500,4720
2021-05-04,Sway Bar Link,Febi,4500,5680
2021-05-04,Windshield Wiper Blade,Denso,900,1100
2021-05-05,Coolant Temperature Sensor,Denso,4000,5440
2021-05-05,PCV Valve,Bosch,2000,2610
2021-05-05,Rack and Pinion,Local OEM,22000,21600
2021-05-05,Serpentine Belt,Dayco,3500,4570
2021-05-06,Air Filter,K&N,1800,2440
2021-05-06,Ball Joint,TRW,5000,6640
2021-05-06,Camshaft Position Sensor,Delphi,7000,10550
2021-05-06,Ignition Coil,Denso,7500,11680
2021-05-06,Spark Plug,Bosch,1500,1820
2021-05-07,Brake Disc,Local OEM,8000,7280
2021-05-07,CV Axle,Febest,16000,18170
2021-05-07,Starter Motor,Hitachi,22000,25520
2021-05-07,Wheel Bearing,Timken,10000,13120
2021-05-08,CV Boot,Generic,3500,2460
2021-05-09,Alternator,Bosch,25000,36780
2021-05-09,Cabin Air Filter,Mann,2200,3360
2021-05-09,Distributor Cap,NGK,3800,4410
2021-05-10,Ball Joint,TRW,5000,6100
2021-05-10,Ignition Coil,NGK,7500,10450
2021-05-10,Serpentine Belt,Gates,3500,4460
2021-05-10,Windshield Wiper Blade,Local OEM,900,760
2021-05-11,Catalytic Converter,Bosal,35000,43840
2021-05-11,Crankshaft Position Sensor,Local OEM,7500,5830
2021-05-11,Spark Plug,Champion,1500,1700
2021-05-11,Transmission Fluid Filter,Mann,4500,5870
2021-05-12,Ignition Coil,Delphi,7500,8630
2021-05-12,Shock Absorber,KYB,15000,18320
2021-05-13,Ball Joint,Delphi,5000,7150
2021-05-14,Rack and Pinion,Local OEM,22000,19640
2021-05-15,Gearbox Mount,Febi,7000,9110
2021-05-16,CV Axle,Moog,16000,19520
2021-05-16,Radiator Hose,Gates,2500,3090
2021-05-17,Radiator,Denso,20000,24900
2021-05-17,Serpentine Belt,Dayco,3500,4610
2021-05-17,Sway Bar Link,TRW,4500,5720
2021-05-18,Cabin Air Filter,Denso,2200,2500
2021-05-18,Radiator Hose,Dayco,2500,3360
2021-05-19,Control Arm,Febest,10000,12880
2021-05-19,Oxygen Sensor,Delphi,8500,9970
2021-05-19,Power Steering Pump,Delphi,18000,20870
2021-05-20,Brake Fluid Hose,Febi,3000,3760
2021-05-20,Starter Motor,Hitachi,22000,27060
2021-05-21,Air Filter,Bosch,1800,2460
2021-05-21,Camshaft Position Sensor,Standard,7000,7700
2021-05-21,Crankshaft Position Sensor,Standard,7500,8500
2021-05-21,Idler Pulley,Dayco,2800,3360
2021-05-21,Mass Air Flow Sensor,Standard,11000,13420
2021-05-21,Transmission Fluid Filter,Febi,4500,5300
2021-05-22,Brake Pad,TRW,6000,6070
2021-05-22,PCV Valve,Generic,2000,1320
2021-05-22,Sway Bar Link,Moog,4500,6370
2021-05-23,Shock Absorber,Reconditioned,15000,10680
2021-05-24,Brake Disc,DBA,8000,12560
2021-05-24,Gearbox Mount,Febi,7000,8930
2021-05-24,Idler Pulley,SKF,2800,3680
2021-05-24,Ignition Coil,NGK,7500,10550
2021-05-24,Oxygen Sensor,Local OEM,8500,8200
2021-05-24,Shock Absorber,Local OEM,15000,12030
2021-05-25,Ball Joint,TRW,5000,6840
2021-05-26,Brake Caliper,ATE,12000,15910
2021-05-26,Control Arm,Febi,10000,12100
2021-05-26,EGR Valve,Denso,9500,11680
2021-05-26,PCV Valve,Bosch,2000,2290
2021-05-26,Radiator,Koyo,20000,25620
2021-05-26,Radiator Hose,Generic,2500,1810
2021-05-26,Sway Bar Link,TRW,4500,5360
2021-05-26,Throttle Body,Reconditioned,14000,9590
2021-05-27,Catalytic Converter,Bosal,35000,48420
2021-05-28,Fuel Injector,Standard,12000,14130
2021-05-28,PCV Valve,Local OEM,2000,1620
2021-05-29,Tie Rod End,Febest,6500,7630
2021-05-30,Mass Air Flow Sensor,Standard,11000,13570
2021-05-30,Piston Ring,Goetze,4000,5620
2021-05-30,Transmission Fluid Filter,Mann,4500,5880
2021-05-31,CV Boot,Local OEM,3500,2930
2021-05-31,Hub Assembly,Local OEM,14000,12950
2021-06-01,Alternator,Denso,25000,31200
2021-06-01,CV Boot,Febest,3500,4640
2021-06-02,EGR Valve,Delphi,9500,13960
2021-06-02,Timing Belt,Dayco,9000,12020
2021-06-03,Brake Caliper,Reconditioned,12000,7980
2021-06-03,Brake Pad,Bosch,6000,7940
2021-06-03,Mass Air Flow Sensor,Standard,11000,12430
2021-06-03,Serpentine Belt,Bosch,3500,4960
2021-06-03,Strut Mount,Lemforder,6000,7680
2021-06-04,Control Arm,Local OEM,10000,9330
2021-06-04,PCV Valve,Local OEM,2000,1510
2021-06-04,Spark Plug,Iridium NGK,1500,2400
2021-06-05,Ball Joint,Moog,5000,7120
2021-06-06,EGR Valve,Denso,9500,12500
2021-06-06,Ignition Coil,Local OEM,7500,6290
2021-06-07,Brake Pad,Bosch,6000,8100
2021-06-07,Radiator Hose,Gates,2500,3220
2021-06-07,Spark Plug,Champion,1500,1760
2021-06-08,Coolant Temperature Sensor,Standard,4000,4540
2021-06-08,EGR Valve,Delphi,9500,12170
2021-06-08,Strut Mount,Lemforder,6000,8290
2021-06-09,Gearbox Mount,Lemforder,7000,9710
2021-06-09,Hub Assembly,NSK,14000,19960
2021-06-09,Water Pump,Reconditioned,12000,7800
2021-06-10,Catalytic Converter,Bosal,35000,44000
2021-06-11,Gearbox Mount,Generic,7000,4790
2021-06-11,Ignition Coil,Delphi,7500,8010
2021-06-11,Spark Plug,Denso,1500,1840
2021-06-12,Crankshaft Position Sensor,Standard,7500,9200
2021-06-12,Transmission Fluid Filter,Local OEM,4500,4000
2021-06-12,Water Pump,Local OEM,12000,9300
2021-06-13,Clutch Plate,Exedy,15000,17810
2021-06-13,Piston Ring,Federal-Mogul,4000,5800
2021-06-13,Timing Belt,Contitech,9000,10850
2021-06-14,Starter Motor,Denso,22000,28260
2021-06-15,Cabin Air Filter,Ryco,2200,2820
2021-06-15,Fuse,Generic,200,130
2021-06-15,Mass Air Flow Sensor,Standard,11000,12530
2021-06-15,Starter Motor,Bosch,22000,26400
2021-06-15,Tie Rod End,TRW,6500,8390
2021-06-16,Shock Absorber,Local OEM,15000,12570
2021-06-16,Throttle Body,Denso,14000,21080
2021-06-17,Ball Joint,TRW,5000,7330
2021-06-17,Battery,Panasonic,18000,26150
2021-06-17,Brake Caliper,Delphi,12000,16060
2021-06-17,Spark Plug,Champion,1500,1840
2021-06-18,Brake Disc,Bosch,8000,10090
2021-06-18,Mass Air Flow Sensor,Bosch,11000,16690
2021-06-18,Power Steering Pump,Delphi,18000,22790
2021-06-19,CV Boot,Generic,3500,2440
2021-06-19,Engine Oil Filter,Mann,2500,3310
2021-06-19,Radiator,Koyo,20000,26950
2021-06-19,Timing Belt,Contitech,9000,11480
2021-06-19,Wheel Bearing,Local OEM,10000,8930
2021-06-20,Windshield Wiper Blade,Denso,900,1080
2021-06-21,CV Axle,Moog,16000,21430
2021-06-21,Oxygen Sensor,NGK,8500,10760
2021-06-22,Control Arm,Moog,10000,13640
2021-06-22,Sway Bar Link,Moog,4500,6480
2021-06-23,Distributor Cap,NGK,3800,4670
2021-06-23,Tensioner Pulley,SKF,3200,4180
2021-06-23,Windshield Wiper Blade,Piaa,900,1500
2021-06-25,Gearbox Mount,TRW,7000,9010
2021-06-25,Oxygen Sensor,Bosch,8500,10980
2021-06-25,PCV Valve,Generic,2000,1440
2021-06-26,Fuel Injector,Standard,12000,14400
2021-06-26,Windshield Wiper Blade,Denso,900,1150
2021-06-27,Spark Plug,Local OEM,1500,1170
2021-06-27,Timing Belt,Dayco,9000,12290
2021-06-27,Transmission Fluid Filter,Mann,4500,6020
2021-06-29,Throttle Body,Standard,14000,16820
2021-06-30,Thermostat,Gates,3000,3740
2021-06-30,Tie Rod End,Delphi,6500,7410
2021-06-30,Windshield Wiper Blade,Local OEM,900,700
2021-07-01,Idler Pulley,SKF,2800,3710
2021-07-01,Serpentine Belt,Local OEM,3500,2810
2021-07-01,Starter Motor,Hitachi,22000,26900
2021-07-01,Sway Bar Link,Moog,4500,5210
2021-07-01,Throttle Body,Reconditioned,14000,10230
2021-07-02,Thermostat,Wahler,3000,3710
2021-07-02,Windshield Wiper Blade,Bosch,900,1160
2021-07-03,Battery,Volta,18000,16960
2021-07-03,Fuel Injector,Delphi,12000,16430
2021-07-03,Oxygen Sensor,Delphi,8500,11440
2021-07-03,Shock Absorber,Bilstein,15000,21700
2021-07-04,Battery,Panasonic,18000,24340
2021-07-04,CV Axle,Moog,16000,20120
2021-07-05,Alternator,Bosch,25000,35190
2021-07-06,Clutch Plate,Valeo,15000,19720
2021-07-06,Power Steering Pump,TRW,18000,23720
2021-07-07,CV Boot,GKN,3500,4150
2021-07-08,Mass Air Flow Sensor,Delphi,11000,13600
2021-07-08,Starter Motor,Bosch,22000,27150
2021-07-09,Brake Pad,Akebono,6000,8700
2021-07-11,Brake Pad,Nisshinbo,6000,8020
2021-07-11,Crankshaft Position Sensor,Standard,7500,8910
2021-07-11,Radiator Hose,Local OEM,2500,1920
2021-07-11,Serpentine Belt,Bosch,3500,4350
2021-07-11,Spark Plug,Denso,1500,1820
2021-07-11,Transmission Fluid Filter,Generic,4500,3310
2021-07-11,Windshield Wiper Blade,Piaa,900,1260
2021-07-12,Alternator,Bosch,25000,35400
2021-07-12,Thermostat,Wahler,3000,4080
2021-07-13,Ball Joint,Moog,5000,6830
2021-07-13,Distributor Cap,Standard,3800,4690
2021-07-13,Shock Absorber,Reconditioned,15000,10250
2021-07-13,Transmission Fluid Filter,Local OEM,4500,3880
2021-07-14,Catalytic Converter,Bosal,35000,44190
2021-07-14,Mass Air Flow Sensor,Standard,11000,14030
2021-07-15,Coolant Temperature Sensor,Denso,4000,4450
2021-07-15,Idler Pulley,SKF,2800,3330
2021-07-15,Throttle Body,Delphi,14000,18360
2021-07-16,CV Boot,GKN,3500,4600
2021-07-16,Clutch Plate,Local OEM,15000,13480
2021-07-17,Battery,Bosch,18000,25310
2021-07-18,Fuel Injector,Denso,12000,14830
2021-07-18,Rack and Pinion,Moog,22000,27190
2021-07-18,Windshield Wiper Blade,Valeo,900,1140
2021-07-19,Brake Disc,Local OEM,8000,6620
2021-07-19,Piston Ring,NPR,4000,5580
2021-07-20,Brake Caliper,Delphi,12000,15330
2021-07-20,Catalytic Converter,Local OEM,35000,28720
2021-07-20,Strut Mount,Febi,6000,6810
2021-07-21,Brake Disc,TRW,8000,8710
2021-07-21,Engine Oil Filter,Ryco,2500,3000
2021-07-21,Tensioner Pulley,SKF,3200,4000
2021-07-22,Alternator,Hitachi,25000,28170
2021-07-22,Battery,Bosch,18000,22510
2021-07-22,EGR Valve,Delphi,9500,12110
2021-07-22,Idler Pulley,INA,2800,3570
2021-07-22,Radiator,Denso,20000,26510
2021-07-22,Radiator Hose,Generic,2500,1760
2021-07-22,Timing Belt,Continental,9000,12550
2021-07-23,Serpentine Belt,Bosch,3500,4530
2021-07-24,Power Steering Pump,Delphi,18000,22880
2021-07-24,Rack and Pinion,Moog,22000,27640
2021-07-25,Distributor Cap,Standard,3800,4820
2021-07-25,EGR Valve,Local OEM,9500,7660
2021-07-25,Hub Assembly,Reconditioned,14000,10240
2021-07-26,Ball Joint,Local OEM,5000,3880
2021-07-27,CV Axle,Reconditioned,16000,11100
2021-07-27,Control Arm,TRW,10000,12610
2021-07-27,Fuel Injector,Reconditioned,12000,8410
2021-07-27,PCV Valve,Bosch,2000,2500
2021-07-27,Serpentine Belt,Dayco,3500,4550
2021-07-28,Brake Fluid Hose,Bosch,3000,3790
2021-07-28,Ignition Coil,Denso,7500,9780
2021-07-29,Battery,Bosch,18000,23300
2021-07-29,Brake Fluid Hose,ATE,3000,3450
2021-07-29,Crankshaft Position Sensor,Denso,7500,8340
2021-07-29,Strut Mount,TRW,6000,7320
2021-07-30,Battery,Exide,18000,20250
2021-07-30,Brake Fluid Hose,ATE,3000,3400
2021-07-30,PCV Valve,Generic,2000,1360
2021-07-30,Throttle Body,Delphi,14000,19560
2021-07-30,Wiring Harness,Delphi,15000,18830
2021-07-31,Mass Air Flow Sensor,Standard,11000,14370
2021-07-31,Rack and Pinion,Delphi,22000,29490
2021-08-01,Ball Joint,TRW,5000,7040
2021-08-01,Rack and Pinion,Moog,22000,27240
2021-08-01,Radiator Hose,Bosch,2500,2910
2021-08-01,Shock Absorber,Reconditioned,15000,10180
2021-08-01,Tensioner Pulley,Dayco,3200,4460
2021-08-02,Distributor Cap,Denso,3800,4300
2021-08-02,Shock Absorber,Reconditioned,15000,10110
2021-08-02,Tie Rod End,Local OEM,6500,5350
2021-08-02,Timing Belt,Gates,9000,11760
2021-08-02,Water Pump,Bosch,12000,14870
2021-08-03,Fuse,Local OEM,200,150
2021-08-03,Oxygen Sensor,Denso,8500,11030
2021-08-04,EGR Valve,Pierburg,9500,14090
2021-08-04,Radiator,Denso,20000,25170
2021-08-05,Air Filter,Denso,1800,2150
2021-08-05,Ball Joint,Delphi,5000,6620
2021-08-05,Crankshaft Position Sensor,Local OEM,7500,6010
2021-08-05,Spark Plug,Champion,1500,1700
2021-08-05,Starter Motor,Local OEM,22000,19290
2021-08-06,Hub Assembly,FAG,14000,17250
2021-08-07,Alternator,Bosch,25000,33840
2021-08-07,Idler Pulley,Gates,2800,3340
2021-08-07,Mass Air Flow Sensor,Delphi,11000,13980
2021-08-07,Strut Mount,Local OEM,6000,5000
2021-08-07,Thermostat,Bosch,3000,3030
2021-08-08,Alternator,Bosch,25000,30240
2021-08-08,Coolant Temperature Sensor,Denso,4000,4600
2021-08-08,Distributor Cap,Bosch,3800,5340
2021-08-08,Hub Assembly,SKF,14000,21350
2021-08-09,Sway Bar Link,Local OEM,4500,3690
2021-08-10,Cabin Air Filter,Mann,2200,2790
2021-08-10,Idler Pulley,SKF,2800,3680
2021-08-11,EGR Valve,Denso,9500,11880
2021-08-12,Brake Caliper,Brembo,12000,19290
2021-08-13,Engine Oil Filter,Fram,2500,2700
2021-08-13,Rack and Pinion,Delphi,22000,28330
2021-08-13,Thermostat,Denso,3000,3690
2021-08-13,Wheel Bearing,Local OEM,10000,8350
2021-08-14,Crankshaft Position Sensor,Bosch,7500,10200
2021-08-14,Spark Plug,Denso,1500,1740
2021-08-14,Wheel Bearing,Local OEM,10000,9170
2021-08-15,Alternator,Hitachi,25000,30950
2021-08-16,Alternator,Denso,25000,36440
2021-08-17,Distributor Cap,Denso,3800,4660
2021-08-17,Idler Pulley,SKF,2800,3560
2021-08-17,Power Steering Pump,Delphi,18000,21180
2021-08-17,Throttle Body,Delphi,14000,16450
2021-08-18,Battery,Amaron,18000,20160
2021-08-18,Control Arm,Febest,10000,11440
2021-08-18,Coolant Temperature Sensor,Delphi,4000,4890
2021-08-19,Tensioner Pulley,SKF,3200,4000
2021-08-20,Hub Assembly,Local OEM,14000,9610
2021-08-21,Clutch Plate,Valeo,15000,19710
2021-08-21,Ignition Coil,NGK,7500,8020
2021-08-22,Brake Pad,Nisshinbo,6000,8810
2021-08-22,CV Boot,Local OEM,3500,2860
2021-08-22,EGR Valve,Denso,9500,11220
2021-08-22,Piston Ring,Federal-Mogul,4000,5240
2021-08-22,Starter Motor,Hitachi,22000,25160
2021-08-23,Oxygen Sensor,NGK,8500,11880
2021-08-23,PCV Valve,Febi,2000,2370
2021-08-23,Tensioner Pulley,SKF,3200,3570
2021-08-23,Water Pump,Graf,12000,11330
2021-08-24,Catalytic Converter,Walker,35000,41300
2021-08-24,Serpentine Belt,Gates,3500,5030
2021-08-25,Clutch Plate,Exedy,15000,18920
2021-08-25,Idler Pulley,SKF,2800,3340
2021-08-25,PCV Valve,Delphi,2000,2460
2021-08-26,EGR Valve,Pierburg,9500,14100
2021-08-27,Brake Disc,DBA,8000,10450
2021-08-27,Control Arm,Febest,10000,13480
2021-08-27,Oxygen Sensor,Denso,8500,11420
2021-08-28,Wheel Bearing,Local OEM,10000,7710
2021-08-29,CV Axle,Reconditioned,16000,9930
2021-08-29,Cabin Air Filter,Local OEM,2200,1640
2021-08-29,Piston Ring,Federal-Mogul,4000,4900
2021-08-29,Water Pump,Gates,12000,15740
2021-08-29,Windshield Wiper Blade,Valeo,900,1120
2021-08-30,Brake Fluid Hose,Febi,3000,3150
2021-08-30,Mass Air Flow Sensor,Denso,11000,15190
2021-08-30,Strut Mount,Lemforder,6000,7160
2021-08-30,Wiring Harness,Delphi,15000,20200
2021-08-31,Fuse,Bussmann,200,240
2021-08-31,Hub Assembly,Timken,14000,17270
2021-08-31,Ignition Coil,Denso,7500,9830
2021-08-31,Strut Mount,Febi,6000,6290
2021-08-31,Thermostat,Local OEM,3000,2670
2021-08-31,Water Pump,Aisin,12000,15620
2021-09-01,Camshaft Position Sensor,Denso,7000,10740
2021-09-01,Crankshaft Position Sensor,Denso,7500,11170
2021-09-01,Distributor Cap,Bosch,3800,5110
2021-09-01,Piston Ring,Goetze,4000,5160
2021-09-02,Alternator,Hitachi,25000,26470
2021-09-02,CV Axle,Moog,16000,19940
2021-09-02,Distributor Cap,Denso,3800,5010
2021-09-02,Hub Assembly,NSK,14000,17830
2021-09-02,Tie Rod End,TRW,6500,8130
2021-09-02,Wiring Harness,Bosch,15000,20800
2021-09-03,Brake Disc,ATE,8000,9380
2021-09-03,EGR Valve,Pierburg,9500,13850
2021-09-03,Radiator,Nissens,20000,25180
2021-09-04,Piston Ring,Federal-Mogul,4000,5210
2021-09-05,Brake Caliper,Local OEM,12000,10710
2021-09-05,Brake Pad,TRW,6000,7060
2021-09-05,Piston Ring,Federal-Mogul,4000,4780
2021-09-05,Rack and Pinion,Delphi,22000,29160
2021-09-06,Brake Fluid Hose,ATE,3000,3000
2021-09-07,Throttle Body,Standard,14000,16630
2021-09-07,Tie Rod End,TRW,6500,8370
2021-09-07,Timing Belt,Local OEM,9000,6780
2021-09-08,Brake Caliper,TRW,12000,16650
2021-09-08,Radiator,Mishimoto,20000,27660
2021-09-08,Starter Motor,Local OEM,22000,17770
2021-09-09,Crankshaft Position Sensor,Local OEM,7500,5550
2021-09-09,Fuse,Bosch,200,250
2021-09-09,Tie Rod End,Moog,6500,7630
2021-09-09,Timing Belt,Contitech,9000,11850
2021-09-09,Wheel Bearing,Timken,10000,13670
2021-09-11,Ignition Coil,Denso,7500,9480
2021-09-11,Radiator,Denso,20000,27050
2021-09-11,Tie Rod End,Delphi,6500,8740
2021-09-12,EGR Valve,Local OEM,9500,8770
2021-09-12,Idler Pulley,Dayco,2800,3420
2021-09-12,Thermostat,Local OEM,3000,2480
2021-09-12,Wheel Bearing,Local OEM,10000,8290
2021-09-13,Battery,Panasonic,18000,21290
2021-09-13,Tensioner Pulley,Local OEM,3200,2770
2021-09-14,Brake Fluid Hose,Febi,3000,3100
2021-09-14,Piston Ring,Mahle,4000,5880
2021-09-14,Thermostat,Wahler,3000,3560
2021-09-15,Alternator,Denso,25000,30670
2021-09-15,Camshaft Position Sensor,Standard,7000,7690
2021-09-15,Coolant Temperature Sensor,Delphi,4000,4770
2021-09-16,Air Filter,Local OEM,1800,1450
2021-09-16,Brake Pad,Brembo,6000,9910
2021-09-16,Fuel Injector,Delphi,12000,15550
2021-09-16,PCV Valve,Generic,2000,1360
2021-09-16,Piston Ring,Mahle,4000,5000
2021-09-16,Shock Absorber,Local OEM,15000,12780
2021-09-16,Tensioner Pulley,SKF,3200,3700
2021-09-17,Power Steering Pump,Bosch,18000,22720
2021-09-17,Radiator Hose,Generic,2500,1820
2021-09-17,Strut Mount,Moog,6000,6950
2021-09-18,Ball Joint,Delphi,5000,5470
2021-09-18,Engine Oil Filter,Local OEM,2500,1910
2021-09-18,Fuse,Generic,200,110
2021-09-18,PCV Valve,Local OEM,2000,1540
2021-09-19,Coolant Temperature Sensor,Delphi,4000,5180
2021-09-19,Throttle Body,Denso,14000,17910
2021-09-19,Timing Belt,Dayco,9000,9850
2021-09-22,Gearbox Mount,TRW,7000,9910
2021-09-23,Cabin Air Filter,Local OEM,2200,1770
2021-09-23,PCV Valve,Bosch,2000,2780
2021-09-23,Rack and Pinion,TRW,22000,27350
2021-09-23,Starter Motor,Hitachi,22000,25770
2021-09-23,Tie Rod End,Delphi,6500,7280
2021-09-24,Transmission Fluid Filter,Febi,4500,5750
2021-09-25,CV Boot,GKN,3500,4350
2021-09-25,Camshaft Position Sensor,Delphi,7000,9790
2021-09-25,Clutch Plate,Exedy,15000,20700
2021-09-25,Power Steering Pump,Delphi,18000,22090
2021-09-25,Wiring Harness,Delphi,15000,20010
2021-09-26,Mass Air Flow Sensor,Delphi,11000,14690
2021-09-26,Water Pump,Gates,12000,14550
2021-09-27,Mass Air Flow Sensor,Bosch,11000,15770
2021-09-27,Serpentine Belt,Dayco,3500,4900
2021-09-27,Spark Plug,Champion,1500,1700
2021-09-27,Wheel Bearing,NTN,10000,14230
2021-09-27,Wiring Harness,Bosch,15000,19240
2021-09-28,Thermostat,Local OEM,3000,2710
2021-09-30,Camshaft Position Sensor,Delphi,7000,8890
2021-10-01,Brake Caliper,Reconditioned,12000,6920
2021-10-01,Crankshaft Position Sensor,Standard,7500,8690
2021-10-01,Power Steering Pump,Bosch,18000,21890
2021-10-01,Starter Motor,Bosch,22000,27320
2021-10-02,Brake Fluid Hose,Local OEM,3000,2410
2021-10-02,CV Boot,GKN,3500,3820
2021-10-02,Fuse,Bussmann,200,230
2021-10-03,Catalytic Converter,Bosal,35000,43980
2021-10-03,Power Steering Pump,Reconditioned,18000,10030
2021-10-03,Throttle Body,Bosch,14000,17330
2021-10-03,Water Pump,Graf,12000,13380
2021-10-04,Timing Belt,Dayco,9000,11930
2021-10-05,Brake Fluid Hose,Local OEM,3000,2290
2021-10-05,CV Axle,Febest,16000,19470
2021-10-05,Camshaft Position Sensor,Delphi,7000,9420
2021-10-05,Strut Mount,TRW,6000,7720
2021-10-06,EGR Valve,Local OEM,9500,8460
2021-10-06,Timing Belt,Dayco,9000,11430
2021-10-06,Wiring Harness,Generic,15000,10270
2021-10-07,Air Filter,Ryco,1800,2260
2021-10-07,Crankshaft Position Sensor,Bosch,7500,11200
2021-10-07,Shock Absorber,KYB,15000,19600
2021-10-07,Windshield Wiper Blade,Generic,900,620
2021-10-08,Distributor Cap,Local OEM,3800,3160
2021-10-08,Fuel Injector,Delphi,12000,15980
2021-10-08,Ignition Coil,Denso,7500,10400
2021-10-09,Mass Air Flow Sensor,Bosch,11000,14700
2021-10-09,Radiator,Denso,20000,24960
2021-10-10,Rack and Pinion,Delphi,22000,30570
2021-10-10,Shock Absorber,Bilstein,15000,23850
2021-10-10,Sway Bar Link,Febest,4500,6160
2021-10-11,Power Steering Pump,Reconditioned,18000,11660
2021-10-12,Control Arm,Febest,10000,11880
2021-10-12,Piston Ring,Goetze,4000,5740
2021-10-12,Rack and Pinion,Reconditioned,22000,14490
2021-10-13,Strut Mount,Moog,6000,6820
2021-10-13,Timing Belt,Dayco,9000,12450
2021-10-14,Control Arm,Febest,10000,15120
2021-10-14,Engine Oil Filter,Local OEM,2500,1720
2021-10-14,Thermostat,Bosch,3000,3080
2021-10-15,CV Axle,Reconditioned,16000,10250
2021-10-15,EGR Valve,Pierburg,9500,14300
2021-10-15,Fuse,Local OEM,200,180
2021-10-15,Gearbox Mount,TRW,7000,7740
2021-10-15,Wiring Harness,Sumitomo,15000,21640
2021-10-16,Brake Pad,Bosch,6000,6630
2021-10-17,Battery,Local Brand,18000,16760
2021-10-17,CV Boot,GKN,3500,4340
2021-10-17,Control Arm,Febest,10000,13620
2021-10-17,Engine Oil Filter,Bosch,2500,3260
2021-10-17,Serpentine Belt,Continental,3500,4910
2021-10-18,Fuse,Bosch,200,260
2021-10-18,Power Steering Pump,TRW,18000,22200
2021-10-18,Rack and Pinion,Delphi,22000,26520
2021-10-19,Battery,Panasonic,18000,23070
2021-10-19,Brake Pad,Nisshinbo,6000,7320
2021-10-19,CV Boot,TRW,3500,4520
2021-10-19,Camshaft Position Sensor,Delphi,7000,9780
2021-10-19,Ignition Coil,Delphi,7500,9050
2021-10-19,Oxygen Sensor,NGK,8500,9790
2021-10-19,Thermostat,Local OEM,3000,2340
2021-10-20,Brake Disc,Brembo,8000,12940
2021-10-20,Fuel Injector,Delphi,12000,15870
2021-10-20,PCV Valve,Generic,2000,1410
2021-10-20,Spark Plug,NGK,1500,2000
2021-10-20,Sway Bar Link,Local OEM,4500,3940
2021-10-20,Thermostat,Denso,3000,3920
2021-10-20,Wheel Bearing,SKF,10000,15000
2021-10-21,Brake Pad,Nisshinbo,6000,7420
2021-10-21,Catalytic Converter,Local OEM,35000,31170
2021-10-21,EGR Valve,Pierburg,9500,14560
2021-10-21,Idler Pulley,INA,2800,3590
2021-10-22,Brake Caliper,TRW,12000,14910
2021-10-22,Cabin Air Filter,Mann,2200,2800
2021-10-22,Clutch Plate,Local OEM,15000,10980
2021-10-22,Rack and Pinion,Reconditioned,22000,14070
2021-10-22,Throttle Body,Denso,14000,17250
2021-10-23,Alternator,Local OEM,25000,21560
2021-10-23,Brake Disc,ATE,8000,12120
2021-10-23,Cabin Air Filter,Bosch,2200,2840
2021-10-23,Camshaft Position Sensor,Delphi,7000,9200
2021-10-23,Strut Mount,Local OEM,6000,4890
2021-10-23,Throttle Body,Denso,14000,17260
2021-10-24,Battery,Panasonic,18000,21040
2021-10-24,CV Boot,GKN,3500,4640
2021-10-24,Camshaft Position Sensor,Standard,7000,9240
2021-10-24,Shock Absorber,KYB,15000,20120
2021-10-24,Starter Motor,Hitachi,22000,23450
2021-10-25,Fuse,Generic,200,130
2021-10-25,Rack and Pinion,TRW,22000,31180
2021-10-25,Windshield Wiper Blade,Valeo,900,1050
2021-10-26,Catalytic Converter,Walker,35000,37810
2021-10-26,Fuel Injector,Bosch,12000,17830
2021-10-26,Wheel Bearing,NSK,10000,13520
2021-10-27,Coolant Temperature Sensor,Delphi,4000,5310
2021-10-28,Cabin Air Filter,Bosch,2200,2620
2021-10-28,Coolant Temperature Sensor,Denso,4000,4860
2021-10-29,CV Axle,Febest,16000,19960
2021-10-29,Crankshaft Position Sensor,Delphi,7500,11070
2021-10-29,Tensioner Pulley,SKF,3200,3680
2021-10-30,Air Filter,Bosch,1800,2260
2021-10-30,CV Axle,Moog,16000,21090
2021-10-30,Spark Plug,Champion,1500,1820
2021-11-01,Ball Joint,Reconditioned,5000,3500
2021-11-01,Brake Disc,TRW,8000,9940
2021-11-01,Transmission Fluid Filter,Local OEM,4500,3910
2021-11-02,Brake Caliper,Delphi,12000,16930
2021-11-02,Wheel Bearing,Timken,10000,13480
2021-11-03,Ball Joint,Local OEM,5000,3690
2021-11-03,Brake Fluid Hose,ATE,3000,3650
2021-11-03,Cabin Air Filter,Mann,2200,2920
2021-11-03,Clutch Plate,LUK,15000,20920
2021-11-03,Starter Motor,Bosch,22000,30790
2021-11-04,CV Boot,GKN,3500,4530
2021-11-04,Engine Oil Filter,Local OEM,2500,1920
2021-11-04,Starter Motor,Reconditioned,22000,13820
2021-11-05,Air Filter,Local OEM,1800,1370
2021-11-06,Brake Disc,Bosch,8000,10110
2021-11-06,Cabin Air Filter,Mann,2200,2980
2021-11-06,Fuel Injector,Bosch,12000,16900
2021-11-06,Sway Bar Link,TRW,4500,5810
2021-11-07,Brake Pad,Local OEM,6000,5000
2021-11-07,Throttle Body,Standard,14000,17220
2021-11-08,Coolant Temperature Sensor,Bosch,4000,5340
2021-11-08,PCV Valve,Febi,2000,2840
2021-11-08,Tie Rod End,Moog,6500,9390
2021-11-08,Wiring Harness,Delphi,15000,20520
2021-11-09,Shock Absorber,KYB,15000,19080
2021-11-10,Rack and Pinion,Moog,22000,31410
2021-11-12,Coolant Temperature Sensor,Local OEM,4000,4120
2021-11-12,Fuse,Generic,200,110
2021-11-13,Alternator,Hitachi,25000,27100
2021-11-13,Camshaft Position Sensor,Delphi,7000,8450
2021-11-13,PCV Valve,Bosch,2000,2580
2021-11-13,Sway Bar Link,Local OEM,4500,3360
2021-11-13,Thermostat,Bosch,3000,3750
2021-11-13,Transmission Fluid Filter,Bosch,4500,5590
2021-11-14,Coolant Temperature Sensor,Local OEM,4000,3140
2021-11-14,Serpentine Belt,Gates,3500,4670
2021-11-15,Control Arm,Febi,10000,11250
2021-11-15,Timing Belt,Contitech,9000,12620
2021-11-16,Sway Bar Link,Febest,4500,5740
2021-11-17,Power Steering Pump,Local OEM,18000,14860
2021-11-17,Thermostat,Bosch,3000,3740
2021-11-18,Ball Joint,Moog,5000,6050
2021-11-18,Brake Caliper,TRW,12000,15800
2021-11-18,Catalytic Converter,Magnaflow,35000,48980
2021-11-18,Rack and Pinion,Local OEM,22000,20530
2021-11-18,Windshield Wiper Blade,Denso,900,1220
2021-11-18,Wiring Harness,Delphi,15000,21280
2021-11-19,PCV Valve,Generic,2000,1550
2021-11-20,Oxygen Sensor,Delphi,8500,10930
2021-11-21,Brake Disc,TRW,8000,10690
2021-11-21,Fuel Injector,Standard,12000,15120
2021-11-21,Gearbox Mount,TRW,7000,9610
2021-11-21,Tensioner Pulley,Gates,3200,4170
2021-11-22,Control Arm,Febi,10000,12200
2021-11-22,Windshield Wiper Blade,Piaa,900,1160
2021-11-23,Brake Fluid Hose,Local OEM,3000,2410
2021-11-23,CV Boot,TRW,3500,4600
2021-11-24,Air Filter,Mann,1800,2340
2021-11-24,Battery,Exide,18000,20960
2021-11-24,Brake Disc,Local OEM,8000,6120
2021-11-24,Coolant Temperature Sensor,Bosch,4000,5490
2021-11-25,Thermostat,Local OEM,3000,2630
2021-11-26,Transmission Fluid Filter,Bosch,4500,5420
2021-11-27,Radiator Hose,Bosch,2500,2790
2021-11-27,Transmission Fluid Filter,Bosch,4500,5630
2021-11-28,Alternator,Local OEM,25000,18980
2021-11-29,Throttle Body,Delphi,14000,18520
2021-12-01,Distributor Cap,Standard,3800,4280
2021-12-01,Piston Ring,Local OEM,4000,3900
2021-12-02,Control Arm,Febest,10000,12970
2021-12-02,Wiring Harness,Bosch,15000,18060
2021-12-03,Hub Assembly,NSK,14000,18670
2021-12-03,Windshield Wiper Blade,Denso,900,1130
2021-12-04,Camshaft Position Sensor,Local OEM,7000,5510
2021-12-04,Radiator Hose,Generic,2500,1760
2021-12-04,Starter Motor,Mitsubishi,22000,25810
2021-12-04,Tensioner Pulley,Dayco,3200,4390
2021-12-05,Catalytic Converter,Local OEM,35000,31370
2021-12-06,Engine Oil Filter,Local OEM,2500,1910
2021-12-07,EGR Valve,Bosch,9500,13520
2021-12-07,Power Steering Pump,Local OEM,18000,14600
2021-12-07,Radiator,Nissens,20000,27240
2021-12-07,Tie Rod End,TRW,6500,8630
2021-12-08,Radiator,Nissens,20000,24530
2021-12-08,Strut Mount,Moog,6000,8260
2021-12-08,Wheel Bearing,NSK,10000,14120
2021-12-09,Engine Oil Filter,Bosch,2500,3300
2021-12-11,Brake Fluid Hose,Febi,3000,3620
2021-12-11,Cabin Air Filter,Local OEM,2200,1490
2021-12-11,Fuse,Littelfuse,200,260
2021-12-11,Radiator Hose,Dayco,2500,3260
2021-12-11,Tensioner Pulley,SKF,3200,4600
2021-12-11,Throttle Body,Denso,14000,19270
2021-12-12,Battery,Bosch,18000,23020
2021-12-12,Cabin Air Filter,Local OEM,2200,1610
2021-12-12,Hub Assembly,Local OEM,14000,10940
2021-12-13,Air Filter,Denso,1800,2250
2021-12-13,Brake Pad,Bosch,6000,6930
2021-12-13,CV Boot,GKN,3500,4650
2021-12-13,Fuse,Bussmann,200,220
2021-12-14,CV Boot,Generic,3500,2300
2021-12-14,Throttle Body,Standard,14000,16810
2021-12-15,Ball Joint,Reconditioned,5000,3520
2021-12-16,Brake Caliper,Delphi,12000,15130
2021-12-16,Control Arm,Moog,10000,14160
2021-12-16,Distributor Cap,Bosch,3800,4640
2021-12-16,Idler Pulley,SKF,2800,3730
2021-12-16,Radiator,Reconditioned,20000,11910
2021-12-17,Serpentine Belt,Dayco,3500,4480
2021-12-19,Brake Pad,Bosch,6000,8450
2021-12-19,Clutch Plate,Sachs,15000,19920
2021-12-21,Distributor Cap,Local OEM,3800,2810
2021-12-21,Oxygen Sensor,Local OEM,8500,8640
2021-12-21,Piston Ring,Local OEM,4000,3570
2021-12-22,Hub Assembly,Local OEM,14000,11890
2021-12-22,Mass Air Flow Sensor,Standard,11000,13760
2021-12-22,Water Pump,Graf,12000,12490
2021-12-23,Brake Disc,DBA,8000,12770
2021-12-23,Brake Pad,Nisshinbo,6000,8320
2021-12-23,Mass Air Flow Sensor,Bosch,11000,16090
2021-12-23,Serpentine Belt,Local OEM,3500,2760
2021-12-23,Timing Belt,Local OEM,9000,7490
2021-12-24,Clutch Plate,Exedy,15000,21090
2021-12-24,Gearbox Mount,Febi,7000,10100
2021-12-24,Timing Belt,Dayco,9000,11240
2021-12-25,Crankshaft Position Sensor,Standard,7500,8540
2021-12-25,Fuel Injector,Standard,12000,14300
2021-12-26,Catalytic Converter,Magnaflow,35000,51350
2021-12-26,Fuse,Bosch,200,260
2021-12-26,Water Pump,Gates,12000,14630
2021-12-27,Battery,Volta,18000,18780
2021-12-27,Coolant Temperature Sensor,Local OEM,4000,3340
2021-12-27,Engine Oil Filter,Local OEM,2500,1900
2021-12-27,Fuel Injector,Delphi,12000,18350
2021-12-27,Gearbox Mount,Local OEM,7000,6510
2021-12-27,Radiator Hose,Local OEM,2500,2130
2021-12-27,Shock Absorber,Sachs,15000,19120
2021-12-27,Starter Motor,Mitsubishi,22000,27680
2021-12-28,Battery,Bosch,18000,21760
2021-12-28,Camshaft Position Sensor,Delphi,7000,9200
2021-12-28,Distributor Cap,NGK,3800,5590
2021-12-28,Engine Oil Filter,Denso,2500,3350
2021-12-28,Rack and Pinion,Delphi,22000,28600
2021-12-28,Starter Motor,Reconditioned,22000,12020
2021-12-28,Tie Rod End,Febest,6500,8500
2021-12-29,Starter Motor,Denso,22000,27440
2021-12-30,Engine Oil Filter,Fram,2500,2980
2021-12-30,Ignition Coil,Local OEM,7500,7010
2022-01-01,Ball Joint,Febest,5000,9720
2022-01-01,Fuel Injector,Delphi,12000,26580
2022-01-01,Idler Pulley,INA,2800,5620
2022-01-01,Starter Motor,Mitsubishi,22000,39450
2022-01-02,CV Axle,Local OEM,16000,20540
2022-01-02,Ignition Coil,Denso,7500,15520
2022-01-02,Piston Ring,Goetze,4000,8660
2022-01-02,Wiring Harness,Delphi,15000,30000
2022-01-03,Brake Caliper,ATE,12000,24350
2022-01-03,Distributor Cap,Bosch,3800,7890
2022-01-03,Ignition Coil,Bosch,7500,14890
2022-01-04,Clutch Plate,Reconditioned,15000,16230
2022-01-05,Camshaft Position Sensor,Standard,7000,14410
2022-01-05,Control Arm,Moog,10000,21050
2022-01-05,Fuel Injector,Delphi,12000,24570
2022-01-05,Sway Bar Link,Febi,4500,9200
2022-01-05,Throttle Body,Standard,14000,28570
2022-01-05,Wheel Bearing,SKF,10000,24840
2022-01-06,Crankshaft Position Sensor,Denso,7500,13490
2022-01-06,Idler Pulley,Gates,2800,5390
2022-01-06,Shock Absorber,Local OEM,15000,19360
2022-01-07,Clutch Plate,Valeo,15000,27940
2022-01-07,Coolant Temperature Sensor,Denso,4000,7090
2022-01-07,Hub Assembly,Timken,14000,31390
2022-01-08,Brake Fluid Hose,Generic,3000,3050
2022-01-08,Fuse,Bussmann,200,360
2022-01-08,Throttle Body,Denso,14000,29180
2022-01-08,Wiring Harness,Delphi,15000,25590
2022-01-09,Alternator,Bosch,25000,55930
2022-01-09,CV Boot,Local OEM,3500,4310
2022-01-09,Fuse,Bussmann,200,360
2022-01-09,Water Pump,Graf,12000,23250
2022-01-10,Ignition Coil,Local OEM,7500,8780
2022-01-11,CV Axle,Local OEM,16000,20770
2022-01-11,Camshaft Position Sensor,Delphi,7000,13960
2022-01-11,Clutch Plate,Valeo,15000,35170
2022-01-11,Control Arm,Febest,10000,18990
2022-01-11,Ignition Coil,Delphi,7500,13670
2022-01-11,Piston Ring,Mahle,4000,8420
2022-01-11,Shock Absorber,KYB,15000,31050
2022-01-11,Sway Bar Link,Febi,4500,8210
2022-01-12,Mass Air Flow Sensor,Bosch,11000,23640
2022-01-12,Oxygen Sensor,Bosch,8500,19320
2022-01-12,Radiator,Koyo,20000,41560
2022-01-12,Wheel Bearing,Timken,10000,20490
2022-01-13,Power Steering Pump,Local OEM,18000,27020
2022-01-13,Transmission Fluid Filter,Generic,4500,5440
2022-01-14,Brake Pad,Nisshinbo,6000,12350
2022-01-15,Cabin Air Filter,Bosch,2200,4440
2022-01-15,Crankshaft Position Sensor,Standard,7500,14040
2022-01-15,EGR Valve,Denso,9500,17640
2022-01-16,PCV Valve,Febi,2000,3650
2022-01-16,Rack and Pinion,Reconditioned,22000,21480
2022-01-17,Distributor Cap,Bosch,3800,6520
2022-01-17,Fuse,Bosch,200,360
2022-01-17,Throttle Body,Denso,14000,28180
2022-01-18,Brake Caliper,Reconditioned,12000,12500
2022-01-18,Fuel Injector,Denso,12000,28000
2022-01-18,Piston Ring,NPR,4000,7260
2022-01-18,Spark Plug,Local OEM,1500,2190
2022-01-19,Alternator,Denso,25000,44480
2022-01-19,Brake Pad,Brembo,6000,13210
2022-01-19,Cabin Air Filter,Denso,2200,4440
2022-01-19,Control Arm,Febest,10000,19260
2022-01-19,Hub Assembly,Timken,14000,30710
2022-01-20,Brake Caliper,Brembo,12000,27870
2022-01-20,Rack and Pinion,TRW,22000,46280
2022-01-20,Starter Motor,Denso,22000,39450
2022-01-20,Timing Belt,Continental,9000,19420
2022-01-21,Piston Ring,Goetze,4000,7360
2022-01-22,Brake Pad,Bosch,6000,11370
2022-01-23,Brake Fluid Hose,ATE,3000,5270
2022-01-23,Shock Absorber,Local OEM,15000,21500
2022-01-24,Battery,Local Brand,18000,24270
2022-01-24,Cabin Air Filter,Denso,2200,4410
2022-01-24,Control Arm,TRW,10000,20610
2022-01-24,Mass Air Flow Sensor,Denso,11000,23100
2022-01-24,Power Steering Pump,Hitachi,18000,33400
2022-01-24,Radiator,Koyo,20000,40880
2022-01-24,Shock Absorber,Reconditioned,15000,14890
2022-01-24,Transmission Fluid Filter,Bosch,4500,8860
2022-01-25,Battery,Volta,18000,26460
2022-01-25,Brake Fluid Hose,Bosch,3000,5790
2022-01-25,Idler Pulley,Gates,2800,5660
2022-01-25,Sway Bar Link,Moog,4500,9470
2022-01-26,CV Boot,Local OEM,3500,4030
2022-01-26,Piston Ring,NPR,4000,7510
2022-01-27,Engine Oil Filter,Fram,2500,4200
2022-01-28,Brake Caliper,Brembo,12000,27720
2022-01-28,Brake Disc,Bosch,8000,17140
2022-01-28,EGR Valve,Pierburg,9500,18740
2022-01-28,Starter Motor,Bosch,22000,42190
2022-01-28,Thermostat,Denso,3000,5670
2022-01-29,Cabin Air Filter,Local OEM,2200,2750
2022-01-29,Fuel Injector,Bosch,12000,27990
2022-01-29,Water Pump,Gates,12000,23580
2022-01-30,CV Boot,GKN,3500,6560
2022-01-30,Fuse,Littelfuse,200,380
2022-01-30,Sway Bar Link,Febest,4500,7610
2022-01-31,Catalytic Converter,Magnaflow,35000,68180
2022-01-31,Starter Motor,Denso,22000,42720
2022-02-01,Control Arm,TRW,10000,18870
2022-02-01,Distributor Cap,Denso,3800,7800
2022-02-01,Ignition Coil,Local OEM,7500,9860
2022-02-01,Radiator,Mishimoto,20000,45970
2022-02-01,Tie Rod End,Delphi,6500,11480
2022-02-01,Water Pump,Gates,12000,20550
2022-02-02,CV Axle,Moog,16000,30740
2022-02-02,EGR Valve,Delphi,9500,19730
2022-02-02,Engine Oil Filter,Denso,2500,4280
2022-02-02,Fuel Injector,Standard,12000,21810
2022-02-02,Tie Rod End,Delphi,6500,12680
2022-02-03,Catalytic Converter,Bosal,35000,68230
2022-02-03,Shock Absorber,Bilstein,15000,31380
2022-02-03,Windshield Wiper Blade,Generic,900,840
2022-02-04,Brake Fluid Hose,Generic,3000,2900
2022-02-04,Engine Oil Filter,Mann,2500,4940
2022-02-04,Hub Assembly,NSK,14000,25960
2022-02-04,Idler Pulley,Gates,2800,5080
2022-02-04,Tensioner Pulley,Dayco,3200,5950
2022-02-04,Tie Rod End,Delphi,6500,12120
2022-02-05,Air Filter,Local OEM,1800,2000
2022-02-05,Cabin Air Filter,Mann,2200,4910
2022-02-05,Hub Assembly,Local OEM,14000,16960
2022-02-05,Strut Mount,Moog,6000,11940
2022-02-05,Tie Rod End,TRW,6500,12940
2022-02-05,Timing Belt,Local OEM,9000,11290
2022-02-06,Alternator,Hitachi,25000,43040
2022-02-07,Tensioner Pulley,INA,3200,5750
2022-02-07,Windshield Wiper Blade,Generic,900,920
2022-02-07,Wiring Harness,Bosch,15000,30960
2022-02-08,Power Steering Pump,TRW,18000,35370
2022-02-08,Radiator,Denso,20000,38800
2022-02-08,Spark Plug,NGK,1500,3360
2022-02-09,Ball Joint,Local OEM,5000,5840
2022-02-10,Air Filter,Bosch,1800,3710
2022-02-10,Strut Mount,TRW,6000,11980
2022-02-10,Thermostat,Wahler,3000,5290
2022-02-11,Coolant Temperature Sensor,Delphi,4000,6690
2022-02-11,Throttle Body,Standard,14000,25080
2022-02-11,Tie Rod End,Febest,6500,10930
2022-02-12,Brake Fluid Hose,ATE,3000,5520
2022-02-12,Starter Motor,Reconditioned,22000,18040
2022-02-12,Water Pump,Reconditioned,12000,11060
2022-02-13,Air Filter,K&N,1800,4230
2022-02-13,Crankshaft Position Sensor,Local OEM,7500,9740
2022-02-14,Battery,Volta,18000,29780
2022-02-14,Gearbox Mount,Lemforder,7000,13600
2022-02-14,Mass Air Flow Sensor,Denso,11000,21700
2022-02-14,Piston Ring,Mahle,4000,7560
2022-02-14,Windshield Wiper Blade,Piaa,900,2030
2022-02-15,Catalytic Converter,Reconditioned,35000,30210
2022-02-15,Idler Pulley,SKF,2800,5580
2022-02-15,Starter Motor,Mitsubishi,22000,41300
2022-02-16,Cabin Air Filter,Mann,2200,4140
2022-02-16,Camshaft Position Sensor,Denso,7000,14420
2022-02-16,Ignition Coil,Bosch,7500,16570
2022-02-16,Throttle Body,Denso,14000,31160
2022-02-16,Wheel Bearing,NTN,10000,18520
2022-02-17,Ball Joint,Delphi,5000,10050
2022-02-17,Brake Fluid Hose,ATE,3000,5790
2022-02-17,Coolant Temperature Sensor,Delphi,4000,7670
2022-02-17,Tensioner Pulley,Dayco,3200,5200
2022-02-17,Tie Rod End,Delphi,6500,11490
2022-02-19,Rack and Pinion,TRW,22000,43570
2022-02-19,Water Pump,Gates,12000,26610
2022-02-20,Cabin Air Filter,Local OEM,2200,2440
2022-02-20,Transmission Fluid Filter,Febi,4500,7680
2022-02-21,Battery,Local Brand,18000,19930
2022-02-21,Cabin Air Filter,Denso,2200,3860
2022-02-21,Wheel Bearing,NTN,10000,20450
2022-02-22,Mass Air Flow Sensor,Delphi,11000,21610
2022-02-22,Radiator Hose,Dayco,2500,4430
2022-02-22,Throttle Body,Standard,14000,25410
2022-02-22,Tie Rod End,Febest,6500,12220
2022-02-23,Battery,Amaron,18000,32040
2022-02-23,Hub Assembly,Timken,14000,23530
2022-02-23,Shock Absorber,Reconditioned,15000,12650
2022-02-23,Thermostat,Wahler,3000,5790
2022-02-23,Timing Belt,Gates,9000,20150
2022-02-24,CV Axle,Moog,16000,33430
2022-02-24,EGR Valve,Denso,9500,19570
2022-02-24,Power Steering Pump,Local OEM,18000,20850
2022-02-25,Fuel Injector,Bosch,12000,27940
2022-02-25,Idler Pulley,Local OEM,2800,3930
2022-02-25,Oxygen Sensor,Denso,8500,15110
2022-02-25,Radiator Hose,Dayco,2500,4100
2022-02-26,Catalytic Converter,Bosal,35000,72660
2022-02-26,Engine Oil Filter,Local OEM,2500,2830
2022-02-26,Fuse,Generic,200,200
2022-02-26,Ignition Coil,NGK,7500,15600
2022-02-26,Wiring Harness,Generic,15000,16590
2022-02-27,Distributor Cap,Local OEM,3800,4820
2022-02-27,Oxygen Sensor,NGK,8500,15620
2022-02-28,EGR Valve,Bosch,9500,23030
2022-03-01,Coolant Temperature Sensor,Standard,4000,8020
2022-03-02,Brake Disc,Bosch,8000,16500
2022-03-03,Fuse,Bussmann,200,360
2022-03-03,Water Pump,Aisin,12000,25680
2022-03-04,Brake Pad,Bosch,6000,11440
2022-03-04,Thermostat,Gates,3000,5390
2022-03-05,Brake Caliper,Reconditioned,12000,12450
2022-03-05,Brake Pad,Nisshinbo,6000,10720
2022-03-05,Camshaft Position Sensor,Standard,7000,13230
2022-03-05,Sway Bar Link,Febi,4500,7550
2022-03-06,Air Filter,K&N,1800,4150
2022-03-06,Throttle Body,Standard,14000,27660
2022-03-06,Windshield Wiper Blade,Piaa,900,2020
2022-03-07,Air Filter,Mann,1800,3890
2022-03-07,Catalytic Converter,Walker,35000,67300
2022-03-07,Engine Oil Filter,Ryco,2500,4530
2022-03-07,Piston Ring,Local OEM,4000,5640
2022-03-07,Shock Absorber,Bilstein,15000,35950
2022-03-07,Spark Plug,Denso,1500,3060
2022-03-07,Starter Motor,Bosch,22000,45070
2022-03-07,Wheel Bearing,NSK,10000,20440
2022-03-07,Windshield Wiper Blade,Bosch,900,1900
2022-03-08,Brake Caliper,TRW,12000,21450
2022-03-08,Radiator,Koyo,20000,37890
2022-03-08,Shock Absorber,KYB,15000,29960
2022-03-08,Strut Mount,Local OEM,6000,7580
2022-03-08,Windshield Wiper Blade,Local OEM,900,1130
2022-03-09,Catalytic Converter,Bosal,35000,59170
2022-03-09,Fuse,Local OEM,200,250
2022-03-09,Oxygen Sensor,Delphi,8500,15710
2022-03-09,Tie Rod End,Delphi,6500,11400
2022-03-09,Water Pump,Bosch,12000,21110
2022-03-10,Fuse,Local OEM,200,250
2022-03-10,Wheel Bearing,FAG,10000,21400
2022-03-11,Catalytic Converter,Walker,35000,60090
2022-03-11,EGR Valve,Delphi,9500,19770
2022-03-11,Serpentine Belt,Dayco,3500,8540
2022-03-11,Sway Bar Link,Local OEM,4500,5880
2022-03-12,Thermostat,Local OEM,3000,3710
2022-03-13,CV Boot,Febest,3500,6570
2022-03-13,Engine Oil Filter,Fram,2500,4330
2022-03-13,Tie Rod End,Moog,6500,12710
2022-03-13,Transmission Fluid Filter,Febi,4500,7810
2022-03-13,Wheel Bearing,SKF,10000,20090
2022-03-14,EGR Valve,Denso,9500,16990
2022-03-14,Piston Ring,Reconditioned,4000,3280
2022-03-14,Starter Motor,Local OEM,22000,30320
2022-03-14,Thermostat,Wahler,3000,5680
2022-03-15,Brake Fluid Hose,Generic,3000,3170
2022-03-15,CV Boot,Febest,3500,6570
2022-03-15,Starter Motor,Hitachi,22000,40240
2022-03-16,Crankshaft Position Sensor,Denso,7500,14570
2022-03-16,Hub Assembly,NSK,14000,27250
2022-03-17,Clutch Plate,Reconditioned,15000,13960
2022-03-17,Coolant Temperature Sensor,Bosch,4000,8550
2022-03-17,EGR Valve,Pierburg,9500,18050
2022-03-17,Oxygen Sensor,Denso,8500,16470
2022-03-17,Wiring Harness,Delphi,15000,33940
2022-03-18,CV Axle,Moog,16000,33880
2022-03-18,Fuel Injector,Standard,12000,20700
2022-03-18,Rack and Pinion,Local OEM,22000,28480
2022-03-18,Wheel Bearing,FAG,10000,20850
2022-03-19,Fuel Injector,Delphi,12000,25650
2022-03-19,Oxygen Sensor,Denso,8500,17920
2022-03-19,Spark Plug,Denso,1500,2750
2022-03-19,Throttle Body,Bosch,14000,27770
2022-03-19,Tie Rod End,Moog,6500,13560
2022-03-20,Sway Bar Link,Local OEM,4500,6670
2022-03-21,Brake Caliper,ATE,12000,23910
2022-03-21,Brake Disc,Local OEM,8000,9880
2022-03-21,Catalytic Converter,Magnaflow,35000,78560
2022-03-21,Rack and Pinion,Reconditioned,22000,22820
2022-03-21,Spark Plug,Bosch,1500,2670
2022-03-22,Distributor Cap,NGK,3800,7740
2022-03-23,Brake Caliper,Brembo,12000,27380
2022-03-23,Brake Disc,Brembo,8000,19110
2022-03-23,Distributor Cap,Local OEM,3800,5200
2022-03-23,Strut Mount,Febi,6000,10900
2022-03-23,Tensioner Pulley,Local OEM,3200,4300
2022-03-23,Wiring Harness,Bosch,15000,26850
2022-03-24,Coolant Temperature Sensor,Denso,4000,7510
2022-03-24,Power Steering Pump,TRW,18000,31520
2022-03-25,CV Boot,Febest,3500,7060
2022-03-25,Tie Rod End,TRW,6500,13020
2022-03-26,Air Filter,Mann,1800,3740
2022-03-26,Alternator,Denso,25000,46430
2022-03-26,Control Arm,Febi,10000,20880
2022-03-26,Oxygen Sensor,Local OEM,8500,11330
2022-03-26,Radiator,Denso,20000,38500
2022-03-26,Radiator Hose,Dayco,2500,4670
2022-03-26,Transmission Fluid Filter,Local OEM,4500,6030
2022-03-27,Cabin Air Filter,Mann,2200,3900
2022-03-27,Idler Pulley,INA,2800,5670
2022-03-27,Piston Ring,NPR,4000,8770
2022-03-27,Radiator,Nissens,20000,36880
2022-03-27,Sway Bar Link,Moog,4500,8490
2022-03-28,Battery,Bosch,18000,39350
2022-03-28,Water Pump,Local OEM,12000,15130
2022-03-29,Fuse,Bussmann,200,350
2022-03-29,Sway Bar Link,Febi,4500,8030
2022-03-31,Fuse,Bussmann,200,380
2022-04-01,Camshaft Position Sensor,Local OEM,7000,9520
2022-04-01,Rack and Pinion,Moog,22000,36290
2022-04-01,Serpentine Belt,Gates,3500,6820
2022-04-01,Wheel Bearing,NSK,10000,20540
2022-04-02,Strut Mount,TRW,6000,12210
2022-04-02,Sway Bar Link,Moog,4500,9200
2022-04-03,Clutch Plate,Local OEM,15000,18620
2022-04-03,Crankshaft Position Sensor,Local OEM,7500,8870
2022-04-03,Fuel Injector,Reconditioned,12000,13460
2022-04-04,CV Axle,GKN,16000,34190
2022-04-04,Rack and Pinion,TRW,22000,44920
2022-04-05,Spark Plug,Local OEM,1500,1880
2022-04-05,Tensioner Pulley,Gates,3200,5800
2022-04-06,Brake Caliper,TRW,12000,23040
2022-04-06,Sway Bar Link,TRW,4500,10200
2022-04-07,Brake Disc,DBA,8000,17650
2022-04-07,Coolant Temperature Sensor,Denso,4000,7780
2022-04-07,Crankshaft Position Sensor,Local OEM,7500,10000
2022-04-07,Shock Absorber,Bilstein,15000,37690
2022-04-08,Brake Pad,Nisshinbo,6000,12910
2022-04-08,EGR Valve,Local OEM,9500,12890
2022-04-08,Radiator,Local OEM,20000,31520
2022-04-09,Camshaft Position Sensor,Denso,7000,12120
2022-04-09,Mass Air Flow Sensor,Standard,11000,18540
2022-04-10,Fuse,Bussmann,200,350
2022-04-10,Water Pump,Aisin,12000,23680
2022-04-11,Brake Disc,TRW,8000,13050
2022-04-11,Transmission Fluid Filter,Bosch,4500,7930
2022-04-13,Air Filter,Mann,1800,3830
2022-04-13,Mass Air Flow Sensor,Standard,11000,18420
2022-04-13,Power Steering Pump,Bosch,18000,33340
2022-04-13,Radiator Hose,Gates,2500,5200
2022-04-13,Serpentine Belt,Gates,3500,6930
2022-04-14,Alternator,Reconditioned,25000,21930
2022-04-14,Clutch Plate,Reconditioned,15000,14960
2022-04-14,Fuel Injector,Reconditioned,12000,11860
2022-04-15,EGR Valve,Pierburg,9500,19230
2022-04-15,Oxygen Sensor,Delphi,8500,16910
2022-04-15,Shock Absorber,Bilstein,15000,37280
2022-04-15,Spark Plug,Bosch,1500,2550
2022-04-15,Thermostat,Wahler,3000,4840
2022-04-16,Brake Caliper,Delphi,12000,25360
2022-04-16,Radiator Hose,Local OEM,2500,2900
2022-04-17,Transmission Fluid Filter,Mann,4500,9050
2022-04-18,Idler Pulley,SKF,2800,5930
2022-04-18,Mass Air Flow Sensor,Delphi,11000,19970
2022-04-18,Shock Absorber,Local OEM,15000,18530
2022-04-18,Thermostat,Local OEM,3000,4050
2022-04-19,Air Filter,K&N,1800,3800
2022-04-19,Alternator,Mitsubishi,25000,44400
2022-04-19,Catalytic Converter,Bosal,35000,67770
2022-04-19,Wiring Harness,Bosch,15000,27220
2022-04-20,Shock Absorber,Sachs,15000,24090
2022-04-20,Spark Plug,Bosch,1500,2970
2022-04-21,Brake Pad,Nisshinbo,6000,11270
2022-04-21,PCV Valve,Delphi,2000,3750
2022-04-21,Power Steering Pump,TRW,18000,34180
2022-04-22,Alternator,Hitachi,25000,48130
2022-04-22,Engine Oil Filter,Fram,2500,4230
2022-04-22,Ignition Coil,Local OEM,7500,11160
2022-04-22,Rack and Pinion,Local OEM,22000,28080
2022-04-22,Spark Plug,Denso,1500,2740
2022-04-22,Throttle Body,Bosch,14000,31650
2022-04-22,Transmission Fluid Filter,Febi,4500,8310
2022-04-23,CV Boot,Generic,3500,3750
2022-04-23,Tensioner Pulley,Dayco,3200,6420
2022-04-23,Transmission Fluid Filter,Local OEM,4500,6300
2022-04-24,Camshaft Position Sensor,Denso,7000,12760
2022-04-24,Distributor Cap,Standard,3800,6580
2022-04-25,Distributor Cap,Local OEM,3800,4890
2022-04-25,EGR Valve,Delphi,9500,20250
2022-04-25,PCV Valve,Local OEM,2000,2430
2022-04-25,Starter Motor,Bosch,22000,44360
2022-04-25,Timing Belt,Continental,9000,16670
2022-04-26,Control Arm,Febest,10000,21360
2022-04-27,Cabin Air Filter,Ryco,2200,3320
2022-04-27,Gearbox Mount,Febi,7000,13540
2022-04-28,Catalytic Converter,Reconditioned,35000,33590
2022-04-28,Hub Assembly,NSK,14000,27540
2022-04-29,Gearbox Mount,TRW,7000,12250
2022-04-29,Thermostat,Wahler,3000,5800
2022-04-30,Brake Fluid Hose,Febi,3000,5630
2022-04-30,Gearbox Mount,Local OEM,7000,9030
2022-04-30,Throttle Body,Standard,14000,22240
2022-04-30,Timing Belt,Local OEM,9000,12290
2022-05-01,Cabin Air Filter,Mann,2200,4670
2022-05-01,Crankshaft Position Sensor,Denso,7500,14480
2022-05-01,PCV Valve,Bosch,2000,3890
2022-05-01,Strut Mount,Lemforder,6000,11690
2022-05-01,Tie Rod End,Moog,6500,11620
2022-05-02,Brake Disc,DBA,8000,17510
2022-05-02,Strut Mount,TRW,6000,12840
2022-05-03,Fuse,Bussmann,200,360
2022-05-03,Ignition Coil,NGK,7500,14460
2022-05-04,Brake Fluid Hose,ATE,3000,6760
2022-05-04,CV Axle,GKN,16000,32490
2022-05-04,Distributor Cap,Standard,3800,7160
2022-05-05,Power Steering Pump,TRW,18000,34340
2022-05-05,Serpentine Belt,Dayco,3500,6810
2022-05-06,Brake Pad,Brembo,6000,16110
2022-05-06,CV Axle,Moog,16000,36150
2022-05-06,Control Arm,Local OEM,10000,13560
2022-05-06,Engine Oil Filter,Mann,2500,4870
2022-05-06,Spark Plug,Champion,1500,2440
2022-05-06,Sway Bar Link,Febi,4500,8530
2022-05-07,Coolant Temperature Sensor,Delphi,4000,8390
2022-05-07,Engine Oil Filter,Mann,2500,5480
2022-05-07,Wiring Harness,Bosch,15000,29100
2022-05-08,Crankshaft Position Sensor,Bosch,7500,15020
2022-05-08,Idler Pulley,INA,2800,5820
2022-05-08,Ignition Coil,Bosch,7500,16870
2022-05-10,CV Axle,Febest,16000,32540
2022-05-10,Catalytic Converter,Magnaflow,35000,75100
2022-05-11,Coolant Temperature Sensor,Denso,4000,8100
2022-05-11,Shock Absorber,Local OEM,15000,18290
2022-05-12,Idler Pulley,Gates,2800,5610
2022-05-13,PCV Valve,Local OEM,2000,2590
2022-05-13,Wiring Harness,Local OEM,15000,19640
2022-05-14,Clutch Plate,Local OEM,15000,18640
2022-05-14,Distributor Cap,Standard,3800,6360
2022-05-15,Brake Disc,Bosch,8000,14230
2022-05-15,Crankshaft Position Sensor,Local OEM,7500,11350
2022-05-15,Starter Motor,Hitachi,22000,42850
2022-05-16,Air Filter,Local OEM,1800,2180
2022-05-16,Idler Pulley,Gates,2800,6300
2022-05-16,Piston Ring,Federal-Mogul,4000,7900
2022-05-17,Hub Assembly,Timken,14000,28750
2022-05-17,Wiring Harness,Generic,15000,15040
2022-05-18,Gearbox Mount,Febi,7000,14000
2022-05-18,Starter Motor,Hitachi,22000,34020
2022-05-18,Throttle Body,Denso,14000,27010
2022-05-19,CV Boot,GKN,3500,7520
2022-05-19,Wiring Harness,Sumitomo,15000,30900
2022-05-20,Battery,Bosch,18000,36320
2022-05-20,Brake Fluid Hose,Febi,3000,5210
2022-05-20,Radiator Hose,Dayco,2500,4680
2022-05-20,Sway Bar Link,Local OEM,4500,6230
2022-05-21,Power Steering Pump,Bosch,18000,34330
2022-05-21,Radiator,Nissens,20000,37950
2022-05-22,Ball Joint,Febest,5000,10160
2022-05-22,Mass Air Flow Sensor,Standard,11000,20930
2022-05-22,Oxygen Sensor,Bosch,8500,19190
2022-05-23,Catalytic Converter,Reconditioned,35000,32760
2022-05-23,Distributor Cap,Denso,3800,7990
2022-05-23,Water Pump,Reconditioned,12000,12010
2022-05-23,Wiring Harness,Generic,15000,15320
2022-05-24,Ball Joint,TRW,5000,11170
2022-05-24,CV Boot,TRW,3500,7110
2022-05-24,Camshaft Position Sensor,Standard,7000,13490
2022-05-24,Gearbox Mount,Febi,7000,13540
2022-05-24,Radiator Hose,Local OEM,2500,2770
2022-05-24,Serpentine Belt,Continental,3500,7790
2022-05-24,Shock Absorber,Monroe,15000,33480
2022-05-24,Thermostat,Local OEM,3000,3920
2022-05-25,CV Axle,Local OEM,16000,19660
2022-05-25,CV Boot,TRW,3500,7170
2022-05-25,Crankshaft Position Sensor,Standard,7500,14260
2022-05-25,Starter Motor,Reconditioned,22000,20070
2022-05-25,Throttle Body,Denso,14000,28960
2022-05-26,Brake Disc,Bosch,8000,15550
2022-05-26,Brake Pad,Nisshinbo,6000,12760
2022-05-26,Spark Plug,Iridium NGK,1500,4150
2022-05-26,Wheel Bearing,SKF,10000,22530
2022-05-27,Alternator,Mitsubishi,25000,46750
2022-05-27,Gearbox Mount,Local OEM,7000,9480
2022-05-27,Hub Assembly,SKF,14000,28720
2022-05-27,Mass Air Flow Sensor,Standard,11000,18710
2022-05-27,Timing Belt,Continental,9000,20520
2022-05-27,Transmission Fluid Filter,Generic,4500,5020
2022-05-27,Wheel Bearing,SKF,10000,22580
2022-05-28,Cabin Air Filter,Denso,2200,3490
2022-05-28,PCV Valve,Delphi,2000,3300
2022-05-29,Brake Pad,Local OEM,6000,6990
2022-05-29,Crankshaft Position Sensor,Bosch,7500,14890
2022-05-29,Piston Ring,Local OEM,4000,5620
2022-05-29,Radiator,Koyo,20000,39720
2022-05-30,Ignition Coil,Bosch,7500,17260
2022-05-30,Serpentine Belt,Local OEM,3500,4520
2022-05-31,Catalytic Converter,Reconditioned,35000,30940
2022-05-31,Gearbox Mount,Local OEM,7000,8390
2022-05-31,Oxygen Sensor,Denso,8500,16150
2022-05-31,PCV Valve,Febi,2000,3660
2022-05-31,Timing Belt,Contitech,9000,19160
2022-06-02,Battery,Local Brand,18000,23730
2022-06-03,Cabin Air Filter,Ryco,2200,3840
2022-06-03,Serpentine Belt,Dayco,3500,7340
2022-06-03,Strut Mount,Lemforder,6000,12590
2022-06-04,Tensioner Pulley,SKF,3200,6080
2022-06-05,Engine Oil Filter,Denso,2500,4830
2022-06-05,Gearbox Mount,Lemforder,7000,14210
2022-06-05,PCV Valve,Generic,2000,2300
2022-06-05,Piston Ring,Local OEM,4000,4780
2022-06-06,Ball Joint,TRW,5000,10760
2022-06-06,Hub Assembly,FAG,14000,29420
2022-06-06,Shock Absorber,Monroe,15000,32110
2022-06-06,Thermostat,Gates,3000,6160
2022-06-07,Engine Oil Filter,Fram,2500,4460
2022-06-07,PCV Valve,Febi,2000,3820
2022-06-07,Shock Absorber,Sachs,15000,27690
2022-06-08,Alternator,Hitachi,25000,50370
2022-06-08,CV Axle,Local OEM,16000,20330
2022-06-08,Fuel Injector,Delphi,12000,27080
2022-06-08,Windshield Wiper Blade,Valeo,900,1680
2022-06-09,Air Filter,Bosch,1800,3720
2022-06-09,Ball Joint,Delphi,5000,10480
2022-06-09,Mass Air Flow Sensor,Reconditioned,11000,12930
2022-06-09,Radiator Hose,Local OEM,2500,3410
2022-06-09,Shock Absorber,KYB,15000,28800
2022-06-09,Throttle Body,Delphi,14000,28220
2022-06-10,Brake Disc,ATE,8000,17570
2022-06-10,Serpentine Belt,Bosch,3500,7340
2022-06-10,Water Pump,Local OEM,12000,17080
2022-06-11,Brake Disc,TRW,8000,14190
2022-06-12,Brake Fluid Hose,ATE,3000,5800
2022-06-12,Tensioner Pulley,SKF,3200,6960
2022-06-12,Water Pump,Graf,12000,18450
2022-06-12,Windshield Wiper Blade,Piaa,900,2040
2022-06-13,Alternator,Mitsubishi,25000,56870
2022-06-13,Brake Pad,Nisshinbo,6000,12580
2022-06-13,Idler Pulley,Dayco,2800,5860
2022-06-13,Mass Air Flow Sensor,Denso,11000,24670
2022-06-13,Radiator Hose,Gates,2500,4700
2022-06-13,Serpentine Belt,Gates,3500,7000
2022-06-14,Clutch Plate,Valeo,15000,31960
2022-06-14,Fuel Injector,Standard,12000,22350
2022-06-14,Mass Air Flow Sensor,Standard,11000,18000
2022-06-14,Power Steering Pump,Bosch,18000,39140
2022-06-14,Serpentine Belt,Continental,3500,7560
2022-06-16,Cabin Air Filter,Bosch,2200,4590
2022-06-16,Distributor Cap,NGK,3800,7630
2022-06-16,PCV Valve,Delphi,2000,3730
2022-06-16,Power Steering Pump,Local OEM,18000,23410
2022-06-16,Serpentine Belt,Dayco,3500,7530
2022-06-16,Sway Bar Link,Local OEM,4500,6520
2022-06-17,CV Axle,Local OEM,16000,22090
2022-06-17,Wheel Bearing,Timken,10000,21160
2022-06-19,Brake Disc,Bosch,8000,16710
2022-06-19,Brake Fluid Hose,Generic,3000,3190
2022-06-19,EGR Valve,Pierburg,9500,21290
2022-06-19,Hub Assembly,FAG,14000,35120
2022-06-19,Throttle Body,Standard,14000,24770
2022-06-20,EGR Valve,Delphi,9500,20660
2022-06-20,Mass Air Flow Sensor,Delphi,11000,19360
2022-06-20,Piston Ring,Local OEM,4000,5880
2022-06-20,Water Pump,Graf,12000,21880
2022-06-21,Clutch Plate,Reconditioned,15000,14830
2022-06-21,Gearbox Mount,Generic,7000,7760
2022-06-21,Idler Pulley,INA,2800,5790
2022-06-22,Wheel Bearing,Timken,10000,18910
2022-06-23,Fuel Injector,Delphi,12000,26400
2022-06-23,Starter Motor,Local OEM,22000,31360
2022-06-23,Tie Rod End,Febest,6500,12800
2022-06-24,Brake Pad,Nisshinbo,6000,12960
2022-06-24,Fuel Injector,Standard,12000,20440
2022-06-25,Brake Caliper,Local OEM,12000,15240
2022-06-25,Gearbox Mount,Lemforder,7000,14770
2022-06-25,Starter Motor,Bosch,22000,42060
2022-06-25,Throttle Body,Denso,14000,31140
2022-06-25,Tie Rod End,TRW,6500,13740
2022-06-26,Rack and Pinion,Moog,22000,43840
2022-06-26,Windshield Wiper Blade,Denso,900,1910
2022-06-27,Oxygen Sensor,Local OEM,8500,9420
2022-06-27,Strut Mount,Lemforder,6000,12850
2022-06-27,Thermostat,Wahler,3000,5650
2022-06-28,Brake Pad,Nisshinbo,6000,11560
2022-06-29,Distributor Cap,Denso,3800,8120
2022-06-29,Engine Oil Filter,Bosch,2500,5280
2022-06-29,Idler Pulley,SKF,2800,5520
2022-06-30,Battery,Amaron,18000,33930
2022-06-30,Camshaft Position Sensor,Denso,7000,15680
2022-07-02,EGR Valve,Pierburg,9500,24350
2022-07-02,Gearbox Mount,Febi,7000,13720
2022-07-02,Tie Rod End,Delphi,6500,11660
2022-07-02,Wiring Harness,Bosch,15000,28700
2022-07-03,Camshaft Position Sensor,Delphi,7000,13830
2022-07-03,Tensioner Pulley,INA,3200,7280
2022-07-04,Catalytic Converter,Reconditioned,35000,34080
2022-07-04,Engine Oil Filter,Denso,2500,5010
2022-07-04,Shock Absorber,Reconditioned,15000,15040
2022-07-04,Tie Rod End,Local OEM,6500,7010
2022-07-04,Timing Belt,Local OEM,9000,11700
2022-07-05,Brake Caliper,Brembo,12000,30020
2022-07-05,Fuel Injector,Standard,12000,22780
2022-07-06,Transmission Fluid Filter,Mann,4500,8750
2022-07-08,CV Boot,Febest,3500,6480
2022-07-08,Clutch Plate,Sachs,15000,29010
2022-07-08,Sway Bar Link,Moog,4500,8920
2022-07-09,Camshaft Position Sensor,Standard,7000,12750
2022-07-09,Crankshaft Position Sensor,Bosch,7500,14630
2022-07-10,Brake Caliper,Delphi,12000,24900
2022-07-10,Brake Fluid Hose,Bosch,3000,4990
2022-07-10,Brake Pad,Bosch,6000,10280
2022-07-10,PCV Valve,Bosch,2000,3850
2022-07-10,Thermostat,Wahler,3000,5760
2022-07-10,Throttle Body,Denso,14000,30510
2022-07-10,Transmission Fluid Filter,Febi,4500,8590
2022-07-11,Power Steering Pump,Bosch,18000,37020
2022-07-11,Rack and Pinion,Moog,22000,41280
2022-07-12,Camshaft Position Sensor,Standard,7000,11740
2022-07-12,Distributor Cap,Denso,3800,7960
2022-07-12,Engine Oil Filter,Mann,2500,5200
2022-07-12,Ignition Coil,Local OEM,7500,9590
2022-07-12,Serpentine Belt,Dayco,3500,6840
2022-07-12,Wheel Bearing,Timken,10000,20910
2022-07-13,Battery,Exide,18000,27300
2022-07-13,Brake Fluid Hose,Bosch,3000,5490
2022-07-14,Engine Oil Filter,Denso,2500,4420
2022-07-15,Clutch Plate,Sachs,15000,29120
2022-07-15,Power Steering Pump,Local OEM,18000,22530
2022-07-15,Transmission Fluid Filter,Febi,4500,7290
2022-07-16,Coolant Temperature Sensor,Denso,4000,8080
2022-07-16,Engine Oil Filter,Denso,2500,5060
2022-07-16,Radiator Hose,Gates,2500,4830
2022-07-17,Battery,Amaron,18000,34940
2022-07-17,Fuse,Littelfuse,200,340
2022-07-17,Idler Pulley,SKF,2800,5560
2022-07-17,Strut Mount,Lemforder,6000,11120
2022-07-18,Alternator,Mitsubishi,25000,46440
2022-07-18,Brake Fluid Hose,Febi,3000,5780
2022-07-18,Camshaft Position Sensor,Standard,7000,10980
2022-07-19,Fuel Injector,Denso,12000,23930
2022-07-19,PCV Valve,Febi,2000,3570
2022-07-20,CV Boot,Febest,3500,6840
2022-07-20,Clutch Plate,Valeo,15000,32960
2022-07-20,EGR Valve,Bosch,9500,20470
2022-07-20,Fuse,Littelfuse,200,390
2022-07-20,Piston Ring,Local OEM,4000,5520
2022-07-21,Brake Disc,TRW,8000,16380
2022-07-21,EGR Valve,Delphi,9500,20960
2022-07-21,Radiator Hose,Generic,2500,2490
2022-07-21,Serpentine Belt,Dayco,3500,7530
2022-07-21,Sway Bar Link,Febi,4500,7960
2022-07-22,Battery,Bosch,18000,41650
2022-07-22,Engine Oil Filter,Fram,2500,4660
2022-07-22,Hub Assembly,Timken,14000,25070
2022-07-22,Wheel Bearing,FAG,10000,21240
2022-07-23,Coolant Temperature Sensor,Denso,4000,7820
2022-07-23,Distributor Cap,Local OEM,3800,4710
2022-07-23,Radiator,Koyo,20000,35900
2022-07-23,Serpentine Belt,Gates,3500,7180
2022-07-23,Spark Plug,Champion,1500,2680
2022-07-23,Windshield Wiper Blade,Piaa,900,1760
2022-07-24,Air Filter,K&N,1800,4040
2022-07-24,Ball Joint,Febest,5000,9680
2022-07-24,Brake Fluid Hose,Local OEM,3000,3610
2022-07-24,Timing Belt,Continental,9000,19520
2022-07-25,Ball Joint,Moog,5000,10760
2022-07-25,Spark Plug,Iridium NGK,1500,3770
2022-07-25,Tie Rod End,Moog,6500,13400
2022-07-25,Transmission Fluid Filter,Bosch,4500,8590
2022-07-26,Brake Pad,Nisshinbo,6000,12680
2022-07-26,CV Axle,Reconditioned,16000,15550
2022-07-26,Ignition Coil,NGK,7500,15900
2022-07-26,Tensioner Pulley,Gates,3200,6820
2022-07-27,Fuse,Generic,200,200
2022-07-28,Gearbox Mount,TRW,7000,13200
2022-07-29,Ball Joint,Febest,5000,9260
2022-07-29,Crankshaft Position Sensor,Denso,7500,15840
2022-07-29,Windshield Wiper Blade,Bosch,900,1730
2022-07-30,Ball Joint,Reconditioned,5000,4500
2022-07-30,CV Boot,TRW,3500,7000
2022-07-30,Shock Absorber,Sachs,15000,26970
2022-07-30,Strut Mount,Local OEM,6000,8150
2022-07-30,Thermostat,Bosch,3000,5580
2022-07-30,Windshield Wiper Blade,Denso,900,1760
2022-07-31,Tie Rod End,TRW,6500,12150
2022-08-01,Brake Fluid Hose,Bosch,3000,5650
2022-08-01,Spark Plug,NGK,1500,2710
2022-08-01,Tensioner Pulley,Local OEM,3200,4100
2022-08-01,Timing Belt,Contitech,9000,18990
2022-08-02,Control Arm,TRW,10000,21040
2022-08-02,Oxygen Sensor,Delphi,8500,15850
2022-08-03,Crankshaft Position Sensor,Bosch,7500,14760
2022-08-03,Water Pump,Aisin,12000,26770
2022-08-04,Brake Fluid Hose,ATE,3000,5630
2022-08-04,Catalytic Converter,Local OEM,35000,46380
2022-08-04,Fuse,Bussmann,200,380
2022-08-04,Oxygen Sensor,Delphi,8500,17400
2022-08-04,Throttle Body,Standard,14000,23110
2022-08-04,Timing Belt,Gates,9000,18850
2022-08-05,Air Filter,Ryco,1800,3400
2022-08-05,Brake Caliper,TRW,12000,21110
2022-08-05,Coolant Temperature Sensor,Delphi,4000,6840
2022-08-05,Gearbox Mount,Local OEM,7000,9000
2022-08-05,Radiator Hose,Bosch,2500,4460
2022-08-06,Ball Joint,Reconditioned,5000,4870
2022-08-06,Clutch Plate,Local OEM,15000,17580
2022-08-06,Hub Assembly,NSK,14000,29090
2022-08-07,Ball Joint,Delphi,5000,9870
2022-08-07,Power Steering Pump,Hitachi,18000,30000
2022-08-08,Brake Fluid Hose,ATE,3000,5500
2022-08-08,Radiator Hose,Gates,2500,5120
2022-08-09,Alternator,Reconditioned,25000,22590
2022-08-09,Wiring Harness,Bosch,15000,31880
2022-08-10,Distributor Cap,Standard,3800,7530
2022-08-10,Radiator Hose,Bosch,2500,4570
2022-08-10,Spark Plug,Champion,1500,2610
2022-08-11,Cabin Air Filter,Ryco,2200,4240
2022-08-11,Control Arm,Febest,10000,20020
2022-08-11,Engine Oil Filter,Local OEM,2500,2770
2022-08-11,Strut Mount,TRW,6000,12180
2022-08-12,Brake Caliper,ATE,12000,27470
2022-08-13,Idler Pulley,SKF,2800,5360
2022-08-13,Radiator,Koyo,20000,41020
2022-08-13,Starter Motor,Bosch,22000,44510
2022-08-13,Throttle Body,Delphi,14000,28840
2022-08-13,Wiring Harness,Delphi,15000,29130
2022-08-14,CV Boot,GKN,3500,7520
2022-08-14,Distributor Cap,Standard,3800,7310
2022-08-14,Hub Assembly,SKF,14000,31530
2022-08-14,Mass Air Flow Sensor,Standard,11000,18350
2022-08-14,PCV Valve,Generic,2000,2230
2022-08-14,Power Steering Pump,TRW,18000,31380
2022-08-14,Rack and Pinion,TRW,22000,46700
2022-08-14,Transmission Fluid Filter,Local OEM,4500,5170
2022-08-14,Wiring Harness,Delphi,15000,27380
2022-08-15,CV Boot,Local OEM,3500,4880
2022-08-16,Brake Fluid Hose,Bosch,3000,6060
2022-08-16,Cabin Air Filter,Denso,2200,3740
2022-08-16,Camshaft Position Sensor,Delphi,7000,14610
2022-08-16,Distributor Cap,NGK,3800,6940
2022-08-16,Oxygen Sensor,Denso,8500,17470
2022-08-16,Rack and Pinion,Moog,22000,45210
2022-08-16,Water Pump,Bosch,12000,21980
2022-08-17,Control Arm,Moog,10000,21810
2022-08-17,Idler Pulley,INA,2800,5840
2022-08-17,Radiator Hose,Gates,2500,5660
2022-08-18,Ball Joint,Reconditioned,5000,4740
2022-08-18,CV Boot,Febest,3500,6350
2022-08-18,Gearbox Mount,TRW,7000,12630
2022-08-19,Brake Disc,TRW,8000,13800
2022-08-19,Crankshaft Position Sensor,Delphi,7500,14900
2022-08-19,Spark Plug,Local OEM,1500,2080
2022-08-19,Strut Mount,Febi,6000,10070
2022-08-19,Timing Belt,Dayco,9000,18720
2022-08-19,Windshield Wiper Blade,Local OEM,900,1150
2022-08-20,Brake Fluid Hose,ATE,3000,5370
2022-08-20,Fuel Injector,Bosch,12000,28600
2022-08-21,Ignition Coil,Delphi,7500,13530
2022-08-22,Coolant Temperature Sensor,Bosch,4000,7440
2022-08-22,Fuse,Littelfuse,200,340
2022-08-23,Brake Disc,Bosch,8000,16450
2022-08-23,Crankshaft Position Sensor,Denso,7500,13360
2022-08-23,Engine Oil Filter,Denso,2500,4650
2022-08-23,Timing Belt,Dayco,9000,17780
2022-08-23,Transmission Fluid Filter,Febi,4500,8580
2022-08-24,Brake Fluid Hose,Bosch,3000,5960
2022-08-24,Timing Belt,Continental,9000,18160
2022-08-25,Alternator,Hitachi,25000,48120
2022-08-25,Ball Joint,Febest,5000,8310
2022-08-25,Brake Caliper,Brembo,12000,27090
2022-08-25,Brake Pad,Bosch,6000,10350
2022-08-25,Camshaft Position Sensor,Delphi,7000,14960
2022-08-25,EGR Valve,Pierburg,9500,19850
2022-08-25,Sway Bar Link,TRW,4500,8310
2022-08-26,Throttle Body,Bosch,14000,34360
2022-08-27,Windshield Wiper Blade,Valeo,900,1760
2022-08-28,Clutch Plate,Exedy,15000,29410
2022-08-28,Mass Air Flow Sensor,Denso,11000,25440
2022-08-28,Spark Plug,Champion,1500,2600
2022-08-29,Alternator,Bosch,25000,45250
2022-08-29,Ball Joint,Febest,5000,8330
2022-08-29,Clutch Plate,Sachs,15000,28930
2022-08-29,Crankshaft Position Sensor,Standard,7500,14280
2022-08-29,Power Steering Pump,Reconditioned,18000,16740
2022-08-29,Strut Mount,Lemforder,6000,12540
2022-08-30,Battery,Amaron,18000,33650
2022-08-30,Control Arm,TRW,10000,20240
2022-08-30,Fuse,Generic,200,210
2022-08-31,Hub Assembly,NSK,14000,26720
2022-08-31,Oxygen Sensor,Denso,8500,17250
2022-09-01,Air Filter,Ryco,1800,3350
2022-09-02,Timing Belt,Dayco,9000,18340
2022-09-02,Transmission Fluid Filter,Mann,4500,9140
2022-09-03,PCV Valve,Febi,2000,3780
2022-09-03,Power Steering Pump,Bosch,18000,38870
2022-09-03,Serpentine Belt,Dayco,3500,6290
2022-09-03,Windshield Wiper Blade,Valeo,900,1890
2022-09-06,Air Filter,Denso,1800,3340
2022-09-06,Thermostat,Bosch,3000,5160
2022-09-07,Ball Joint,Febest,5000,10190
2022-09-07,Catalytic Converter,Walker,35000,69500
2022-09-07,Control Arm,Febi,10000,17890
2022-09-07,Radiator Hose,Gates,2500,4350
2022-09-08,Engine Oil Filter,Local OEM,2500,2680
2022-09-09,Serpentine Belt,Bosch,3500,6190
2022-09-09,Tensioner Pulley,Gates,3200,6080
2022-09-10,Spark Plug,NGK,1500,2820
2022-09-10,Throttle Body,Bosch,14000,28120
2022-09-10,Tie Rod End,TRW,6500,13530
2022-09-11,CV Boot,Febest,3500,6430
2022-09-11,Radiator,Denso,20000,39530
2022-09-11,Shock Absorber,Monroe,15000,31880
2022-09-11,Transmission Fluid Filter,Local OEM,4500,5750
2022-09-12,CV Axle,Local OEM,16000,22870
2022-09-12,Clutch Plate,Exedy,15000,27270
2022-09-12,Oxygen Sensor,NGK,8500,15990
2022-09-12,Tie Rod End,Febest,6500,12910
2022-09-13,Brake Pad,Bosch,6000,11290
2022-09-13,Control Arm,Febest,10000,17590
2022-09-13,PCV Valve,Generic,2000,2260
2022-09-13,Piston Ring,Local OEM,4000,5020
2022-09-13,Rack and Pinion,Delphi,22000,39080
2022-09-13,Throttle Body,Denso,14000,27820
2022-09-14,Sway Bar Link,Febi,4500,7540
2022-09-15,Battery,Panasonic,18000,35170
2022-09-15,Hub Assembly,NSK,14000,24400
2022-09-15,Power Steering Pump,Delphi,18000,36880
2022-09-15,Radiator,Denso,20000,40670
2022-09-15,Thermostat,Bosch,3000,5830
2022-09-16,Hub Assembly,SKF,14000,30880
2022-09-16,Sway Bar Link,Local OEM,4500,5460
2022-09-16,Tensioner Pulley,SKF,3200,5750
2022-09-17,Rack and Pinion,Moog,22000,40600
2022-09-17,Spark Plug,Denso,1500,2980
2022-09-18,Radiator,Denso,20000,41720
2022-09-19,Ball Joint,Delphi,5000,8680
2022-09-20,Battery,Bosch,18000,33250
2022-09-20,Control Arm,Moog,10000,23660
2022-09-20,Radiator,Nissens,20000,36580
2022-09-20,Sway Bar Link,Febi,4500,8000
2022-09-21,Hub Assembly,Reconditioned,14000,11430
2022-09-22,Ignition Coil,Local OEM,7500,8460
2022-09-22,Starter Motor,Bosch,22000,47280
2022-09-22,Strut Mount,Febi,6000,11330
2022-09-22,Windshield Wiper Blade,Generic,900,830
2022-09-23,Brake Pad,Nisshinbo,6000,13170
2022-09-23,Coolant Temperature Sensor,Local OEM,4000,5710
2022-09-23,Gearbox Mount,Lemforder,7000,11040
2022-09-23,Ignition Coil,Denso,7500,16270
2022-09-24,Battery,Local Brand,18000,20910
2022-09-24,Control Arm,Febest,10000,19780
2022-09-24,Fuel Injector,Denso,12000,29650
2022-09-24,Ignition Coil,Bosch,7500,16450
2022-09-24,Mass Air Flow Sensor,Standard,11000,19240
2022-09-24,Oxygen Sensor,NGK,8500,16500
2022-09-24,Tensioner Pulley,Dayco,3200,5990
2022-09-24,Thermostat,Wahler,3000,5480
2022-09-25,Battery,Exide,18000,30100
2022-09-25,Fuel Injector,Delphi,12000,24410
2022-09-25,Tie Rod End,Local OEM,6500,7840
2022-09-25,Wiring Harness,Delphi,15000,28150
2022-09-26,Alternator,Local OEM,25000,27060
2022-09-26,Catalytic Converter,Local OEM,35000,44540
2022-09-26,Transmission Fluid Filter,Bosch,4500,8100
2022-09-26,Wheel Bearing,SKF,10000,21950
2022-09-27,Tensioner Pulley,Dayco,3200,5870
2022-09-27,Windshield Wiper Blade,Generic,900,850
2022-09-28,Air Filter,K&N,1800,3950
2022-09-28,CV Axle,Moog,16000,30920
2022-09-28,Control Arm,Febest,10000,19420
2022-09-28,EGR Valve,Bosch,9500,18970
2022-09-29,CV Axle,GKN,16000,33010
2022-09-29,Fuse,Bosch,200,330
2022-09-30,Air Filter,Bosch,1800,3290
2022-09-30,Mass Air Flow Sensor,Bosch,11000,23550
2022-09-30,Radiator,Local OEM,20000,27490
2022-10-01,Alternator,Hitachi,25000,44910
2022-10-01,Sway Bar Link,TRW,4500,9040
2022-10-02,Catalytic Converter,Bosal,35000,67780
2022-10-02,Rack and Pinion,Moog,22000,43170
2022-10-02,Tensioner Pulley,Dayco,3200,5880
2022-10-03,Clutch Plate,Reconditioned,15000,14130
2022-10-03,Timing Belt,Dayco,9000,19550
2022-10-04,Air Filter,K&N,1800,4060
2022-10-04,Distributor Cap,Standard,3800,8000
2022-10-05,Oxygen Sensor,Denso,8500,16470
2022-10-05,PCV Valve,Bosch,2000,3650
2022-10-05,Thermostat,Gates,3000,6320
2022-10-06,Tensioner Pulley,Gates,3200,6210
2022-10-06,Transmission Fluid Filter,Bosch,4500,9430
2022-10-06,Water Pump,Graf,12000,22360
2022-10-07,Battery,Amaron,18000,31990
2022-10-07,Hub Assembly,SKF,14000,32770
2022-10-07,Piston Ring,Federal-Mogul,4000,8680
2022-10-07,Strut Mount,Local OEM,6000,7990
2022-10-07,Tie Rod End,Febest,6500,13010
2022-10-07,Wiring Harness,Generic,15000,14790
2022-10-08,Ignition Coil,Denso,7500,15670
2022-10-09,Air Filter,Denso,1800,3740
2022-10-09,Alternator,Bosch,25000,52600
2022-10-09,Battery,Bosch,18000,35240
2022-10-09,Engine Oil Filter,Bosch,2500,5310
2022-10-09,Tensioner Pulley,INA,3200,6920
2022-10-10,Windshield Wiper Blade,Bosch,900,1920
2022-10-11,Sway Bar Link,Febest,4500,8300
2022-10-11,Thermostat,Wahler,3000,6060
2022-10-12,Brake Pad,Akebono,6000,13960
2022-10-12,CV Axle,Reconditioned,16000,14360
2022-10-12,Distributor Cap,Standard,3800,6420
2022-10-13,Fuse,Local OEM,200,240
2022-10-13,Power Steering Pump,Hitachi,18000,33640
2022-10-13,Timing Belt,Continental,9000,19970
2022-10-13,Wheel Bearing,Timken,10000,20040
2022-10-14,Power Steering Pump,Delphi,18000,34960
2022-10-14,Starter Motor,Denso,22000,50130
2022-10-16,Alternator,Bosch,25000,51480
2022-10-16,Distributor Cap,Denso,3800,7180
2022-10-16,Starter Motor,Hitachi,22000,42480
2022-10-17,Gearbox Mount,Lemforder,7000,15630
2022-10-17,Radiator,Nissens,20000,42050
2022-10-18,Air Filter,K&N,1800,4170
2022-10-18,CV Axle,GKN,16000,34920
2022-10-18,EGR Valve,Bosch,9500,20190
2022-10-18,Engine Oil Filter,Denso,2500,4860
2022-10-18,Ignition Coil,Bosch,7500,17650
2022-10-18,Radiator Hose,Gates,2500,5490
2022-10-20,Brake Pad,Nisshinbo,6000,12400
2022-10-20,Clutch Plate,Exedy,15000,30560
2022-10-20,Ignition Coil,Bosch,7500,13190
2022-10-20,Starter Motor,Mitsubishi,22000,41950
2022-10-21,Rack and Pinion,Moog,22000,45180
2022-10-21,Tensioner Pulley,Local OEM,3200,4240
2022-10-22,CV Axle,Febest,16000,29560
2022-10-22,Serpentine Belt,Gates,3500,7260
2022-10-22,Strut Mount,Moog,6000,12360
2022-10-22,Windshield Wiper Blade,Generic,900,1040
2022-10-22,Wiring Harness,Delphi,15000,30750
2022-10-23,Alternator,Hitachi,25000,44880
2022-10-23,Clutch Plate,Sachs,15000,30820
2022-10-23,Distributor Cap,NGK,3800,6800
2022-10-23,Mass Air Flow Sensor,Standard,11000,18790
2022-10-23,Wheel Bearing,Timken,10000,20230
2022-10-24,Control Arm,Moog,10000,21340
2022-10-24,Coolant Temperature Sensor,Local OEM,4000,5650
2022-10-24,Timing Belt,Dayco,9000,17620
2022-10-26,Ball Joint,Delphi,5000,9920
2022-10-26,CV Boot,GKN,3500,5970
2022-10-26,Crankshaft Position Sensor,Local OEM,7500,9850
2022-10-26,Radiator Hose,Dayco,2500,4320
2022-10-26,Timing Belt,Contitech,9000,16600
2022-10-28,Coolant Temperature Sensor,Bosch,4000,7110
2022-10-28,Radiator Hose,Generic,2500,2920
2022-10-28,Water Pump,Gates,12000,24790
2022-10-31,Control Arm,Local OEM,10000,12160
2022-10-31,Gearbox Mount,TRW,7000,12680
2022-10-31,Ignition Coil,Local OEM,7500,10450
2022-10-31,Piston Ring,Goetze,4000,7710
2022-10-31,Power Steering Pump,Local OEM,18000,25000
2022-11-01,Brake Disc,Bosch,8000,16020
2022-11-01,EGR Valve,Delphi,9500,18580
2022-11-01,Mass Air Flow Sensor,Bosch,11000,26640
2022-11-01,Serpentine Belt,Bosch,3500,7300
2022-11-02,PCV Valve,Delphi,2000,4010
2022-11-02,Radiator Hose,Generic,2500,2430
2022-11-02,Wheel Bearing,SKF,10000,22460
2022-11-02,Wiring Harness,Delphi,15000,32710
2022-11-03,Battery,Local Brand,18000,22690
2022-11-03,Brake Caliper,Local OEM,12000,18070
2022-11-03,CV Boot,TRW,3500,6340
2022-11-03,Radiator,Koyo,20000,42680
2022-11-04,Camshaft Position Sensor,Standard,7000,14480
2022-11-04,Fuel Injector,Denso,12000,25100
2022-11-04,PCV Valve,Delphi,2000,3640
2022-11-04,Rack and Pinion,Delphi,22000,40490
2022-11-04,Strut Mount,Lemforder,6000,12530
2022-11-05,Coolant Temperature Sensor,Denso,4000,7590
2022-11-05,Serpentine Belt,Continental,3500,7720
2022-11-06,Coolant Temperature Sensor,Local OEM,4000,5000
2022-11-07,Air Filter,Mann,1800,3100
2022-11-07,Brake Caliper,TRW,12000,23470
2022-11-07,Radiator Hose,Bosch,2500,4780
2022-11-08,Brake Pad,Bosch,6000,11900
2022-11-09,EGR Valve,Delphi,9500,19030
2022-11-10,Alternator,Mitsubishi,25000,52430
2022-11-10,Ignition Coil,Denso,7500,15810
2022-11-10,Windshield Wiper Blade,Denso,900,1710
2022-11-11,CV Axle,GKN,16000,38630
2022-11-11,Camshaft Position Sensor,Delphi,7000,13930
2022-11-11,Catalytic Converter,Bosal,35000,68700
2022-11-11,Water Pump,Gates,12000,21910
2022-11-12,Battery,Volta,18000,25990
2022-11-12,Starter Motor,Mitsubishi,22000,48180
2022-11-12,Tensioner Pulley,Gates,3200,5680
2022-11-13,Cabin Air Filter,Ryco,2200,4350
2022-11-13,Crankshaft Position Sensor,Bosch,7500,14120
2022-11-13,Power Steering Pump,TRW,18000,34580
2022-11-14,Brake Caliper,Brembo,12000,28160
2022-11-14,Fuel Injector,Delphi,12000,21710
2022-11-14,Rack and Pinion,Delphi,22000,48360
2022-11-15,Rack and Pinion,Moog,22000,41780
2022-11-15,Radiator Hose,Local OEM,2500,3280
2022-11-15,Thermostat,Denso,3000,6170
2022-11-16,Brake Caliper,Reconditioned,12000,12190
2022-11-16,Brake Disc,DBA,8000,16180
2022-11-16,Fuse,Littelfuse,200,390
2022-11-16,Hub Assembly,Local OEM,14000,19070
2022-11-17,Brake Caliper,TRW,12000,23860
2022-11-17,Catalytic Converter,Local OEM,35000,43590
2022-11-17,Fuel Injector,Delphi,12000,25220
2022-11-17,Spark Plug,Bosch,1500,2690
2022-11-17,Wheel Bearing,SKF,10000,23100
2022-11-18,CV Axle,Febest,16000,31350
2022-11-18,CV Boot,TRW,3500,7010
2022-11-18,Oxygen Sensor,NGK,8500,18250
2022-11-20,Alternator,Denso,25000,54620
2022-11-20,Cabin Air Filter,Mann,2200,4430
2022-11-20,Control Arm,Local OEM,10000,13880
2022-11-21,Cabin Air Filter,Bosch,2200,5140
2022-11-21,Hub Assembly,Local OEM,14000,19060
2022-11-21,Serpentine Belt,Dayco,3500,7130
2022-11-22,Fuse,Bussmann,200,380
2022-11-22,Idler Pulley,Dayco,2800,4590
2022-11-22,PCV Valve,Febi,2000,4210
2022-11-22,Rack and Pinion,Delphi,22000,40040
2022-11-23,CV Boot,Generic,3500,3640
2022-11-23,Timing Belt,Gates,9000,18190
2022-11-23,Water Pump,Graf,12000,20360
2022-11-24,Idler Pulley,Dayco,2800,5400
2022-11-24,Mass Air Flow Sensor,Denso,11000,24200
2022-11-25,CV Boot,GKN,3500,7080
2022-11-25,Windshield Wiper Blade,Bosch,900,1870
2022-11-26,Ball Joint,TRW,5000,9550
2022-11-26,Coolant Temperature Sensor,Standard,4000,7430
2022-11-26,Shock Absorber,Local OEM,15000,18210
2022-11-27,Oxygen Sensor,NGK,8500,17470
2022-11-27,Strut Mount,Febi,6000,10780
2022-11-27,Timing Belt,Contitech,9000,18740
2022-11-28,Alternator,Bosch,25000,55340
2022-11-28,Ball Joint,Moog,5000,9720
2022-11-28,Clutch Plate,Local OEM,15000,21840
2022-11-28,Crankshaft Position Sensor,Denso,7500,16660
2022-11-28,PCV Valve,Local OEM,2000,2310
2022-11-29,Brake Caliper,Brembo,12000,30260
2022-11-29,Timing Belt,Gates,9000,21320
2022-11-30,Serpentine Belt,Continental,3500,7880
2022-12-01,Clutch Plate,Valeo,15000,28890
2022-12-01,Strut Mount,Moog,6000,11600
2022-12-02,Catalytic Converter,Magnaflow,35000,73040
2022-12-02,Transmission Fluid Filter,Generic,4500,5060
2022-12-02,Water Pump,Bosch,12000,26950
2022-12-03,Piston Ring,Local OEM,4000,5150
2022-12-04,Air Filter,Mann,1800,3330
2022-12-04,Mass Air Flow Sensor,Reconditioned,11000,12410
2022-12-04,PCV Valve,Bosch,2000,3940
2022-12-05,Gearbox Mount,TRW,7000,13160
2022-12-05,Tensioner Pulley,INA,3200,7400
2022-12-06,Catalytic Converter,Magnaflow,35000,85870
2022-12-06,Clutch Plate,Exedy,15000,29740
2022-12-06,Coolant Temperature Sensor,Standard,4000,6820
2022-12-06,Gearbox Mount,Local OEM,7000,8960
2022-12-07,Gearbox Mount,Local OEM,7000,9430
2022-12-07,Piston Ring,Federal-Mogul,4000,7680
2022-12-07,Shock Absorber,Sachs,15000,30960
2022-12-07,Starter Motor,Bosch,22000,45720
2022-12-07,Wheel Bearing,Timken,10000,20980
2022-12-09,Ball Joint,Moog,5000,11230
2022-12-09,CV Axle,Reconditioned,16000,18520
2022-12-09,Piston Ring,Federal-Mogul,4000,7100
2022-12-10,Brake Disc,Local OEM,8000,10020
2022-12-10,Camshaft Position Sensor,Standard,7000,12330
2022-12-10,Idler Pulley,Dayco,2800,4860
2022-12-10,Mass Air Flow Sensor,Reconditioned,11000,12720
2022-12-10,Wiring Harness,Delphi,15000,29960
2022-12-11,Camshaft Position Sensor,Delphi,7000,12990
2022-12-11,Spark Plug,NGK,1500,2980
2022-12-11,Water Pump,Reconditioned,12000,11430
2022-12-12,Piston Ring,Goetze,4000,7910
2022-12-13,Crankshaft Position Sensor,Bosch,7500,18570
2022-12-13,Wiring Harness,Delphi,15000,33170
2022-12-15,Camshaft Position Sensor,Denso,7000,14620
2022-12-15,Coolant Temperature Sensor,Local OEM,4000,5260
2022-12-15,Windshield Wiper Blade,Valeo,900,1780
2022-12-16,Brake Disc,Bosch,8000,15890
2022-12-16,Oxygen Sensor,NGK,8500,17540
2022-12-16,Rack and Pinion,Local OEM,22000,28620
2022-12-16,Wheel Bearing,NSK,10000,20070
2022-12-17,Cabin Air Filter,Denso,2200,4260
2022-12-17,Crankshaft Position Sensor,Local OEM,7500,9340
2022-12-17,PCV Valve,Generic,2000,2140
2022-12-17,Radiator,Denso,20000,39000
2022-12-18,Transmission Fluid Filter,Mann,4500,9000
2022-12-19,Piston Ring,Goetze,4000,7980
2022-12-20,Air Filter,Denso,1800,3540
2022-12-20,Brake Disc,Bosch,8000,13880
2022-12-21,Idler Pulley,SKF,2800,5530
2022-12-21,Strut Mount,Moog,6000,11340
2022-12-22,Brake Disc,TRW,8000,16190
2022-12-22,Brake Pad,TRW,6000,11860
2022-12-22,Cabin Air Filter,Local OEM,2200,2520
2022-12-22,Radiator,Denso,20000,40760
2022-12-22,Serpentine Belt,Gates,3500,6780
2022-12-23,Battery,Volta,18000,29400
2022-12-23,Camshaft Position Sensor,Delphi,7000,13900
2022-12-23,Oxygen Sensor,Delphi,8500,16380
2022-12-23,Radiator,Denso,20000,44160
2022-12-23,Throttle Body,Delphi,14000,31910
2022-12-24,Thermostat,Denso,3000,5890
2022-12-25,Hub Assembly,Local OEM,14000,18690
2022-12-25,Spark Plug,Local OEM,1500,1810
2022-12-26,Gearbox Mount,Generic,7000,8060
2022-12-27,Cabin Air Filter,Mann,2200,4690
2022-12-27,Control Arm,TRW,10000,18040
2022-12-28,Control Arm,TRW,10000,19820
2022-12-28,Coolant Temperature Sensor,Standard,4000,7550
2022-12-28,EGR Valve,Local OEM,9500,12170
2022-12-28,Rack and Pinion,TRW,22000,54340
2022-12-28,Thermostat,Local OEM,3000,4010
2022-12-29,Idler Pulley,Local OEM,2800,3770
2022-12-29,Strut Mount,Febi,6000,12950
2022-12-29,Tensioner Pulley,INA,3200,6910
2022-12-30,Brake Disc,DBA,8000,20880
2022-12-30,Camshaft Position Sensor,Delphi,7000,14610
2022-12-30,Water Pump,Gates,12000,23870
2023-01-01,Brake Fluid Hose,ATE,3000,6980
2023-01-01,Mass Air Flow Sensor,Denso,11000,32450
2023-01-01,Piston Ring,Local OEM,4000,6370
2023-01-01,Water Pump,Local OEM,12000,17590
2023-01-02,Air Filter,Local OEM,1800,2550
2023-01-02,Fuel Injector,Standard,12000,25260
2023-01-02,Oxygen Sensor,Delphi,8500,21340
2023-01-03,Fuse,Local OEM,200,320
2023-01-03,Tensioner Pulley,Dayco,3200,6800
2023-01-03,Wheel Bearing,Timken,10000,25760
2023-01-04,Wiring Harness,Delphi,15000,38480
2023-01-05,Air Filter,Bosch,1800,4260
2023-01-05,Camshaft Position Sensor,Standard,7000,16100
2023-01-05,Serpentine Belt,Dayco,3500,8160
2023-01-05,Shock Absorber,Sachs,15000,34980
2023-01-05,Timing Belt,Dayco,9000,21500
2023-01-06,Fuse,Bosch,200,510
2023-01-06,Ignition Coil,Delphi,7500,16760
2023-01-07,Battery,Amaron,18000,36920
2023-01-07,Control Arm,Febi,10000,20550
2023-01-07,Hub Assembly,NSK,14000,34750
2023-01-07,Radiator Hose,Bosch,2500,5550
2023-01-07,Transmission Fluid Filter,Bosch,4500,11300
2023-01-08,CV Boot,Local OEM,3500,4900
2023-01-08,Fuel Injector,Delphi,12000,28660
2023-01-08,Wiring Harness,Delphi,15000,36440
2023-01-09,Control Arm,Moog,10000,22950
2023-01-09,Windshield Wiper Blade,Generic,900,970
2023-01-10,Brake Pad,Akebono,6000,16720
2023-01-10,Strut Mount,Moog,6000,12140
2023-01-11,CV Axle,Local OEM,16000,25180
2023-01-11,Cabin Air Filter,Local OEM,2200,3210
2023-01-11,Hub Assembly,Timken,14000,34070
2023-01-12,Shock Absorber,Reconditioned,15000,17600
2023-01-12,Tie Rod End,Moog,6500,16390
2023-01-13,Battery,Local Brand,18000,29370
2023-01-13,Spark Plug,Denso,1500,3300
2023-01-13,Wiring Harness,Bosch,15000,32570
2023-01-14,Oxygen Sensor,Delphi,8500,20350
2023-01-14,Power Steering Pump,TRW,18000,43390
2023-01-14,Thermostat,Bosch,3000,5810
2023-01-14,Timing Belt,Contitech,9000,22030
2023-01-14,Windshield Wiper Blade,Bosch,900,2070
2023-01-15,Coolant Temperature Sensor,Local OEM,4000,5900
2023-01-15,PCV Valve,Delphi,2000,4670
2023-01-16,Fuse,Bosch,200,440
2023-01-16,Ignition Coil,Local OEM,7500,11560
2023-01-16,Mass Air Flow Sensor,Standard,11000,23080
2023-01-16,Tie Rod End,Febest,6500,13980
2023-01-16,Wheel Bearing,Timken,10000,25470
2023-01-17,Engine Oil Filter,Bosch,2500,5420
2023-01-17,Shock Absorber,KYB,15000,35880
2023-01-17,Thermostat,Local OEM,3000,4250
2023-01-18,Fuel Injector,Denso,12000,28860
2023-01-18,Starter Motor,Bosch,22000,57950
2023-01-19,PCV Valve,Local OEM,2000,2880
2023-01-20,Engine Oil Filter,Mann,2500,6840
2023-01-20,Idler Pulley,Local OEM,2800,4870
2023-01-20,Shock Absorber,Sachs,15000,32790
2023-01-20,Sway Bar Link,Febest,4500,8730
2023-01-20,Tie Rod End,Moog,6500,15160
2023-01-21,Clutch Plate,LUK,15000,38710
2023-01-21,Throttle Body,Standard,14000,30210
2023-01-22,Battery,Volta,18000,31020
2023-01-22,Brake Disc,Local OEM,8000,12130
2023-01-22,Oxygen Sensor,NGK,8500,16850
2023-01-23,Air Filter,Bosch,1800,3820
2023-01-23,Radiator,Koyo,20000,44760
2023-01-23,Thermostat,Denso,3000,6670
2023-01-24,Hub Assembly,SKF,14000,38410
2023-01-25,Engine Oil Filter,Denso,2500,5860
2023-01-25,PCV Valve,Febi,2000,4880
2023-01-25,Transmission Fluid Filter,Mann,4500,10640
2023-01-26,Cabin Air Filter,Ryco,2200,4360
2023-01-26,Fuse,Bussmann,200,420
2023-01-26,Idler Pulley,SKF,2800,8380
2023-01-26,Power Steering Pump,Delphi,18000,41280
2023-01-27,Air Filter,Local OEM,1800,2660
2023-01-27,Ball Joint,Delphi,5000,12270
2023-01-27,EGR Valve,Local OEM,9500,15090
2023-01-27,Gearbox Mount,TRW,7000,14580
2023-01-27,PCV Valve,Generic,2000,2390
2023-01-28,Alternator,Denso,25000,56450
2023-01-28,Brake Disc,Bosch,8000,18510
2023-01-28,CV Axle,Local OEM,16000,25460
2023-01-28,Clutch Plate,LUK,15000,37660
2023-01-28,Mass Air Flow Sensor,Delphi,11000,28140
2023-01-28,Serpentine Belt,Bosch,3500,8920
2023-01-28,Starter Motor,Denso,22000,54850
2023-01-28,Transmission Fluid Filter,Bosch,4500,9830
2023-01-28,Water Pump,Gates,12000,30520
2023-01-29,Brake Disc,Local OEM,8000,11860
2023-01-30,Brake Pad,Nisshinbo,6000,14990
2023-01-30,Camshaft Position Sensor,Denso,7000,17540
2023-01-30,Catalytic Converter,Bosal,35000,81940
2023-01-30,EGR Valve,Local OEM,9500,14990
2023-01-30,Throttle Body,Denso,14000,31160
2023-01-30,Timing Belt,Continental,9000,22040
2023-01-31,Radiator Hose,Dayco,2500,6100
2023-02-01,Cabin Air Filter,Local OEM,2200,2850
2023-02-01,Gearbox Mount,Generic,7000,9420
2023-02-01,Strut Mount,Lemforder,6000,14570
2023-02-02,Ball Joint,Local OEM,5000,6810
2023-02-02,Tie Rod End,Febest,6500,12360
2023-02-03,Sway Bar Link,Febest,4500,10650
2023-02-03,Tie Rod End,TRW,6500,14590
2023-02-04,Fuse,Littelfuse,200,400
2023-02-04,Rack and Pinion,Moog,22000,60670
2023-02-04,Shock Absorber,Sachs,15000,36920
2023-02-05,Ignition Coil,Local OEM,7500,10980
2023-02-05,Tensioner Pulley,SKF,3200,8190
2023-02-06,Rack and Pinion,Delphi,22000,56700
2023-02-06,Throttle Body,Delphi,14000,39040
2023-02-06,Wiring Harness,Local OEM,15000,21780
2023-02-07,CV Boot,Local OEM,3500,4580
2023-02-07,Gearbox Mount,Febi,7000,14560
2023-02-07,Hub Assembly,FAG,14000,33750
2023-02-08,Air Filter,Denso,1800,4350
2023-02-08,Battery,Volta,18000,30200
2023-02-08,Brake Fluid Hose,Febi,3000,6560
2023-02-08,Distributor Cap,Bosch,3800,9070
2023-02-08,Hub Assembly,Timken,14000,34660
2023-02-08,Radiator Hose,Bosch,2500,5110
2023-02-09,Alternator,Reconditioned,25000,25370
2023-02-09,Brake Pad,Nisshinbo,6000,14510
2023-02-09,Radiator,Koyo,20000,50310
2023-02-09,Radiator Hose,Gates,2500,5530
2023-02-09,Thermostat,Gates,3000,6900
2023-02-09,Throttle Body,Denso,14000,33040
2023-02-09,Transmission Fluid Filter,Bosch,4500,9530
2023-02-10,Sway Bar Link,Local OEM,4500,7720
2023-02-10,Thermostat,Gates,3000,6570
2023-02-11,Fuel Injector,Bosch,12000,29380
2023-02-11,Water Pump,Bosch,12000,25710
2023-02-12,Ball Joint,Moog,5000,11540
2023-02-12,Brake Fluid Hose,ATE,3000,6700
2023-02-12,Fuel Injector,Standard,12000,24380
2023-02-13,Brake Pad,Bosch,6000,13830
2023-02-13,Catalytic Converter,Local OEM,35000,53010
2023-02-13,Fuse,Bussmann,200,480
2023-02-13,Ignition Coil,Local OEM,7500,12240
2023-02-13,Piston Ring,NPR,4000,9220
2023-02-13,Radiator,Reconditioned,20000,22060
2023-02-14,Ball Joint,TRW,5000,11820
2023-02-14,CV Boot,TRW,3500,7570
2023-02-14,Hub Assembly,Reconditioned,14000,13790
2023-02-14,Ignition Coil,Delphi,7500,16800
2023-02-14,Rack and Pinion,Moog,22000,57570
2023-02-15,Ball Joint,TRW,5000,13060
2023-02-15,Coolant Temperature Sensor,Delphi,4000,9220
2023-02-15,Ignition Coil,Bosch,7500,21970
2023-02-15,Transmission Fluid Filter,Febi,4500,9200
2023-02-16,Ball Joint,Moog,5000,11090
2023-02-16,CV Axle,Moog,16000,39420
2023-02-16,Cabin Air Filter,Denso,2200,4730
2023-02-16,Crankshaft Position Sensor,Denso,7500,19550
2023-02-16,Hub Assembly,NSK,14000,33320
2023-02-16,Timing Belt,Continental,9000,25850
2023-02-16,Water Pump,Aisin,12000,29590
2023-02-17,Air Filter,Ryco,1800,3760
2023-02-17,Distributor Cap,Local OEM,3800,6590
2023-02-17,Hub Assembly,SKF,14000,36250
2023-02-17,Power Steering Pump,Reconditioned,18000,22080
2023-02-18,Engine Oil Filter,Fram,2500,5310
2023-02-18,Fuse,Bosch,200,480
2023-02-19,Brake Pad,Local OEM,6000,8500
2023-02-19,Crankshaft Position Sensor,Standard,7500,15990
2023-02-19,Throttle Body,Standard,14000,26550
2023-02-20,Cabin Air Filter,Denso,2200,4930
2023-02-20,Distributor Cap,NGK,3800,7500
2023-02-21,Control Arm,Febi,10000,22350
2023-02-21,Distributor Cap,NGK,3800,8920
2023-02-21,Throttle Body,Denso,14000,29610
2023-02-22,Ball Joint,Delphi,5000,12010
2023-02-22,EGR Valve,Local OEM,9500,14790
2023-02-22,Radiator,Denso,20000,44450
2023-02-23,CV Boot,Generic,3500,3980
2023-02-23,Radiator Hose,Dayco,2500,5400
2023-02-24,Coolant Temperature Sensor,Standard,4000,7760
2023-02-24,EGR Valve,Delphi,9500,20880
2023-02-24,Shock Absorber,Sachs,15000,37030
2023-02-24,Thermostat,Gates,3000,7390
2023-02-25,Rack and Pinion,Local OEM,22000,32970
2023-02-26,Brake Pad,TRW,6000,13150
2023-02-26,Mass Air Flow Sensor,Standard,11000,22380
2023-02-26,Radiator,Denso,20000,45300
2023-02-26,Windshield Wiper Blade,Bosch,900,2210
2023-02-27,Air Filter,Denso,1800,4560
2023-02-27,PCV Valve,Generic,2000,2430
2023-02-27,Radiator,Local OEM,20000,29580
2023-02-28,Control Arm,Local OEM,10000,14560
2023-02-28,Rack and Pinion,Delphi,22000,56180
2023-02-28,Sway Bar Link,Febest,4500,9600
2023-02-28,Transmission Fluid Filter,Generic,4500,5630
2023-03-01,CV Axle,GKN,16000,40350
2023-03-01,Rack and Pinion,Delphi,22000,55100
2023-03-02,Brake Caliper,ATE,12000,31500
2023-03-02,Radiator,Nissens,20000,47720
2023-03-03,Crankshaft Position Sensor,Delphi,7500,17390
2023-03-03,Power Steering Pump,Hitachi,18000,33990
2023-03-03,Rack and Pinion,Moog,22000,53110
2023-03-03,Wheel Bearing,NTN,10000,26170
2023-03-04,Cabin Air Filter,Mann,2200,5290
2023-03-04,Fuel Injector,Delphi,12000,26870
2023-03-04,Power Steering Pump,Bosch,18000,41300
2023-03-04,Wiring Harness,Local OEM,15000,23380
2023-03-05,Coolant Temperature Sensor,Bosch,4000,10030
2023-03-05,Gearbox Mount,Febi,7000,16100
2023-03-05,Oxygen Sensor,Delphi,8500,20630
2023-03-05,Power Steering Pump,Bosch,18000,42450
2023-03-05,Shock Absorber,Local OEM,15000,21490
2023-03-06,Brake Caliper,Delphi,12000,25780
2023-03-06,Brake Disc,ATE,8000,20440
2023-03-06,CV Axle,GKN,16000,38540
2023-03-06,Fuse,Generic,200,230
2023-03-06,Ignition Coil,Bosch,7500,16670
2023-03-07,Distributor Cap,NGK,3800,9130
2023-03-07,Engine Oil Filter,Mann,2500,5860
2023-03-07,Gearbox Mount,TRW,7000,16200
2023-03-07,Ignition Coil,NGK,7500,16380
2023-03-08,Air Filter,Mann,1800,4160
2023-03-08,Engine Oil Filter,Bosch,2500,5800
2023-03-08,Water Pump,Local OEM,12000,16200
2023-03-09,Clutch Plate,LUK,15000,40150
2023-03-09,Crankshaft Position Sensor,Bosch,7500,17440
2023-03-09,Distributor Cap,Denso,3800,9580
2023-03-09,EGR Valve,Bosch,9500,23070
2023-03-10,Alternator,Denso,25000,52790
2023-03-10,Catalytic Converter,Walker,35000,71900
2023-03-11,Brake Fluid Hose,ATE,3000,6870
2023-03-11,Clutch Plate,Sachs,15000,38020
2023-03-11,Coolant Temperature Sensor,Local OEM,4000,6620
2023-03-11,Engine Oil Filter,Ryco,2500,5590
2023-03-11,PCV Valve,Delphi,2000,3980
2023-03-11,Serpentine Belt,Continental,3500,8210
2023-03-11,Shock Absorber,Reconditioned,15000,18320
2023-03-11,Starter Motor,Reconditioned,22000,23850
2023-03-12,Alternator,Local OEM,25000,35170
2023-03-12,Wiring Harness,Bosch,15000,32080
2023-03-13,Battery,Amaron,18000,39440
2023-03-13,Engine Oil Filter,Local OEM,2500,3430
2023-03-13,Mass Air Flow Sensor,Delphi,11000,26060
2023-03-13,Serpentine Belt,Continental,3500,7810
2023-03-13,Shock Absorber,Monroe,15000,36590
2023-03-13,Water Pump,Gates,12000,29490
2023-03-14,Engine Oil Filter,Fram,2500,5600
2023-03-14,Fuel Injector,Delphi,12000,32270
2023-03-14,Timing Belt,Dayco,9000,19670
2023-03-14,Water Pump,Gates,12000,28880
2023-03-15,Brake Fluid Hose,ATE,3000,6590
2023-03-15,Brake Pad,TRW,6000,14670
2023-03-15,Idler Pulley,SKF,2800,6880
2023-03-15,Ignition Coil,Local OEM,7500,12410
2023-03-15,Strut Mount,Moog,6000,13970
2023-03-16,Brake Disc,DBA,8000,20710
2023-03-16,Camshaft Position Sensor,Standard,7000,14520
2023-03-17,Battery,Volta,18000,35000
2023-03-17,Brake Caliper,Reconditioned,12000,13900
2023-03-17,Camshaft Position Sensor,Denso,7000,17200
2023-03-17,Fuse,Local OEM,200,290
2023-03-17,Water Pump,Gates,12000,30100
2023-03-18,CV Boot,Local OEM,3500,5080
2023-03-18,Thermostat,Gates,3000,5820
2023-03-19,Alternator,Mitsubishi,25000,53220
2023-03-19,Radiator,Nissens,20000,44940
2023-03-20,Oxygen Sensor,Delphi,8500,18370
2023-03-20,Tensioner Pulley,SKF,3200,7680
2023-03-20,Tie Rod End,Local OEM,6500,9310
2023-03-21,Ball Joint,Reconditioned,5000,5220
2023-03-21,Fuse,Littelfuse,200,480
2023-03-22,Starter Motor,Hitachi,22000,45900
2023-03-23,Brake Disc,Bosch,8000,16440
2023-03-23,CV Boot,TRW,3500,6970
2023-03-23,Rack and Pinion,Moog,22000,49960
2023-03-23,Wiring Harness,Delphi,15000,37070
2023-03-24,Air Filter,Mann,1800,4000
2023-03-24,Battery,Local Brand,18000,27600
2023-03-24,Coolant Temperature Sensor,Bosch,4000,10220
2023-03-25,Battery,Volta,18000,29540
2023-03-25,EGR Valve,Pierburg,9500,29770
2023-03-25,Power Steering Pump,Hitachi,18000,34960
2023-03-25,Sway Bar Link,Local OEM,4500,7010
2023-03-26,Sway Bar Link,Febest,4500,10490
2023-03-26,Water Pump,Aisin,12000,28380
2023-03-27,Rack and Pinion,Moog,22000,58470
2023-03-27,Serpentine Belt,Gates,3500,8440
2023-03-27,Starter Motor,Hitachi,22000,47300
2023-03-27,Transmission Fluid Filter,Mann,4500,11550
2023-03-28,Piston Ring,NPR,4000,10550
2023-03-28,Radiator,Mishimoto,20000,52960
2023-03-28,Starter Motor,Bosch,22000,53680
2023-03-28,Tensioner Pulley,Local OEM,3200,4240
2023-03-28,Timing Belt,Gates,9000,24070
2023-03-29,Clutch Plate,Exedy,15000,32850
2023-03-29,Coolant Temperature Sensor,Standard,4000,9160
2023-03-30,Ball Joint,Moog,5000,12160
2023-03-30,Brake Disc,ATE,8000,18320
2023-03-30,CV Axle,GKN,16000,38730
2023-03-30,Idler Pulley,Gates,2800,5920
2023-03-30,Mass Air Flow Sensor,Denso,11000,28030
2023-03-30,Serpentine Belt,Gates,3500,8410
2023-03-30,Shock Absorber,Reconditioned,15000,17000
2023-03-30,Timing Belt,Dayco,9000,21600
2023-03-30,Water Pump,Bosch,12000,30440
2023-03-31,Ignition Coil,Local OEM,7500,11370
2023-03-31,Power Steering Pump,Delphi,18000,37740
2023-03-31,Starter Motor,Denso,22000,50810
2023-04-01,Engine Oil Filter,Local OEM,2500,3230
2023-04-02,Battery,Panasonic,18000,43890
2023-04-02,Clutch Plate,Sachs,15000,31600
2023-04-02,Radiator,Koyo,20000,48720
2023-04-03,Brake Caliper,Delphi,12000,26610
2023-04-03,Distributor Cap,Bosch,3800,8550
2023-04-04,Brake Disc,Bosch,8000,18210
2023-04-04,Rack and Pinion,TRW,22000,52430
2023-04-04,Wheel Bearing,Timken,10000,21510
2023-04-05,Engine Oil Filter,Denso,2500,5920
2023-04-05,Water Pump,Graf,12000,25910
2023-04-06,Battery,Panasonic,18000,44770
2023-04-06,Catalytic Converter,Walker,35000,68100
2023-04-06,Oxygen Sensor,Bosch,8500,21670
2023-04-06,Piston Ring,Reconditioned,4000,5180
2023-04-06,Serpentine Belt,Bosch,3500,7370
2023-04-07,Brake Pad,Brembo,6000,15620
2023-04-07,Radiator Hose,Dayco,2500,5490
2023-04-07,Timing Belt,Local OEM,9000,14440
2023-04-08,Cabin Air Filter,Ryco,2200,4710
2023-04-08,Fuse,Bosch,200,440
2023-04-08,Throttle Body,Delphi,14000,33920
2023-04-09,Alternator,Mitsubishi,25000,55690
2023-04-09,Ball Joint,TRW,5000,11560
2023-04-09,Throttle Body,Reconditioned,14000,17570
2023-04-10,Piston Ring,Federal-Mogul,4000,8550
2023-04-10,Serpentine Belt,Dayco,3500,7380
2023-04-10,Tensioner Pulley,Gates,3200,7680
2023-04-11,Ball Joint,Delphi,5000,10290
2023-04-11,CV Axle,Local OEM,16000,20600
2023-04-11,Gearbox Mount,Febi,7000,16260
2023-04-11,Strut Mount,Febi,6000,13160
2023-04-12,Power Steering Pump,TRW,18000,42550
2023-04-12,Wheel Bearing,NSK,10000,24690
2023-04-13,Catalytic Converter,Local OEM,35000,59320
2023-04-13,Crankshaft Position Sensor,Delphi,7500,15920
2023-04-13,Fuse,Bussmann,200,390
2023-04-13,Ignition Coil,Delphi,7500,17300
2023-04-13,Oxygen Sensor,Delphi,8500,20460
2023-04-13,Spark Plug,NGK,1500,4220
2023-04-13,Timing Belt,Gates,9000,23180
2023-04-13,Water Pump,Graf,12000,23170
2023-04-13,Wheel Bearing,NSK,10000,21970
2023-04-14,Rack and Pinion,TRW,22000,52680
2023-04-14,Timing Belt,Gates,9000,21480
2023-04-15,Distributor Cap,Standard,3800,9210
2023-04-15,Wheel Bearing,NTN,10000,25450
2023-04-16,Brake Pad,Brembo,6000,17470
2023-04-16,Engine Oil Filter,Bosch,2500,5520
2023-04-16,Power Steering Pump,TRW,18000,40980
2023-04-16,Radiator Hose,Generic,2500,3340
2023-04-17,Power Steering Pump,Delphi,18000,40550
2023-04-17,Radiator Hose,Bosch,2500,5560
2023-04-17,Transmission Fluid Filter,Bosch,4500,10580
2023-04-18,Power Steering Pump,Hitachi,18000,41390
2023-04-19,Cabin Air Filter,Bosch,2200,4770
2023-04-19,Coolant Temperature Sensor,Denso,4000,9660
2023-04-19,Mass Air Flow Sensor,Delphi,11000,26540
2023-04-19,Radiator Hose,Generic,2500,3460
2023-04-19,Thermostat,Gates,3000,6750
2023-04-19,Transmission Fluid Filter,Generic,4500,5680
2023-04-19,Wiring Harness,Sumitomo,15000,33150
2023-04-20,Battery,Bosch,18000,46330
2023-04-20,Brake Pad,Akebono,6000,16060
2023-04-20,CV Axle,GKN,16000,39110
2023-04-21,Clutch Plate,Sachs,15000,38560
2023-04-21,Radiator Hose,Local OEM,2500,3460
2023-04-21,Thermostat,Local OEM,3000,5050
2023-04-21,Throttle Body,Delphi,14000,32950
2023-04-21,Tie Rod End,Delphi,6500,16040
2023-04-22,Brake Caliper,TRW,12000,29800
2023-04-22,Brake Fluid Hose,Bosch,3000,6990
2023-04-22,Gearbox Mount,TRW,7000,15510
2023-04-23,Catalytic Converter,Walker,35000,80740
2023-04-23,Control Arm,Local OEM,10000,13880
2023-04-23,Coolant Temperature Sensor,Standard,4000,8580
2023-04-23,Fuel Injector,Standard,12000,26590
2023-04-23,Sway Bar Link,Local OEM,4500,7140
2023-04-24,Tensioner Pulley,Gates,3200,7380
2023-04-25,CV Boot,GKN,3500,8110
2023-04-25,Oxygen Sensor,Delphi,8500,17480
2023-04-25,Radiator,Reconditioned,20000,23500
2023-04-25,Thermostat,Wahler,3000,6350
2023-04-26,Catalytic Converter,Local OEM,35000,52230
2023-04-26,Radiator,Local OEM,20000,32140
2023-04-26,Strut Mount,Lemforder,6000,15430
2023-04-27,Brake Fluid Hose,Bosch,3000,6700
2023-04-27,PCV Valve,Febi,2000,4090
2023-04-28,CV Axle,Moog,16000,37860
2023-04-28,Distributor Cap,Standard,3800,7260
2023-04-29,Clutch Plate,LUK,15000,37620
2023-04-29,Distributor Cap,Denso,3800,9380
2023-04-29,Engine Oil Filter,Mann,2500,5810
2023-04-29,Strut Mount,TRW,6000,14040
2023-04-29,Throttle Body,Denso,14000,37360
2023-04-30,Battery,Panasonic,18000,41760
2023-04-30,Brake Disc,ATE,8000,21230
2023-04-30,Brake Fluid Hose,Bosch,3000,6520
2023-05-01,Cabin Air Filter,Denso,2200,4500
2023-05-01,Catalytic Converter,Bosal,35000,90860
2023-05-01,Clutch Plate,Valeo,15000,39910
2023-05-01,Mass Air Flow Sensor,Standard,11000,25420
2023-05-01,Water Pump,Bosch,12000,30230
2023-05-02,Camshaft Position Sensor,Standard,7000,15310
2023-05-02,Idler Pulley,SKF,2800,7570
2023-05-03,Catalytic Converter,Reconditioned,35000,38730
2023-05-04,Ball Joint,Delphi,5000,11040
2023-05-04,Coolant Temperature Sensor,Denso,4000,9390
2023-05-04,Piston Ring,Reconditioned,4000,4930
2023-05-04,Timing Belt,Gates,9000,21920
2023-05-05,Cabin Air Filter,Mann,2200,5140
2023-05-05,Coolant Temperature Sensor,Delphi,4000,9540
2023-05-05,Ignition Coil,Denso,7500,19540
2023-05-06,Alternator,Reconditioned,25000,29940
2023-05-06,Brake Fluid Hose,Local OEM,3000,4650
2023-05-06,Starter Motor,Mitsubishi,22000,49580
2023-05-07,Tensioner Pulley,INA,3200,8590
2023-05-08,Ball Joint,Moog,5000,13480
2023-05-08,Brake Caliper,Local OEM,12000,19670
2023-05-08,Engine Oil Filter,Local OEM,2500,3390
2023-05-08,Starter Motor,Mitsubishi,22000,46560
2023-05-08,Throttle Body,Reconditioned,14000,17650
2023-05-09,Air Filter,Denso,1800,4330
2023-05-10,Wheel Bearing,SKF,10000,27890
2023-05-11,Spark Plug,Bosch,1500,3670
2023-05-11,Starter Motor,Hitachi,22000,47300
2023-05-12,Coolant Temperature Sensor,Standard,4000,7940
2023-05-12,Fuel Injector,Bosch,12000,31620
2023-05-12,PCV Valve,Local OEM,2000,2860
2023-05-12,Rack and Pinion,Reconditioned,22000,24140
2023-05-13,EGR Valve,Denso,9500,23010
2023-05-13,Sway Bar Link,Moog,4500,12440
2023-05-13,Wiring Harness,Delphi,15000,37920
2023-05-14,CV Axle,Reconditioned,16000,18680
2023-05-14,EGR Valve,Denso,9500,22840
2023-05-14,Rack and Pinion,Local OEM,22000,33590
2023-05-15,Air Filter,Ryco,1800,3830
2023-05-15,Catalytic Converter,Walker,35000,78180
2023-05-15,Fuel Injector,Bosch,12000,30340
2023-05-15,Gearbox Mount,Febi,7000,18260
2023-05-15,Oxygen Sensor,Bosch,8500,23220
2023-05-15,PCV Valve,Febi,2000,4640
2023-05-15,Timing Belt,Gates,9000,22080
2023-05-16,Air Filter,Local OEM,1800,2550
2023-05-16,Battery,Exide,18000,41710
2023-05-16,CV Boot,Local OEM,3500,5080
2023-05-16,Gearbox Mount,Lemforder,7000,15120
2023-05-16,Idler Pulley,Local OEM,2800,4830
2023-05-16,Ignition Coil,Bosch,7500,21180
2023-05-16,Sway Bar Link,Local OEM,4500,7500
2023-05-16,Windshield Wiper Blade,Piaa,900,2190
2023-05-17,Throttle Body,Standard,14000,32300
2023-05-18,Control Arm,Febi,10000,19710
2023-05-18,Crankshaft Position Sensor,Bosch,7500,18590
2023-05-18,Hub Assembly,SKF,14000,31480
2023-05-18,Spark Plug,Champion,1500,3130
2023-05-18,Strut Mount,Febi,6000,14440
2023-05-19,Spark Plug,Local OEM,1500,2280
2023-05-19,Tie Rod End,Local OEM,6500,10140
2023-05-20,Brake Caliper,Delphi,12000,29010
2023-05-20,Tie Rod End,Moog,6500,14630
2023-05-20,Wiring Harness,Sumitomo,15000,36470
2023-05-21,Distributor Cap,Bosch,3800,8000
2023-05-22,Air Filter,Ryco,1800,3810
2023-05-22,Cabin Air Filter,Ryco,2200,4300
2023-05-22,Idler Pulley,SKF,2800,6510
2023-05-22,Shock Absorber,Monroe,15000,38620
2023-05-22,Strut Mount,Lemforder,6000,14540
2023-05-23,Alternator,Local OEM,25000,40580
2023-05-23,CV Axle,Local OEM,16000,22610
2023-05-23,Engine Oil Filter,Mann,2500,5730
2023-05-23,Fuel Injector,Delphi,12000,32120
2023-05-24,Brake Disc,ATE,8000,21100
2023-05-24,Coolant Temperature Sensor,Standard,4000,7940
2023-05-25,Catalytic Converter,Walker,35000,79410
2023-05-25,Mass Air Flow Sensor,Reconditioned,11000,13420
2023-05-25,Radiator,Local OEM,20000,29370
2023-05-25,Starter Motor,Mitsubishi,22000,48200
2023-05-26,Brake Caliper,Delphi,12000,26360
2023-05-26,Brake Fluid Hose,Bosch,3000,7530
2023-05-26,Rack and Pinion,Reconditioned,22000,26180
2023-05-26,Timing Belt,Continental,9000,24410
2023-05-27,Brake Disc,DBA,8000,21280
2023-05-27,Brake Fluid Hose,Local OEM,3000,4430
2023-05-27,Fuel Injector,Standard,12000,27240
2023-05-27,Rack and Pinion,Delphi,22000,58500
2023-05-27,Starter Motor,Mitsubishi,22000,50660
2023-05-27,Timing Belt,Gates,9000,20900
2023-05-28,Brake Caliper,Local OEM,12000,18780
2023-05-28,Brake Fluid Hose,Generic,3000,4230
2023-05-28,Serpentine Belt,Continental,3500,10820
2023-05-29,Brake Fluid Hose,ATE,3000,6460
2023-05-29,Fuse,Generic,200,240
2023-05-29,Oxygen Sensor,Denso,8500,18810
2023-05-29,Thermostat,Denso,3000,7480
2023-05-29,Wiring Harness,Local OEM,15000,22050
2023-05-30,Camshaft Position Sensor,Standard,7000,14980
2023-05-30,EGR Valve,Pierburg,9500,27770
2023-05-30,Piston Ring,NPR,4000,10820
2023-06-01,Ball Joint,Moog,5000,12930
2023-06-01,CV Axle,Local OEM,16000,27450
2023-06-01,Fuel Injector,Standard,12000,26880
2023-06-01,Shock Absorber,KYB,15000,37070
2023-06-02,Crankshaft Position Sensor,Standard,7500,16950
2023-06-02,Fuse,Littelfuse,200,410
2023-06-03,Alternator,Denso,25000,64170
2023-06-03,Brake Caliper,TRW,12000,30750
2023-06-03,Hub Assembly,NSK,14000,34080
2023-06-03,Oxygen Sensor,Delphi,8500,18180
2023-06-03,Timing Belt,Gates,9000,21760
2023-06-03,Windshield Wiper Blade,Bosch,900,2270
2023-06-04,Oxygen Sensor,NGK,8500,21500
2023-06-04,Water Pump,Local OEM,12000,18930
2023-06-05,Gearbox Mount,Lemforder,7000,17400
2023-06-05,Oxygen Sensor,Delphi,8500,17230
2023-06-05,Throttle Body,Delphi,14000,37550
2023-06-06,Fuel Injector,Reconditioned,12000,15780
2023-06-06,Spark Plug,Local OEM,1500,2480
2023-06-06,Strut Mount,Moog,6000,16450
2023-06-06,Tensioner Pulley,Local OEM,3200,5260
2023-06-07,Water Pump,Bosch,12000,28850
2023-06-07,Windshield Wiper Blade,Denso,900,2250
2023-06-08,Camshaft Position Sensor,Bosch,7000,18080
2023-06-08,Crankshaft Position Sensor,Standard,7500,16310
2023-06-08,Shock Absorber,Monroe,15000,38730
2023-06-08,Water Pump,Graf,12000,24600
2023-06-09,Camshaft Position Sensor,Bosch,7000,19530
2023-06-09,Catalytic Converter,Bosal,35000,83480
2023-06-09,Radiator Hose,Bosch,2500,5770
2023-06-10,Ball Joint,Reconditioned,5000,6150
2023-06-10,Radiator Hose,Gates,2500,5760
2023-06-10,Tensioner Pulley,INA,3200,8800
2023-06-10,Thermostat,Gates,3000,6820
2023-06-10,Wiring Harness,Local OEM,15000,23270
2023-06-11,Brake Disc,TRW,8000,19450
2023-06-11,CV Axle,GKN,16000,38780
2023-06-11,Serpentine Belt,Local OEM,3500,6000
2023-06-11,Tensioner Pulley,SKF,3200,7600
2023-06-12,Alternator,Bosch,25000,67040
2023-06-12,Mass Air Flow Sensor,Standard,11000,25160
2023-06-12,Tensioner Pulley,SKF,3200,8070
2023-06-13,Engine Oil Filter,Ryco,2500,5960
2023-06-13,Strut Mount,Local OEM,6000,8440
2023-06-14,Alternator,Local OEM,25000,38410
2023-06-14,Clutch Plate,Valeo,15000,39520
2023-06-14,EGR Valve,Bosch,9500,23340
2023-06-15,Brake Disc,ATE,8000,20480
2023-06-16,Piston Ring,Federal-Mogul,4000,9760
2023-06-16,Spark Plug,Denso,1500,3720
2023-06-17,CV Boot,TRW,3500,8110
2023-06-17,Coolant Temperature Sensor,Standard,4000,9020
2023-06-17,Fuse,Bosch,200,490
2023-06-17,Rack and Pinion,Local OEM,22000,33120
2023-06-17,Starter Motor,Hitachi,22000,46840
2023-06-18,Brake Caliper,Reconditioned,12000,12890
2023-06-18,Clutch Plate,Reconditioned,15000,16910
2023-06-18,Tensioner Pulley,Gates,3200,7070
2023-06-19,Brake Fluid Hose,Febi,3000,6340
2023-06-19,Clutch Plate,Sachs,15000,36970
2023-06-19,Hub Assembly,Local OEM,14000,23650
2023-06-19,Idler Pulley,SKF,2800,7240
2023-06-19,Sway Bar Link,TRW,4500,11420
2023-06-19,Windshield Wiper Blade,Piaa,900,2330
2023-06-20,Air Filter,Local OEM,1800,2440
2023-06-20,Ball Joint,TRW,5000,13280
2023-06-20,Cabin Air Filter,Bosch,2200,5310
2023-06-20,Radiator,Mishimoto,20000,57580
2023-06-20,Water Pump,Bosch,12000,28540
2023-06-20,Wheel Bearing,Timken,10000,24220
2023-06-21,CV Boot,Generic,3500,4340
2023-06-22,Alternator,Denso,25000,62660
2023-06-22,Windshield Wiper Blade,Valeo,900,2270
2023-06-23,Alternator,Reconditioned,25000,29900
2023-06-23,Brake Pad,Nisshinbo,6000,15530
2023-06-23,Catalytic Converter,Local OEM,35000,53110
2023-06-24,PCV Valve,Generic,2000,2460
2023-06-24,Radiator Hose,Bosch,2500,5460
2023-06-25,Brake Pad,TRW,6000,13650
2023-06-25,Camshaft Position Sensor,Denso,7000,18540
2023-06-25,Distributor Cap,Bosch,3800,9190
2023-06-25,Sway Bar Link,Moog,4500,10970
2023-06-26,Brake Fluid Hose,Febi,3000,5970
2023-06-26,Idler Pulley,Local OEM,2800,4470
2023-06-26,Starter Motor,Bosch,22000,55110
2023-06-26,Thermostat,Wahler,3000,6660
2023-06-27,Water Pump,Aisin,12000,27850
2023-06-28,CV Boot,TRW,3500,7540
2023-06-28,Wheel Bearing,Local OEM,10000,14790
2023-06-29,Battery,Bosch,18000,46020
2023-06-29,Ignition Coil,Bosch,7500,20780
2023-06-29,Wiring Harness,Bosch,15000,38260
2023-06-30,Fuel Injector,Standard,12000,30260
2023-07-01,Wheel Bearing,NTN,10000,22280
2023-07-02,Fuel Injector,Standard,12000,27620
2023-07-02,Radiator,Denso,20000,50210
2023-07-03,Cabin Air Filter,Bosch,2200,4880
2023-07-03,Camshaft Position Sensor,Denso,7000,18320
2023-07-03,Crankshaft Position Sensor,Standard,7500,19250
2023-07-03,Mass Air Flow Sensor,Delphi,11000,24210
2023-07-03,Serpentine Belt,Dayco,3500,8380
2023-07-04,Alternator,Hitachi,25000,49400
2023-07-04,Battery,Volta,18000,33280
2023-07-04,Radiator,Mishimoto,20000,48940
2023-07-05,Cabin Air Filter,Mann,2200,5670
2023-07-05,Timing Belt,Local OEM,9000,13660
2023-07-06,Catalytic Converter,Local OEM,35000,50830
2023-07-06,Strut Mount,TRW,6000,13690
2023-07-06,Tensioner Pulley,INA,3200,7690
2023-07-07,CV Boot,TRW,3500,7420
2023-07-07,Catalytic Converter,Bosal,35000,76140
2023-07-07,Shock Absorber,Bilstein,15000,44800
2023-07-08,Cabin Air Filter,Mann,2200,5160
2023-07-08,Camshaft Position Sensor,Denso,7000,17680
2023-07-08,Crankshaft Position Sensor,Delphi,7500,16790
2023-07-08,Thermostat,Local OEM,3000,4590
2023-07-08,Throttle Body,Delphi,14000,31100
2023-07-08,Windshield Wiper Blade,Piaa,900,2340
2023-07-09,Ball Joint,Febest,5000,11180
2023-07-09,Brake Caliper,Reconditioned,12000,12600
2023-07-09,Hub Assembly,Local OEM,14000,19830
2023-07-09,Spark Plug,Denso,1500,3760
2023-07-10,Brake Caliper,Delphi,12000,28540
2023-07-10,Control Arm,Febest,10000,24060
2023-07-10,Distributor Cap,Denso,3800,8460
2023-07-10,Engine Oil Filter,Ryco,2500,5240
2023-07-10,Sway Bar Link,Moog,4500,10570
2023-07-11,Battery,Amaron,18000,41640
2023-07-11,Clutch Plate,Valeo,15000,37580
2023-07-11,EGR Valve,Local OEM,9500,14910
2023-07-11,Ignition Coil,NGK,7500,17250
2023-07-12,Brake Fluid Hose,Febi,3000,6560
2023-07-12,CV Axle,GKN,16000,42800
2023-07-12,Gearbox Mount,Local OEM,7000,11050
2023-07-12,PCV Valve,Delphi,2000,4030
2023-07-12,Power Steering Pump,Bosch,18000,41840
2023-07-13,Engine Oil Filter,Bosch,2500,5800
2023-07-13,Thermostat,Wahler,3000,5900
2023-07-13,Tie Rod End,Local OEM,6500,10740
2023-07-14,Catalytic Converter,Bosal,35000,77390
2023-07-14,Hub Assembly,Timken,14000,32520
2023-07-14,Power Steering Pump,Local OEM,18000,29180
2023-07-15,Brake Pad,Nisshinbo,6000,16630
2023-07-15,Fuel Injector,Delphi,12000,26200
2023-07-15,Mass Air Flow Sensor,Standard,11000,24930
2023-07-15,Oxygen Sensor,Denso,8500,21180
2023-07-15,Thermostat,Bosch,3000,6540
2023-07-16,Battery,Amaron,18000,39840
2023-07-16,Coolant Temperature Sensor,Delphi,4000,8660
2023-07-16,Idler Pulley,INA,2800,6050
2023-07-16,Radiator,Mishimoto,20000,50730
2023-07-16,Serpentine Belt,Gates,3500,9190
2023-07-17,Brake Fluid Hose,Local OEM,3000,4280
2023-07-17,Control Arm,Febest,10000,23000
2023-07-17,Radiator Hose,Generic,2500,3200
2023-07-17,Throttle Body,Bosch,14000,36110
2023-07-18,Crankshaft Position Sensor,Delphi,7500,16970
2023-07-18,Fuel Injector,Bosch,12000,30400
2023-07-18,Spark Plug,Iridium NGK,1500,4400
2023-07-19,Hub Assembly,SKF,14000,35780
2023-07-20,Spark Plug,NGK,1500,3820
2023-07-20,Transmission Fluid Filter,Generic,4500,6030
2023-07-21,CV Boot,TRW,3500,8020
2023-07-21,Clutch Plate,LUK,15000,40670
2023-07-21,Hub Assembly,NSK,14000,35700
2023-07-21,Mass Air Flow Sensor,Delphi,11000,26920
2023-07-22,Distributor Cap,Bosch,3800,8840
2023-07-22,Idler Pulley,INA,2800,6240
2023-07-22,PCV Valve,Local OEM,2000,2900
2023-07-22,Piston Ring,NPR,4000,8770
2023-07-22,Rack and Pinion,Delphi,22000,53980
2023-07-22,Water Pump,Aisin,12000,28700
2023-07-23,Cabin Air Filter,Local OEM,2200,3170
2023-07-23,Piston Ring,NPR,4000,10110
2023-07-23,Rack and Pinion,Local OEM,22000,34530
2023-07-23,Tie Rod End,Delphi,6500,14610
2023-07-24,Fuse,Generic,200,220
2023-07-24,Power Steering Pump,TRW,18000,45260
2023-07-24,Strut Mount,Moog,6000,12590
2023-07-25,Ball Joint,Moog,5000,13130
2023-07-25,Distributor Cap,Standard,3800,7410
2023-07-25,Engine Oil Filter,Fram,2500,5210
2023-07-25,Idler Pulley,INA,2800,6850
2023-07-25,Spark Plug,NGK,1500,3480
2023-07-25,Strut Mount,Moog,6000,14460
2023-07-26,Alternator,Mitsubishi,25000,53680
2023-07-26,Fuse,Bosch,200,430
2023-07-26,Idler Pulley,Gates,2800,6470
2023-07-26,Shock Absorber,Reconditioned,15000,19520
2023-07-27,CV Axle,GKN,16000,43610
2023-07-27,CV Boot,TRW,3500,8850
2023-07-27,Gearbox Mount,TRW,7000,17630
2023-07-27,Mass Air Flow Sensor,Standard,11000,23030
2023-07-30,Idler Pulley,Dayco,2800,6210
2023-07-31,EGR Valve,Delphi,9500,25010
2023-07-31,Tie Rod End,Febest,6500,14190
2023-08-01,Throttle Body,Bosch,14000,34590
2023-08-02,Brake Disc,TRW,8000,19330
2023-08-02,Windshield Wiper Blade,Bosch,900,2020
2023-08-03,Wiring Harness,Generic,15000,20280
2023-08-04,Control Arm,Febest,10000,23390
2023-08-05,Air Filter,Ryco,1800,3750
2023-08-05,Clutch Plate,Local OEM,15000,24590
2023-08-05,Crankshaft Position Sensor,Standard,7500,16540
2023-08-05,Distributor Cap,NGK,3800,8020
2023-08-05,Hub Assembly,Timken,14000,30740
2023-08-06,CV Axle,Moog,16000,38080
2023-08-06,Engine Oil Filter,Mann,2500,6370
2023-08-07,Air Filter,Bosch,1800,4500
2023-08-07,Ignition Coil,NGK,7500,18070
2023-08-07,Transmission Fluid Filter,Mann,4500,12180
2023-08-07,Wheel Bearing,SKF,10000,26060
2023-08-08,Radiator,Denso,20000,46220
2023-08-08,Spark Plug,Bosch,1500,3130
2023-08-08,Tensioner Pulley,Dayco,3200,7310
2023-08-08,Wheel Bearing,FAG,10000,23280
2023-08-09,PCV Valve,Bosch,2000,5110
2023-08-10,Crankshaft Position Sensor,Denso,7500,17690
2023-08-10,Hub Assembly,Reconditioned,14000,16820
2023-08-10,Mass Air Flow Sensor,Denso,11000,29540
2023-08-10,Strut Mount,Moog,6000,15110
2023-08-10,Tie Rod End,Delphi,6500,15220
2023-08-11,Coolant Temperature Sensor,Local OEM,4000,6250
2023-08-11,Mass Air Flow Sensor,Denso,11000,28860
2023-08-11,Wheel Bearing,NTN,10000,20640
2023-08-12,Camshaft Position Sensor,Standard,7000,15260
2023-08-12,Hub Assembly,NSK,14000,32210
2023-08-12,Starter Motor,Denso,22000,57990
2023-08-12,Tensioner Pulley,SKF,3200,8090
2023-08-12,Timing Belt,Contitech,9000,22650
2023-08-13,EGR Valve,Delphi,9500,23700
2023-08-13,Hub Assembly,SKF,14000,40950
2023-08-13,Power Steering Pump,Local OEM,18000,29440
2023-08-14,Brake Fluid Hose,Generic,3000,3600
2023-08-14,Control Arm,Febest,10000,22280
2023-08-15,Air Filter,K&N,1800,4770
2023-08-15,Strut Mount,Local OEM,6000,8540
2023-08-16,Brake Disc,Bosch,8000,18160
2023-08-16,CV Axle,Moog,16000,40340
2023-08-16,Power Steering Pump,Hitachi,18000,35930
2023-08-16,Shock Absorber,Sachs,15000,36050
2023-08-16,Spark Plug,Denso,1500,3510
2023-08-17,Brake Caliper,Brembo,12000,35640
2023-08-17,Crankshaft Position Sensor,Delphi,7500,18450
2023-08-17,Distributor Cap,Standard,3800,8120
2023-08-17,Power Steering Pump,TRW,18000,42860
2023-08-17,Wheel Bearing,SKF,10000,26210
2023-08-18,Brake Caliper,Delphi,12000,28210
2023-08-18,CV Axle,Moog,16000,37580
2023-08-18,CV Boot,Febest,3500,7940
2023-08-18,Distributor Cap,NGK,3800,8910
2023-08-18,Piston Ring,Goetze,4000,9160
2023-08-19,Battery,Amaron,18000,33610
2023-08-19,Brake Pad,Brembo,6000,16630
2023-08-19,Serpentine Belt,Bosch,3500,7750
2023-08-19,Tensioner Pulley,INA,3200,7560
2023-08-20,Alternator,Denso,25000,57510
2023-08-20,Brake Caliper,ATE,12000,31430
2023-08-21,Brake Disc,TRW,8000,17980
2023-08-21,Cabin Air Filter,Denso,2200,4790
2023-08-21,EGR Valve,Denso,9500,23080
2023-08-21,Radiator Hose,Gates,2500,6030
2023-08-21,Starter Motor,Denso,22000,44120
2023-08-21,Wiring Harness,Bosch,15000,35600
2023-08-22,Shock Absorber,Bilstein,15000,44120
2023-08-22,Tie Rod End,Febest,6500,13690
2023-08-23,Ignition Coil,NGK,7500,17010
2023-08-23,Water Pump,Graf,12000,25070
2023-08-24,Catalytic Converter,Walker,35000,78000
2023-08-24,Sway Bar Link,Moog,4500,10570
2023-08-24,Water Pump,Gates,12000,27720
2023-08-25,EGR Valve,Pierburg,9500,27060
2023-08-25,Wiring Harness,Delphi,15000,37040
2023-08-26,Ball Joint,TRW,5000,12710
2023-08-26,Brake Disc,TRW,8000,19770
2023-08-26,Control Arm,TRW,10000,24340
2023-08-26,Oxygen Sensor,Delphi,8500,21560
2023-08-26,Piston Ring,NPR,4000,8330
2023-08-26,Timing Belt,Contitech,9000,23550
2023-08-27,Brake Fluid Hose,ATE,3000,6950
2023-08-27,CV Axle,GKN,16000,40690
2023-08-27,Fuse,Bussmann,200,470
2023-08-27,Tie Rod End,Local OEM,6500,10070
2023-08-28,Brake Fluid Hose,Febi,3000,6080
2023-08-28,Radiator Hose,Generic,2500,3080
2023-08-28,Spark Plug,Denso,1500,3320
2023-08-28,Sway Bar Link,TRW,4500,11640
2023-08-29,Alternator,Mitsubishi,25000,56250
2023-08-29,Camshaft Position Sensor,Denso,7000,15930
2023-08-29,Sway Bar Link,Febi,4500,9110
2023-08-30,Ball Joint,Reconditioned,5000,5820
2023-08-30,Oxygen Sensor,Bosch,8500,20600
2023-08-31,Idler Pulley,INA,2800,6510
2023-08-31,Windshield Wiper Blade,Local OEM,900,1380
2023-09-01,Coolant Temperature Sensor,Local OEM,4000,6060
2023-09-01,Crankshaft Position Sensor,Denso,7500,20640
2023-09-01,EGR Valve,Local OEM,9500,13590
2023-09-01,Idler Pulley,Dayco,2800,6010
2023-09-01,Mass Air Flow Sensor,Standard,11000,22400
2023-09-01,Windshield Wiper Blade,Denso,900,2230
2023-09-02,Clutch Plate,Valeo,15000,41970
2023-09-02,Control Arm,Febi,10000,21290
2023-09-02,Gearbox Mount,Local OEM,7000,10200
2023-09-02,Starter Motor,Bosch,22000,48490
2023-09-03,PCV Valve,Febi,2000,4080
2023-09-03,Tie Rod End,Febest,6500,13050
2023-09-04,Coolant Temperature Sensor,Delphi,4000,8840
2023-09-04,Distributor Cap,Denso,3800,9170
2023-09-04,Fuel Injector,Denso,12000,24320
2023-09-05,Brake Caliper,ATE,12000,30270
2023-09-05,Sway Bar Link,TRW,4500,10880
2023-09-05,Wiring Harness,Delphi,15000,37350
2023-09-06,Idler Pulley,Local OEM,2800,4040
2023-09-06,Serpentine Belt,Dayco,3500,7240
2023-09-06,Tensioner Pulley,SKF,3200,7210
2023-09-07,Radiator Hose,Gates,2500,5720
2023-09-08,Air Filter,Ryco,1800,3410
2023-09-08,Crankshaft Position Sensor,Standard,7500,15830
2023-09-08,Power Steering Pump,Delphi,18000,43920
2023-09-08,Rack and Pinion,Local OEM,22000,37630
2023-09-08,Serpentine Belt,Continental,3500,8910
2023-09-08,Windshield Wiper Blade,Bosch,900,2000
2023-09-09,Brake Disc,DBA,8000,17380
2023-09-09,Crankshaft Position Sensor,Bosch,7500,19880
2023-09-09,Oxygen Sensor,Delphi,8500,17850
2023-09-09,Radiator,Mishimoto,20000,51720
2023-09-09,Shock Absorber,Monroe,15000,40720
2023-09-10,Brake Caliper,Reconditioned,12000,14530
2023-09-10,Gearbox Mount,Generic,7000,10580
2023-09-10,Oxygen Sensor,Bosch,8500,22740
2023-09-10,Strut Mount,Lemforder,6000,14460
2023-09-10,Sway Bar Link,Febest,4500,11260
2023-09-10,Transmission Fluid Filter,Bosch,4500,11650
2023-09-11,EGR Valve,Bosch,9500,24240
2023-09-11,Radiator Hose,Dayco,2500,5470
2023-09-11,Serpentine Belt,Bosch,3500,8060
2023-09-11,Shock Absorber,KYB,15000,35510
2023-09-12,Brake Caliper,Brembo,12000,33210
2023-09-12,Ignition Coil,Delphi,7500,16280
2023-09-12,Tie Rod End,Moog,6500,15500
2023-09-12,Wheel Bearing,NSK,10000,21720
2023-09-13,Transmission Fluid Filter,Bosch,4500,10760
2023-09-16,Air Filter,K&N,1800,4790
2023-09-16,Serpentine Belt,Continental,3500,9750
2023-09-17,Camshaft Position Sensor,Standard,7000,14020
2023-09-17,Power Steering Pump,Bosch,18000,41570
2023-09-17,Windshield Wiper Blade,Piaa,900,2410
2023-09-18,Thermostat,Gates,3000,6310
2023-09-18,Windshield Wiper Blade,Bosch,900,2240
2023-09-19,Brake Disc,Brembo,8000,23180
2023-09-19,Brake Pad,TRW,6000,15440
2023-09-19,Thermostat,Bosch,3000,5810
2023-09-19,Wiring Harness,Delphi,15000,36780
2023-09-20,Camshaft Position Sensor,Denso,7000,16780
2023-09-20,Crankshaft Position Sensor,Delphi,7500,14580
2023-09-20,Timing Belt,Contitech,9000,22030
2023-09-21,Ball Joint,TRW,5000,11610
2023-09-21,Brake Caliper,Delphi,12000,30380
2023-09-21,Clutch Plate,Exedy,15000,38100
2023-09-21,Radiator Hose,Dayco,2500,5540
2023-09-21,Spark Plug,Iridium NGK,1500,5150
2023-09-22,Power Steering Pump,Local OEM,18000,29390
2023-09-23,Camshaft Position Sensor,Delphi,7000,14480
2023-09-23,Engine Oil Filter,Ryco,2500,5250
2023-09-23,Throttle Body,Delphi,14000,32400
2023-09-24,Brake Pad,Akebono,6000,17350
2023-09-25,CV Boot,TRW,3500,8240
2023-09-25,Ignition Coil,Bosch,7500,19010
2023-09-26,Control Arm,TRW,10000,25320
2023-09-26,Wiring Harness,Sumitomo,15000,34080
2023-09-27,Throttle Body,Bosch,14000,34740
2023-09-27,Transmission Fluid Filter,Febi,4500,8870
2023-09-28,Fuse,Local OEM,200,310
2023-09-28,Gearbox Mount,Lemforder,7000,16180
2023-09-28,Radiator Hose,Generic,2500,2970
2023-09-28,Throttle Body,Delphi,14000,32660
2023-09-28,Wheel Bearing,FAG,10000,25790
2023-09-29,Alternator,Denso,25000,56080
2023-09-29,Clutch Plate,Local OEM,15000,22210
2023-09-29,Gearbox Mount,Lemforder,7000,14700
2023-09-29,Radiator,Koyo,20000,50800
2023-09-29,Transmission Fluid Filter,Bosch,4500,10380
2023-09-30,Brake Pad,Bosch,6000,15680
2023-09-30,Catalytic Converter,Local OEM,35000,56180
2023-09-30,Ignition Coil,Bosch,7500,18960
2023-09-30,PCV Valve,Delphi,2000,4080
2023-09-30,Throttle Body,Standard,14000,27430
2023-09-30,Wheel Bearing,NTN,10000,26620
2023-09-30,Windshield Wiper Blade,Valeo,900,2000
2023-10-01,Brake Fluid Hose,ATE,3000,6450
2023-10-02,Alternator,Denso,25000,54600
2023-10-02,Brake Disc,TRW,8000,18620
2023-10-02,CV Axle,Reconditioned,16000,17260
2023-10-02,Rack and Pinion,Moog,22000,50610
2023-10-02,Spark Plug,Champion,1500,2980
2023-10-03,Piston Ring,Federal-Mogul,4000,10440
2023-10-03,Serpentine Belt,Bosch,3500,7610
2023-10-04,Alternator,Mitsubishi,25000,53880
2023-10-04,CV Boot,TRW,3500,8840
2023-10-04,Control Arm,TRW,10000,23640
2023-10-04,Coolant Temperature Sensor,Standard,4000,8120
2023-10-05,Brake Disc,TRW,8000,20110
2023-10-05,Camshaft Position Sensor,Denso,7000,17380
2023-10-06,Alternator,Denso,25000,60240
2023-10-06,Cabin Air Filter,Bosch,2200,4810
2023-10-07,Battery,Amaron,18000,38580
2023-10-07,EGR Valve,Pierburg,9500,28460
2023-10-07,Mass Air Flow Sensor,Bosch,11000,31620
2023-10-08,Sway Bar Link,Febest,4500,9590
2023-10-08,Timing Belt,Dayco,9000,19760
2023-10-09,Piston Ring,NPR,4000,10010
2023-10-10,Air Filter,K&N,1800,5080
2023-10-10,Brake Pad,Local OEM,6000,9010
2023-10-11,Oxygen Sensor,Delphi,8500,21680
2023-10-11,PCV Valve,Febi,2000,4350
2023-10-12,Clutch Plate,Exedy,15000,36800
2023-10-12,Serpentine Belt,Gates,3500,9190
2023-10-13,Clutch Plate,Valeo,15000,34410
2023-10-13,Sway Bar Link,Febest,4500,9750
2023-10-13,Tie Rod End,Moog,6500,16090
2023-10-14,Brake Disc,ATE,8000,19740
2023-10-14,Catalytic Converter,Local OEM,35000,52660
2023-10-14,Mass Air Flow Sensor,Denso,11000,25970
2023-10-14,Oxygen Sensor,Denso,8500,19680
2023-10-15,Air Filter,Mann,1800,4270
2023-10-15,Gearbox Mount,Generic,7000,10030
2023-10-15,Ignition Coil,NGK,7500,19340
2023-10-15,Serpentine Belt,Local OEM,3500,5350
2023-10-15,Starter Motor,Reconditioned,22000,21990
2023-10-15,Wheel Bearing,NTN,10000,20560
2023-10-16,Crankshaft Position Sensor,Denso,7500,17010
2023-10-16,Tie Rod End,Moog,6500,16360
2023-10-16,Windshield Wiper Blade,Bosch,900,2020
2023-10-16,Wiring Harness,Generic,15000,19020
2023-10-17,Distributor Cap,Denso,3800,9060
2023-10-17,Tensioner Pulley,INA,3200,8040
2023-10-18,Ignition Coil,Bosch,7500,20380
2023-10-18,Spark Plug,Champion,1500,3260
2023-10-18,Starter Motor,Mitsubishi,22000,50110
2023-10-18,Tensioner Pulley,Gates,3200,8090
2023-10-18,Water Pump,Reconditioned,12000,14480
2023-10-19,CV Boot,Febest,3500,8080
2023-10-19,Piston Ring,Goetze,4000,10540
2023-10-19,Rack and Pinion,Moog,22000,51440
2023-10-19,Throttle Body,Standard,14000,29180
2023-10-20,Catalytic Converter,Walker,35000,69150
2023-10-20,Control Arm,Febest,10000,22880
2023-10-20,Idler Pulley,Dayco,2800,5550
2023-10-20,Strut Mount,Lemforder,6000,15730
2023-10-21,Gearbox Mount,Febi,7000,16490
2023-10-21,Transmission Fluid Filter,Bosch,4500,9410
2023-10-22,Ball Joint,Reconditioned,5000,6190
2023-10-22,Brake Caliper,TRW,12000,29500
2023-10-22,PCV Valve,Delphi,2000,4160
2023-10-22,Spark Plug,Denso,1500,3550
2023-10-22,Strut Mount,Lemforder,6000,12110
2023-10-23,Alternator,Reconditioned,25000,28450
2023-10-23,Sway Bar Link,Febest,4500,10020
2023-10-24,Power Steering Pump,Delphi,18000,39850
2023-10-24,Starter Motor,Hitachi,22000,44890
2023-10-24,Tie Rod End,Febest,6500,16000
2023-10-25,CV Axle,Febest,16000,37070
2023-10-25,Piston Ring,Goetze,4000,9230
2023-10-25,Thermostat,Gates,3000,6430
2023-10-25,Transmission Fluid Filter,Mann,4500,10130
2023-10-26,Camshaft Position Sensor,Denso,7000,16220
2023-10-26,Piston Ring,Local OEM,4000,6900
2023-10-26,Starter Motor,Denso,22000,54600
2023-10-26,Thermostat,Local OEM,3000,4550
2023-10-26,Timing Belt,Dayco,9000,19620
2023-10-26,Windshield Wiper Blade,Bosch,900,2510
2023-10-27,Camshaft Position Sensor,Delphi,7000,16800
2023-10-27,Oxygen Sensor,Delphi,8500,17650
2023-10-27,PCV Valve,Delphi,2000,3890
2023-10-27,Tensioner Pulley,INA,3200,8040
2023-10-27,Transmission Fluid Filter,Mann,4500,12780
2023-10-27,Wiring Harness,Bosch,15000,31100
2023-10-28,Ball Joint,Moog,5000,12540
2023-10-28,Brake Caliper,ATE,12000,33650
2023-10-28,Camshaft Position Sensor,Delphi,7000,17290
2023-10-28,Distributor Cap,NGK,3800,9480
2023-10-28,Engine Oil Filter,Local OEM,2500,3240
2023-10-28,PCV Valve,Delphi,2000,4180
2023-10-28,Strut Mount,Moog,6000,16000
2023-10-29,Hub Assembly,NSK,14000,37040
2023-10-30,Fuel Injector,Standard,12000,25220
2023-10-30,Mass Air Flow Sensor,Standard,11000,24570
2023-10-30,Power Steering Pump,Reconditioned,18000,22660
2023-10-30,Radiator Hose,Gates,2500,6770
2023-10-30,Thermostat,Gates,3000,7090
2023-10-30,Transmission Fluid Filter,Mann,4500,12360
2023-10-31,Control Arm,Moog,10000,26250
2023-10-31,Windshield Wiper Blade,Valeo,900,2240
2023-11-01,PCV Valve,Febi,2000,4720
2023-11-02,Cabin Air Filter,Ryco,2200,4350
2023-11-02,Fuel Injector,Delphi,12000,30820
2023-11-02,Wheel Bearing,Local OEM,10000,16920
2023-11-02,Windshield Wiper Blade,Valeo,900,2240
2023-11-03,Clutch Plate,Local OEM,15000,24690
2023-11-03,Fuse,Local OEM,200,310
2023-11-03,Spark Plug,Denso,1500,3640
2023-11-03,Strut Mount,Lemforder,6000,15170
2023-11-04,Battery,Volta,18000,32840
2023-11-04,Catalytic Converter,Bosal,35000,78340
2023-11-04,Crankshaft Position Sensor,Local OEM,7500,11580
2023-11-04,EGR Valve,Denso,9500,21800
2023-11-05,Camshaft Position Sensor,Standard,7000,17170
2023-11-05,Crankshaft Position Sensor,Bosch,7500,18450
2023-11-05,Fuse,Local OEM,200,340
2023-11-05,Piston Ring,Goetze,4000,9680
2023-11-06,PCV Valve,Generic,2000,2570
2023-11-06,Power Steering Pump,Hitachi,18000,37860
2023-11-06,Radiator,Reconditioned,20000,23960
2023-11-07,CV Axle,GKN,16000,42070
2023-11-07,Wheel Bearing,Local OEM,10000,14980
2023-11-08,Idler Pulley,SKF,2800,5620
2023-11-08,Piston Ring,Federal-Mogul,4000,9340
2023-11-08,Thermostat,Local OEM,3000,4740
2023-11-09,CV Axle,Febest,16000,34480
2023-11-09,PCV Valve,Bosch,2000,4100
2023-11-11,Crankshaft Position Sensor,Delphi,7500,19260
2023-11-12,Radiator,Reconditioned,20000,25400
2023-11-12,Sway Bar Link,TRW,4500,11450
2023-11-12,Tensioner Pulley,SKF,3200,8010
2023-11-12,Throttle Body,Denso,14000,36450
2023-11-13,Idler Pulley,Dayco,2800,6090
2023-11-13,Shock Absorber,KYB,15000,37380
2023-11-14,Brake Disc,TRW,8000,18630
2023-11-14,Serpentine Belt,Gates,3500,9290
2023-11-14,Strut Mount,Moog,6000,13820
2023-11-15,Brake Fluid Hose,Local OEM,3000,4680
2023-11-15,Distributor Cap,Local OEM,3800,5820
2023-11-15,EGR Valve,Bosch,9500,24050
2023-11-15,Strut Mount,Moog,6000,13240
2023-11-15,Timing Belt,Local OEM,9000,15170
2023-11-16,Alternator,Hitachi,25000,50790
2023-11-16,Gearbox Mount,Lemforder,7000,17900
2023-11-16,Spark Plug,Local OEM,1500,2290
2023-11-17,Control Arm,Febest,10000,24810
2023-11-17,Mass Air Flow Sensor,Standard,11000,21920
2023-11-18,Brake Caliper,Delphi,12000,23810
2023-11-18,Brake Fluid Hose,ATE,3000,6370
2023-11-18,Control Arm,Moog,10000,25830
2023-11-18,Ignition Coil,Bosch,7500,18480
2023-11-19,CV Boot,TRW,3500,8710
2023-11-19,PCV Valve,Local OEM,2000,3170
2023-11-19,Windshield Wiper Blade,Valeo,900,2150
2023-11-20,Sway Bar Link,Moog,4500,11460
2023-11-21,Air Filter,Bosch,1800,3690
2023-11-22,EGR Valve,Denso,9500,25270
2023-11-22,Fuel Injector,Delphi,12000,31180
2023-11-22,Oxygen Sensor,Delphi,8500,17270
2023-11-23,Air Filter,Mann,1800,4240
2023-11-23,Alternator,Denso,25000,56890
2023-11-23,Rack and Pinion,Local OEM,22000,35530
2023-11-24,Cabin Air Filter,Bosch,2200,5400
2023-11-24,Oxygen Sensor,NGK,8500,23080
2023-11-25,Ball Joint,Delphi,5000,12710
2023-11-25,Cabin Air Filter,Ryco,2200,4400
2023-11-25,Clutch Plate,Reconditioned,15000,19540
2023-11-25,Control Arm,Local OEM,10000,15880
2023-11-25,Distributor Cap,Standard,3800,9190
2023-11-25,EGR Valve,Bosch,9500,23570
2023-11-25,Piston Ring,Reconditioned,4000,4770
2023-11-25,Spark Plug,NGK,1500,3730
2023-11-25,Tensioner Pulley,Dayco,3200,7520
2023-11-26,Brake Pad,TRW,6000,13980
2023-11-26,Piston Ring,Mahle,4000,9950
2023-11-26,Transmission Fluid Filter,Local OEM,4500,7020
2023-11-27,Cabin Air Filter,Bosch,2200,5730
2023-11-27,Serpentine Belt,Bosch,3500,8060
2023-11-28,Brake Pad,Local OEM,6000,8160
2023-11-28,Hub Assembly,Timken,14000,35170
2023-11-28,Transmission Fluid Filter,Mann,4500,11300
2023-11-29,Thermostat,Denso,3000,6880
2023-11-30,Brake Fluid Hose,Bosch,3000,7780
2023-11-30,CV Boot,Febest,3500,8060
2023-11-30,Camshaft Position Sensor,Denso,7000,16490
2023-12-01,Brake Disc,Local OEM,8000,12880
2023-12-01,Control Arm,Febi,10000,26780
2023-12-01,Fuse,Littelfuse,200,450
2023-12-01,Oxygen Sensor,Local OEM,8500,12620
2023-12-01,Serpentine Belt,Gates,3500,8130
2023-12-02,Battery,Amaron,18000,40200
2023-12-02,Engine Oil Filter,Local OEM,2500,3260
2023-12-02,Fuel Injector,Delphi,12000,32140
2023-12-02,Idler Pulley,Gates,2800,6680
2023-12-02,Ignition Coil,Denso,7500,20180
2023-12-03,Camshaft Position Sensor,Bosch,7000,18250
2023-12-03,Catalytic Converter,Walker,35000,78010
2023-12-03,Fuel Injector,Denso,12000,30620
2023-12-03,Thermostat,Local OEM,3000,4980
2023-12-03,Throttle Body,Standard,14000,31580
2023-12-04,CV Boot,Generic,3500,4500
2023-12-04,Control Arm,TRW,10000,23750
2023-12-04,Coolant Temperature Sensor,Bosch,4000,9880
2023-12-04,Fuse,Generic,200,230
2023-12-04,Tensioner Pulley,INA,3200,6960
2023-12-04,Water Pump,Aisin,12000,26940
2023-12-05,EGR Valve,Delphi,9500,26240
2023-12-05,Starter Motor,Bosch,22000,60500
2023-12-05,Wiring Harness,Delphi,15000,38820
2023-12-06,Cabin Air Filter,Mann,2200,6070
2023-12-06,Coolant Temperature Sensor,Delphi,4000,10020
2023-12-06,Mass Air Flow Sensor,Bosch,11000,31500
2023-12-06,Water Pump,Bosch,12000,28640
2023-12-07,Brake Pad,Bosch,6000,14060
2023-12-07,Coolant Temperature Sensor,Denso,4000,9830
2023-12-07,Crankshaft Position Sensor,Delphi,7500,15460
2023-12-07,Engine Oil Filter,Bosch,2500,5880
2023-12-07,Gearbox Mount,Lemforder,7000,18900
2023-12-08,Catalytic Converter,Bosal,35000,79520
2023-12-08,Shock Absorber,KYB,15000,36560
2023-12-08,Starter Motor,Bosch,22000,58110
2023-12-09,Hub Assembly,Reconditioned,14000,14200
2023-12-09,Shock Absorber,Local OEM,15000,22580
2023-12-09,Sway Bar Link,Febest,4500,10270
2023-12-10,Coolant Temperature Sensor,Delphi,4000,8700
2023-12-10,Radiator Hose,Bosch,2500,5760
2023-12-10,Wheel Bearing,NSK,10000,23300
2023-12-11,Sway Bar Link,Local OEM,4500,6490
2023-12-11,Windshield Wiper Blade,Bosch,900,2170
2023-12-12,CV Boot,TRW,3500,8730
2023-12-12,Clutch Plate,Valeo,15000,33810
2023-12-12,Gearbox Mount,Febi,7000,16440
2023-12-13,Control Arm,Febest,10000,24020
2023-12-13,Piston Ring,Local OEM,4000,6240
2023-12-13,Wheel Bearing,Timken,10000,23660
2023-12-14,CV Boot,GKN,3500,8520
2023-12-14,Camshaft Position Sensor,Denso,7000,17860
2023-12-14,Shock Absorber,KYB,15000,37030
2023-12-14,Spark Plug,Bosch,1500,3090
2023-12-14,Tie Rod End,TRW,6500,16500
2023-12-15,Gearbox Mount,Local OEM,7000,12470
2023-12-15,Idler Pulley,INA,2800,6520
2023-12-15,Rack and Pinion,TRW,22000,55080
2023-12-16,Battery,Bosch,18000,46730
2023-12-16,Catalytic Converter,Walker,35000,74890
2023-12-16,Timing Belt,Dayco,9000,18500
2023-12-17,Crankshaft Position Sensor,Delphi,7500,17180
2023-12-17,Radiator,Mishimoto,20000,56680
2023-12-17,Strut Mount,TRW,6000,14290
2023-12-18,Brake Pad,Nisshinbo,6000,16450
2023-12-18,CV Boot,TRW,3500,8520
2023-12-18,Cabin Air Filter,Mann,2200,5370
2023-12-18,Control Arm,Febi,10000,22860
2023-12-18,Gearbox Mount,Generic,7000,9590
2023-12-18,Radiator,Denso,20000,47320
2023-12-18,Spark Plug,NGK,1500,3960
2023-12-19,Brake Pad,TRW,6000,12960
2023-12-19,Hub Assembly,Reconditioned,14000,16530
2023-12-19,Piston Ring,NPR,4000,9700
2023-12-19,Shock Absorber,Sachs,15000,40610
2023-12-19,Windshield Wiper Blade,Valeo,900,2360
2023-12-20,Clutch Plate,LUK,15000,40840
2023-12-20,EGR Valve,Local OEM,9500,14720
2023-12-20,Idler Pulley,Gates,2800,7040
2023-12-20,PCV Valve,Bosch,2000,4710
2023-12-20,Transmission Fluid Filter,Local OEM,4500,8150
2023-12-21,Tie Rod End,Delphi,6500,14630
2023-12-22,CV Axle,Reconditioned,16000,19940
2023-12-22,Idler Pulley,INA,2800,6880
2023-12-22,Rack and Pinion,Delphi,22000,57010
2023-12-22,Radiator Hose,Dayco,2500,5710
2023-12-22,Serpentine Belt,Dayco,3500,8240
2023-12-22,Tensioner Pulley,Dayco,3200,7700
2023-12-22,Tie Rod End,TRW,6500,14190
2023-12-23,Brake Pad,Bosch,6000,14480
2023-12-23,Starter Motor,Reconditioned,22000,24400
2023-12-23,Wiring Harness,Delphi,15000,39890
2023-12-24,Battery,Bosch,18000,47760
2023-12-24,Fuse,Bussmann,200,430
2023-12-24,Spark Plug,Denso,1500,3690
2023-12-24,Transmission Fluid Filter,Bosch,4500,12170
2023-12-24,Wiring Harness,Local OEM,15000,26800
2023-12-25,Coolant Temperature Sensor,Denso,4000,9070
2023-12-25,Piston Ring,Goetze,4000,10420
2023-12-26,Distributor Cap,Denso,3800,9500
2023-12-26,Mass Air Flow Sensor,Reconditioned,11000,14280
2023-12-26,Tie Rod End,Moog,6500,15510
2023-12-26,Timing Belt,Contitech,9000,21770
2023-12-27,Mass Air Flow Sensor,Delphi,11000,26560
2023-12-27,Wheel Bearing,NSK,10000,22160
2023-12-28,Air Filter,Local OEM,1800,2610
2023-12-28,Strut Mount,Moog,6000,13170
2023-12-29,Brake Caliper,Delphi,12000,28650
2023-12-29,Gearbox Mount,Febi,7000,17680
2023-12-29,Hub Assembly,NSK,14000,38140
2023-12-29,Radiator Hose,Generic,2500,3690
2023-12-29,Throttle Body,Denso,14000,32640
2023-12-29,Windshield Wiper Blade,Valeo,900,2140
2023-12-30,Battery,Exide,18000,34180
2023-12-30,Control Arm,Febest,10000,23970
2023-12-30,Transmission Fluid Filter,Bosch,4500,10180
2024-01-01,Fuse,Bussmann,200,450
2024-01-01,Hub Assembly,SKF,14000,42830
2024-01-01,Tensioner Pulley,Dayco,3200,7220
2024-01-02,Alternator,Hitachi,25000,49770
2024-01-03,Engine Oil Filter,Ryco,2500,6070
2024-01-03,Piston Ring,Goetze,4000,9650
2024-01-04,CV Boot,Febest,3500,8280
2024-01-04,Cabin Air Filter,Bosch,2200,5400
2024-01-04,Hub Assembly,Local OEM,14000,25040
2024-01-04,PCV Valve,Febi,2000,4430
2024-01-04,Transmission Fluid Filter,Bosch,4500,10720
2024-01-04,Windshield Wiper Blade,Piaa,900,2420
2024-01-05,Brake Caliper,TRW,12000,34380
2024-01-05,Mass Air Flow Sensor,Delphi,11000,27760
2024-01-05,Rack and Pinion,Reconditioned,22000,27530
2024-01-05,Radiator Hose,Bosch,2500,5780
2024-01-05,Serpentine Belt,Bosch,3500,8720
2024-01-06,Coolant Temperature Sensor,Standard,4000,8970
2024-01-06,Mass Air Flow Sensor,Standard,11000,23060
2024-01-06,Radiator,Denso,20000,53100
2024-01-06,Wheel Bearing,NTN,10000,23100
2024-01-06,Windshield Wiper Blade,Generic,900,1240
2024-01-07,Brake Disc,Brembo,8000,26400
2024-01-07,Brake Pad,Nisshinbo,6000,14560
2024-01-07,Gearbox Mount,Local OEM,7000,12200
2024-01-07,Mass Air Flow Sensor,Bosch,11000,33690
2024-01-07,Timing Belt,Dayco,9000,22740
2024-01-08,Throttle Body,Standard,14000,30240
2024-01-09,CV Boot,Local OEM,3500,5580
2024-01-10,Distributor Cap,Denso,3800,9040
2024-01-10,Engine Oil Filter,Mann,2500,6180
2024-01-10,Fuel Injector,Denso,12000,29940
2024-01-11,Rack and Pinion,Local OEM,22000,35700
2024-01-12,Brake Fluid Hose,ATE,3000,7290
2024-01-12,Control Arm,Local OEM,10000,16360
2024-01-12,Coolant Temperature Sensor,Delphi,4000,8700
2024-01-12,Throttle Body,Bosch,14000,39240
2024-01-12,Timing Belt,Continental,9000,24140
2024-01-13,Catalytic Converter,Magnaflow,35000,105290
2024-01-14,CV Boot,Febest,3500,8340
2024-01-14,Power Steering Pump,Delphi,18000,42510
2024-01-14,Tie Rod End,Febest,6500,16370
2024-01-14,Wheel Bearing,FAG,10000,24890
2024-01-15,Battery,Amaron,18000,39910
2024-01-15,Brake Disc,DBA,8000,19120
2024-01-16,Gearbox Mount,Local OEM,7000,11860
2024-01-16,Piston Ring,Reconditioned,4000,5120
2024-01-16,Timing Belt,Local OEM,9000,14140
2024-01-16,Transmission Fluid Filter,Mann,4500,10340
2024-01-17,Brake Disc,ATE,8000,18920
2024-01-17,Radiator,Koyo,20000,50360
2024-01-17,Shock Absorber,KYB,15000,39160
2024-01-17,Sway Bar Link,TRW,4500,11360
2024-01-18,Alternator,Reconditioned,25000,28330
2024-01-18,Sway Bar Link,Febest,4500,10580
2024-01-18,Tie Rod End,Local OEM,6500,10820
2024-01-19,Catalytic Converter,Local OEM,35000,57830
2024-01-19,Fuse,Littelfuse,200,470
2024-01-19,Rack and Pinion,Reconditioned,22000,28680
2024-01-20,Battery,Exide,18000,37980
2024-01-20,Camshaft Position Sensor,Local OEM,7000,11780
2024-01-20,Strut Mount,Febi,6000,11260
2024-01-20,Tensioner Pulley,SKF,3200,7350
2024-01-20,Tie Rod End,Febest,6500,16390
2024-01-21,Battery,Exide,18000,35410
2024-01-21,Distributor Cap,Denso,3800,10380
2024-01-21,Oxygen Sensor,NGK,8500,22120
2024-01-21,Spark Plug,Bosch,1500,3530
2024-01-22,EGR Valve,Delphi,9500,23290
2024-01-22,Radiator Hose,Dayco,2500,6240
2024-01-23,Radiator,Reconditioned,20000,23760
2024-01-24,Cabin Air Filter,Mann,2200,5620
2024-01-24,Catalytic Converter,Bosal,35000,91870
2024-01-24,Radiator,Mishimoto,20000,56790
2024-01-24,Wheel Bearing,NSK,10000,24770
2024-01-25,Brake Disc,DBA,8000,21880
2024-01-25,Brake Pad,Nisshinbo,6000,15540
2024-01-25,Radiator,Nissens,20000,48180
2024-01-26,Clutch Plate,Exedy,15000,39680
2024-01-26,Distributor Cap,Denso,3800,8630
2024-01-26,Ignition Coil,Denso,7500,19680
2024-01-26,Sway Bar Link,Local OEM,4500,6370
2024-01-26,Water Pump,Graf,12000,26750
2024-01-27,Clutch Plate,Local OEM,15000,29240
2024-01-28,Idler Pulley,Dayco,2800,8280
2024-01-28,Ignition Coil,Denso,7500,17150
2024-01-29,Cabin Air Filter,Denso,2200,4990
2024-01-30,Control Arm,Febi,10000,24540
2024-01-30,Ignition Coil,Delphi,7500,17020
2024-01-31,Hub Assembly,SKF,14000,39410
2024-01-31,PCV Valve,Febi,2000,5040
2024-01-31,Shock Absorber,Sachs,15000,36340
2024-01-31,Timing Belt,Dayco,9000,21460
2024-02-01,Alternator,Mitsubishi,25000,51000
2024-02-01,Clutch Plate,Sachs,15000,36640
2024-02-01,Ignition Coil,Local OEM,7500,11930
2024-02-01,Wheel Bearing,NSK,10000,28480
2024-02-01,Windshield Wiper Blade,Generic,900,920
2024-02-02,CV Axle,Moog,16000,42660
2024-02-02,Catalytic Converter,Walker,35000,76160
2024-02-02,Power Steering Pump,Bosch,18000,43800
2024-02-03,CV Axle,Reconditioned,16000,23160
2024-02-03,Catalytic Converter,Bosal,35000,86140
2024-02-03,Hub Assembly,NSK,14000,35120
2024-02-03,Rack and Pinion,TRW,22000,59200
2024-02-03,Radiator,Nissens,20000,38940
2024-02-03,Sway Bar Link,TRW,4500,9690
2024-02-03,Transmission Fluid Filter,Local OEM,4500,6650
2024-02-04,Distributor Cap,Denso,3800,9580
2024-02-04,Mass Air Flow Sensor,Standard,11000,25800
2024-02-04,Spark Plug,Denso,1500,3570
2024-02-05,Serpentine Belt,Gates,3500,8450
2024-02-06,Battery,Bosch,18000,41860
2024-02-06,Camshaft Position Sensor,Delphi,7000,15420
2024-02-06,Idler Pulley,Local OEM,2800,5140
2024-02-07,Alternator,Local OEM,25000,37870
2024-02-07,Ball Joint,Delphi,5000,12000
2024-02-07,Brake Fluid Hose,Generic,3000,4080
2024-02-07,Fuse,Littelfuse,200,540
2024-02-07,Hub Assembly,Timken,14000,33920
2024-02-08,Battery,Amaron,18000,43240
2024-02-08,Distributor Cap,Local OEM,3800,6060
2024-02-08,EGR Valve,Bosch,9500,25540
2024-02-09,Air Filter,K&N,1800,5270
2024-02-09,Clutch Plate,Exedy,15000,33460
2024-02-10,Fuse,Local OEM,200,310
2024-02-10,PCV Valve,Delphi,2000,4610
2024-02-10,Thermostat,Wahler,3000,6460
2024-02-10,Water Pump,Graf,12000,26660
2024-02-11,Brake Pad,Bosch,6000,14970
2024-02-11,Ignition Coil,Denso,7500,20110
2024-02-12,Coolant Temperature Sensor,Delphi,4000,8860
2024-02-12,Fuel Injector,Reconditioned,12000,14740
2024-02-12,Oxygen Sensor,NGK,8500,24780
2024-02-12,Tie Rod End,Febest,6500,15690
2024-02-13,Distributor Cap,Denso,3800,8010
2024-02-13,Rack and Pinion,Moog,22000,50520
2024-02-13,Radiator,Local OEM,20000,31440
2024-02-13,Wheel Bearing,SKF,10000,26750
2024-02-14,Brake Pad,TRW,6000,14500
2024-02-14,Crankshaft Position Sensor,Denso,7500,20980
2024-02-14,Thermostat,Wahler,3000,7220
2024-02-14,Tie Rod End,TRW,6500,18220
2024-02-15,Brake Pad,Bosch,6000,15290
2024-02-15,Serpentine Belt,Dayco,3500,8720
2024-02-15,Strut Mount,Febi,6000,13810
2024-02-16,Control Arm,Febi,10000,23500
2024-02-16,Hub Assembly,NSK,14000,34740
2024-02-16,Transmission Fluid Filter,Febi,4500,10330
2024-02-16,Wheel Bearing,NTN,10000,22600
2024-02-17,Brake Caliper,TRW,12000,29530
2024-02-17,Tensioner Pulley,Dayco,3200,7100
2024-02-17,Tie Rod End,Moog,6500,15440
2024-02-17,Wheel Bearing,NTN,10000,22320
2024-02-18,Alternator,Denso,25000,56740
2024-02-18,Battery,Volta,18000,35470
2024-02-18,Coolant Temperature Sensor,Standard,4000,8470
2024-02-18,Engine Oil Filter,Mann,2500,6690
2024-02-18,Fuel Injector,Delphi,12000,30970
2024-02-18,Fuse,Littelfuse,200,500
2024-02-18,Power Steering Pump,TRW,18000,42720
2024-02-18,Tie Rod End,Moog,6500,15230
2024-02-19,Battery,Amaron,18000,41030
2024-02-19,Control Arm,Local OEM,10000,14190
2024-02-19,Power Steering Pump,Hitachi,18000,38850
2024-02-19,Rack and Pinion,TRW,22000,60770
2024-02-19,Spark Plug,Champion,1500,3230
2024-02-19,Tensioner Pulley,INA,3200,8850
2024-02-20,Alternator,Reconditioned,25000,28140
2024-02-20,Camshaft Position Sensor,Denso,7000,18820
2024-02-20,Mass Air Flow Sensor,Standard,11000,21150
2024-02-20,Strut Mount,TRW,6000,15240
2024-02-21,Crankshaft Position Sensor,Standard,7500,16950
2024-02-21,Ignition Coil,Delphi,7500,17810
2024-02-22,Gearbox Mount,TRW,7000,17190
2024-02-22,Serpentine Belt,Local OEM,3500,5800
2024-02-23,Gearbox Mount,TRW,7000,16700
2024-02-23,Ignition Coil,NGK,7500,17510
2024-02-24,Radiator,Denso,20000,47480
2024-02-24,Shock Absorber,KYB,15000,38570
2024-02-25,Hub Assembly,Reconditioned,14000,16660
2024-02-26,Brake Fluid Hose,Local OEM,3000,4360
2024-02-26,Cabin Air Filter,Bosch,2200,5380
2024-02-26,Oxygen Sensor,NGK,8500,21420
2024-02-26,Power Steering Pump,TRW,18000,42240
2024-02-26,Radiator Hose,Gates,2500,5930
2024-02-26,Thermostat,Wahler,3000,6840
2024-02-26,Throttle Body,Standard,14000,30250
2024-02-28,Spark Plug,Champion,1500,3000
2024-02-28,Strut Mount,TRW,6000,12840
2024-02-29,Coolant Temperature Sensor,Denso,4000,9380
2024-02-29,Hub Assembly,NSK,14000,31360
2024-02-29,Oxygen Sensor,Bosch,8500,22840
2024-02-29,Thermostat,Bosch,3000,7090
2024-02-29,Water Pump,Aisin,12000,31470
2024-02-29,Wiring Harness,Local OEM,15000,24520
2024-03-01,Camshaft Position Sensor,Standard,7000,14610
2024-03-01,Engine Oil Filter,Ryco,2500,5620
2024-03-01,Idler Pulley,Dayco,2800,6600
2024-03-01,Tensioner Pulley,INA,3200,8940
2024-03-01,Transmission Fluid Filter,Mann,4500,11910
2024-03-01,Windshield Wiper Blade,Local OEM,900,1240
2024-03-02,Coolant Temperature Sensor,Denso,4000,9920
2024-03-02,Idler Pulley,INA,2800,7470
2024-03-02,Power Steering Pump,Hitachi,18000,42940
2024-03-02,Thermostat,Gates,3000,6930
2024-03-03,Coolant Temperature Sensor,Local OEM,4000,6960
2024-03-03,Engine Oil Filter,Ryco,2500,5590
2024-03-03,Radiator Hose,Dayco,2500,5740
2024-03-05,Power Steering Pump,Hitachi,18000,43790
2024-03-05,Thermostat,Local OEM,3000,4890
2024-03-06,Catalytic Converter,Reconditioned,35000,40740
2024-03-06,Shock Absorber,Bilstein,15000,49440
2024-03-07,Battery,Bosch,18000,45290
2024-03-07,Crankshaft Position Sensor,Denso,7500,19940
2024-03-07,Rack and Pinion,Moog,22000,52060
2024-03-07,Tensioner Pulley,Dayco,3200,7600
2024-03-08,Brake Fluid Hose,Bosch,3000,6860
2024-03-08,Engine Oil Filter,Denso,2500,5680
2024-03-09,Ball Joint,Moog,5000,15040
2024-03-09,Serpentine Belt,Gates,3500,7910
2024-03-09,Sway Bar Link,Moog,4500,11600
2024-03-10,Brake Caliper,TRW,12000,28360
2024-03-10,Oxygen Sensor,NGK,8500,22650
2024-03-11,Brake Fluid Hose,Bosch,3000,7360
2024-03-11,Cabin Air Filter,Ryco,2200,5740
2024-03-11,Camshaft Position Sensor,Denso,7000,17170
2024-03-11,Serpentine Belt,Dayco,3500,8390
2024-03-11,Thermostat,Bosch,3000,7340
2024-03-11,Wiring Harness,Generic,15000,18730
2024-03-12,Engine Oil Filter,Local OEM,2500,3410
2024-03-12,PCV Valve,Febi,2000,4130
2024-03-13,CV Axle,GKN,16000,47670
2024-03-13,Ignition Coil,NGK,7500,18280
2024-03-14,Alternator,Denso,25000,59570
2024-03-14,Serpentine Belt,Dayco,3500,8460
2024-03-15,Starter Motor,Denso,22000,56040
2024-03-16,Gearbox Mount,Generic,7000,10660
2024-03-16,Radiator Hose,Gates,2500,6230
2024-03-16,Throttle Body,Reconditioned,14000,19130
2024-03-17,Brake Caliper,ATE,12000,33800
2024-03-17,Brake Disc,TRW,8000,18670
2024-03-17,Tensioner Pulley,Local OEM,3200,5490
2024-03-18,Brake Pad,TRW,6000,14080
2024-03-18,Catalytic Converter,Bosal,35000,80920
2024-03-18,Rack and Pinion,Moog,22000,52600
2024-03-19,Battery,Panasonic,18000,47850
2024-03-19,Catalytic Converter,Magnaflow,35000,99150
2024-03-19,EGR Valve,Local OEM,9500,18180
2024-03-19,Piston Ring,Mahle,4000,10280
2024-03-19,Shock Absorber,Local OEM,15000,23110
2024-03-20,CV Axle,Moog,16000,39280
2024-03-21,Crankshaft Position Sensor,Local OEM,7500,13030
2024-03-21,Sway Bar Link,Febest,4500,9730
2024-03-21,Transmission Fluid Filter,Generic,4500,6640
2024-03-22,Air Filter,Denso,1800,4160
2024-03-22,Piston Ring,Federal-Mogul,4000,9960
2024-03-22,Windshield Wiper Blade,Valeo,900,2130
2024-03-23,Crankshaft Position Sensor,Standard,7500,16260
2024-03-23,Gearbox Mount,Febi,7000,17580
2024-03-24,Brake Disc,Brembo,8000,24820
2024-03-24,Ignition Coil,NGK,7500,17440
2024-03-25,Serpentine Belt,Gates,3500,9030
2024-03-26,Engine Oil Filter,Bosch,2500,5900
2024-03-27,Wiring Harness,Generic,15000,18600
2024-03-28,CV Axle,Moog,16000,41460
2024-03-29,Crankshaft Position Sensor,Denso,7500,17600
2024-03-29,EGR Valve,Bosch,9500,25380
2024-03-29,Wheel Bearing,Timken,10000,22580
2024-03-30,Brake Disc,DBA,8000,21970
2024-03-31,Brake Disc,TRW,8000,17390
2024-03-31,Distributor Cap,Local OEM,3800,6220
2024-03-31,Tensioner Pulley,INA,3200,8370
2024-04-01,Alternator,Reconditioned,25000,29320
2024-04-01,Brake Fluid Hose,Generic,3000,3590
2024-04-01,Catalytic Converter,Reconditioned,35000,39320
2024-04-01,Hub Assembly,Reconditioned,14000,18100
2024-04-02,Coolant Temperature Sensor,Local OEM,4000,6940
2024-04-02,EGR Valve,Local OEM,9500,13390
2024-04-02,Mass Air Flow Sensor,Standard,11000,26310
2024-04-02,Wheel Bearing,Timken,10000,22500
2024-04-04,Distributor Cap,NGK,3800,8860
2024-04-04,Water Pump,Aisin,12000,30830
2024-04-05,Brake Caliper,TRW,12000,32000
2024-04-05,Catalytic Converter,Magnaflow,35000,100160
2024-04-05,Sway Bar Link,Febi,4500,9540
2024-04-06,Brake Pad,Bosch,6000,13780
2024-04-06,Radiator,Reconditioned,20000,25480
2024-04-06,Timing Belt,Dayco,9000,21830
2024-04-06,Wheel Bearing,NSK,10000,24290
2024-04-07,Camshaft Position Sensor,Bosch,7000,21710
2024-04-07,Radiator Hose,Gates,2500,5890
2024-04-07,Wiring Harness,Sumitomo,15000,47390
2024-04-08,Sway Bar Link,Febest,4500,9750
2024-04-08,Water Pump,Graf,12000,26520
2024-04-09,CV Boot,GKN,3500,10080
2024-04-09,Distributor Cap,NGK,3800,9570
2024-04-09,Idler Pulley,SKF,2800,7020
2024-04-09,Mass Air Flow Sensor,Delphi,11000,28880
2024-04-10,Camshaft Position Sensor,Standard,7000,15230
2024-04-10,Wiring Harness,Delphi,15000,40480
2024-04-11,Control Arm,Local OEM,10000,14740
2024-04-11,Rack and Pinion,Delphi,22000,61410
2024-04-11,Starter Motor,Hitachi,22000,50420
2024-04-12,Camshaft Position Sensor,Delphi,7000,18440
2024-04-12,Crankshaft Position Sensor,Denso,7500,19440
2024-04-12,Distributor Cap,Bosch,3800,9080
2024-04-13,Ignition Coil,Denso,7500,20660
2024-04-13,Radiator,Koyo,20000,46920
2024-04-14,Cabin Air Filter,Mann,2200,5720
2024-04-14,Throttle Body,Reconditioned,14000,18800
2024-04-15,Ball Joint,Reconditioned,5000,5500
2024-04-15,Gearbox Mount,Local OEM,7000,10600
2024-04-15,Timing Belt,Gates,9000,22200
2024-04-16,Crankshaft Position Sensor,Delphi,7500,17310
2024-04-16,Engine Oil Filter,Bosch,2500,6350
2024-04-16,Gearbox Mount,Generic,7000,9720
2024-04-16,Strut Mount,Lemforder,6000,14680
2024-04-17,PCV Valve,Delphi,2000,4140
2024-04-17,Shock Absorber,Monroe,15000,39660
2024-04-17,Throttle Body,Delphi,14000,35370
2024-04-18,Cabin Air Filter,Mann,2200,5120
2024-04-18,Radiator,Denso,20000,52420
2024-04-18,Throttle Body,Denso,14000,38060
2024-04-19,Serpentine Belt,Gates,3500,9460
2024-04-20,Brake Fluid Hose,Local OEM,3000,4620
2024-04-20,Water Pump,Aisin,12000,30130
2024-04-21,Gearbox Mount,Lemforder,7000,19780
2024-04-21,PCV Valve,Delphi,2000,4540
2024-04-22,Ball Joint,Local OEM,5000,7880
2024-04-22,Brake Pad,Akebono,6000,16020
2024-04-22,Cabin Air Filter,Ryco,2200,5230
2024-04-22,Distributor Cap,Denso,3800,9900
2024-04-23,Thermostat,Bosch,3000,6460
2024-04-24,CV Boot,GKN,3500,8580
2024-04-25,Coolant Temperature Sensor,Bosch,4000,10410
2024-04-25,Fuel Injector,Delphi,12000,31080
2024-04-25,Oxygen Sensor,Delphi,8500,20210
2024-04-26,Camshaft Position Sensor,Local OEM,7000,9800
2024-04-26,Power Steering Pump,Reconditioned,18000,23720
2024-04-26,Spark Plug,Bosch,1500,3480
2024-04-27,Alternator,Reconditioned,25000,27510
2024-04-27,Brake Disc,DBA,8000,19640
2024-04-27,Clutch Plate,Exedy,15000,37600
2024-04-28,Brake Fluid Hose,Febi,3000,6490
2024-04-28,Distributor Cap,Denso,3800,9290
2024-04-29,Brake Caliper,Brembo,12000,34760
2024-04-29,EGR Valve,Local OEM,9500,17000
2024-04-30,Alternator,Local OEM,25000,40950
2024-04-30,Crankshaft Position Sensor,Denso,7500,18040
2024-04-30,Windshield Wiper Blade,Denso,900,2420
2024-05-01,Ball Joint,Febest,5000,10540
2024-05-02,Air Filter,Mann,1800,4480
2024-05-02,Ignition Coil,Local OEM,7500,12720
2024-05-03,Mass Air Flow Sensor,Reconditioned,11000,15340
2024-05-03,PCV Valve,Local OEM,2000,3220
2024-05-03,Piston Ring,Reconditioned,4000,5070
2024-05-03,Radiator,Nissens,20000,49390
2024-05-03,Tie Rod End,Febest,6500,14930
2024-05-04,CV Axle,Local OEM,16000,27370
2024-05-04,Piston Ring,Local OEM,4000,6930
2024-05-04,Strut Mount,Moog,6000,14930
2024-05-04,Water Pump,Graf,12000,30360
2024-05-05,Brake Pad,Bosch,6000,13760
2024-05-05,Distributor Cap,Bosch,3800,10410
2024-05-05,EGR Valve,Denso,9500,25830
2024-05-05,PCV Valve,Delphi,2000,4700
2024-05-05,Rack and Pinion,Local OEM,22000,41940
2024-05-05,Tie Rod End,Delphi,6500,16030
2024-05-05,Transmission Fluid Filter,Febi,4500,11050
2024-05-06,Air Filter,Ryco,1800,4300
2024-05-06,Clutch Plate,Reconditioned,15000,19440
2024-05-07,Brake Caliper,TRW,12000,28140
2024-05-07,Clutch Plate,Exedy,15000,33120
2024-05-07,Fuse,Local OEM,200,310
2024-05-07,Windshield Wiper Blade,Piaa,900,2600
2024-05-08,Camshaft Position Sensor,Local OEM,7000,11790
2024-05-09,Fuel Injector,Standard,12000,27130
2024-05-09,Sway Bar Link,TRW,4500,10690
2024-05-09,Tie Rod End,Febest,6500,17280
2024-05-10,Cabin Air Filter,Ryco,2200,5420
2024-05-10,Fuse,Bussmann,200,510
2024-05-11,Brake Fluid Hose,Bosch,3000,7990
2024-05-11,Water Pump,Bosch,12000,33450
2024-05-12,Air Filter,Mann,1800,4310
2024-05-12,Clutch Plate,Exedy,15000,40750
2024-05-12,Fuel Injector,Standard,12000,27220
2024-05-12,Throttle Body,Denso,14000,31670
2024-05-12,Wheel Bearing,FAG,10000,25440
2024-05-13,CV Boot,GKN,3500,9180
2024-05-13,Fuse,Bosch,200,490
2024-05-13,Idler Pulley,INA,2800,7080
2024-05-13,Water Pump,Aisin,12000,34590
2024-05-13,Windshield Wiper Blade,Valeo,900,2090
2024-05-14,CV Boot,Generic,3500,4940
2024-05-14,Power Steering Pump,Bosch,18000,44920
2024-05-14,Thermostat,Gates,3000,6780
2024-05-16,Spark Plug,Champion,1500,3530
2024-05-16,Windshield Wiper Blade,Denso,900,2300
2024-05-17,Battery,Amaron,18000,45350
2024-05-17,Brake Fluid Hose,Generic,3000,4070
2024-05-17,CV Axle,Reconditioned,16000,20490
2024-05-17,Radiator,Reconditioned,20000,26380
2024-05-18,Fuse,Local OEM,200,310
2024-05-18,Shock Absorber,Sachs,15000,37050
2024-05-19,Brake Caliper,Delphi,12000,29170
2024-05-20,Air Filter,K&N,1800,5010
2024-05-20,Alternator,Hitachi,25000,57160
2024-05-20,Camshaft Position Sensor,Delphi,7000,18340
2024-05-20,Coolant Temperature Sensor,Standard,4000,9370
2024-05-20,Engine Oil Filter,Ryco,2500,7050
2024-05-20,Water Pump,Bosch,12000,30480
2024-05-21,Air Filter,Mann,1800,4900
2024-05-21,Camshaft Position Sensor,Denso,7000,19090
2024-05-21,Clutch Plate,Local OEM,15000,25270
2024-05-21,Radiator Hose,Generic,2500,3600
2024-05-22,Brake Caliper,ATE,12000,34590
2024-05-22,Thermostat,Bosch,3000,7570
2024-05-23,Control Arm,TRW,10000,24180
2024-05-23,Strut Mount,Local OEM,6000,8560
2024-05-23,Timing Belt,Continental,9000,25950
2024-05-23,Transmission Fluid Filter,Bosch,4500,11560
2024-05-24,Crankshaft Position Sensor,Standard,7500,17270
2024-05-24,Thermostat,Local OEM,3000,4850
2024-05-25,Cabin Air Filter,Ryco,2200,4950
2024-05-25,Distributor Cap,Denso,3800,10830
2024-05-25,Oxygen Sensor,NGK,8500,21980
2024-05-25,Wiring Harness,Bosch,15000,38110
2024-05-26,Air Filter,Ryco,1800,4070
2024-05-26,Engine Oil Filter,Denso,2500,5890
2024-05-26,Spark Plug,Champion,1500,3560
2024-05-27,Brake Disc,DBA,8000,20480
2024-05-27,CV Boot,GKN,3500,8980
2024-05-27,Oxygen Sensor,Bosch,8500,22110
2024-05-27,Radiator Hose,Bosch,2500,5370
2024-05-27,Throttle Body,Reconditioned,14000,20550
2024-05-28,Alternator,Denso,25000,63200
2024-05-28,Cabin Air Filter,Local OEM,2200,3280
2024-05-28,Piston Ring,Federal-Mogul,4000,9650
2024-05-29,Brake Caliper,Local OEM,12000,18910
2024-05-29,Gearbox Mount,Febi,7000,17490
2024-05-30,Brake Caliper,Reconditioned,12000,15150
2024-05-30,Idler Pulley,Gates,2800,7780
2024-05-31,CV Axle,Moog,16000,39940
2024-05-31,Clutch Plate,Reconditioned,15000,19500
2024-05-31,EGR Valve,Bosch,9500,29110
2024-05-31,Thermostat,Denso,3000,6750
2024-06-01,Idler Pulley,SKF,2800,7580
2024-06-02,Brake Caliper,Delphi,12000,28580
2024-06-02,Piston Ring,NPR,4000,10130
2024-06-02,Serpentine Belt,Bosch,3500,8630
2024-06-02,Wheel Bearing,NSK,10000,25740
2024-06-03,Brake Fluid Hose,Generic,3000,4640
2024-06-03,Cabin Air Filter,Bosch,2200,5370
2024-06-03,Camshaft Position Sensor,Bosch,7000,19440
2024-06-03,Windshield Wiper Blade,Valeo,900,2220
2024-06-04,Brake Pad,Bosch,6000,13650
2024-06-04,Crankshaft Position Sensor,Bosch,7500,22670
2024-06-04,Starter Motor,Hitachi,22000,52790
2024-06-04,Water Pump,Aisin,12000,34060
2024-06-05,Alternator,Bosch,25000,68490
2024-06-05,Battery,Amaron,18000,41010
2024-06-05,Throttle Body,Reconditioned,14000,20570
2024-06-06,CV Axle,GKN,16000,41330
2024-06-06,Cabin Air Filter,Ryco,2200,4900
2024-06-06,Fuel Injector,Bosch,12000,34080
2024-06-06,Transmission Fluid Filter,Local OEM,4500,6550
2024-06-06,Windshield Wiper Blade,Bosch,900,2180
2024-06-07,Catalytic Converter,Bosal,35000,83290
2024-06-07,Radiator,Mishimoto,20000,52580
2024-06-07,Radiator Hose,Bosch,2500,6000
2024-06-07,Spark Plug,Bosch,1500,3740
2024-06-07,Tie Rod End,TRW,6500,18230
2024-06-08,Oxygen Sensor,Bosch,8500,20370
2024-06-08,Shock Absorber,KYB,15000,35390
2024-06-08,Starter Motor,Bosch,22000,57360
2024-06-09,Mass Air Flow Sensor,Delphi,11000,29960
2024-06-09,Piston Ring,Goetze,4000,10770
2024-06-09,Serpentine Belt,Gates,3500,9560
2024-06-10,Rack and Pinion,Moog,22000,55270
2024-06-10,Radiator,Koyo,20000,50360
2024-06-10,Shock Absorber,Sachs,15000,34800
2024-06-11,Air Filter,Bosch,1800,4980
2024-06-11,Alternator,Denso,25000,60670
2024-06-11,Rack and Pinion,Moog,22000,47050
2024-06-11,Shock Absorber,Bilstein,15000,42570
2024-06-12,Brake Fluid Hose,Local OEM,3000,5900
2024-06-12,Catalytic Converter,Bosal,35000,88030
2024-06-12,Wheel Bearing,Timken,10000,26620
2024-06-13,CV Boot,Local OEM,3500,5000
2024-06-13,Fuse,Bussmann,200,490
2024-06-14,Sway Bar Link,Local OEM,4500,7670
2024-06-14,Tie Rod End,Local OEM,6500,11500
2024-06-15,CV Boot,GKN,3500,9360
2024-06-15,Catalytic Converter,Bosal,35000,98400
2024-06-16,Oxygen Sensor,Bosch,8500,22700
2024-06-16,Sway Bar Link,TRW,4500,11810
2024-06-17,Ball Joint,Febest,5000,11080
2024-06-17,Camshaft Position Sensor,Denso,7000,19100
2024-06-17,Shock Absorber,Reconditioned,15000,19090
2024-06-17,Windshield Wiper Blade,Generic,900,1250
2024-06-18,Battery,Exide,18000,44420
2024-06-18,Brake Pad,Nisshinbo,6000,16800
2024-06-18,Idler Pulley,SKF,2800,7940
2024-06-18,Throttle Body,Standard,14000,34070
2024-06-19,Camshaft Position Sensor,Delphi,7000,18780
2024-06-19,PCV Valve,Generic,2000,2940
2024-06-20,EGR Valve,Denso,9500,22040
2024-06-21,Mass Air Flow Sensor,Bosch,11000,30590
2024-06-21,Tie Rod End,Febest,6500,16630
2024-06-21,Transmission Fluid Filter,Bosch,4500,11260
2024-06-22,Battery,Panasonic,18000,49060
2024-06-22,Brake Pad,Local OEM,6000,8460
2024-06-22,Fuel Injector,Bosch,12000,36310
2024-06-23,Clutch Plate,Local OEM,15000,23670
2024-06-23,Power Steering Pump,Reconditioned,18000,21900
2024-06-24,Power Steering Pump,Local OEM,18000,31690
2024-06-24,Radiator Hose,Dayco,2500,5990
2024-06-24,Throttle Body,Denso,14000,36560
2024-06-25,Cabin Air Filter,Mann,2200,5410
2024-06-25,Fuse,Local OEM,200,260
2024-06-25,Sway Bar Link,TRW,4500,12320
2024-06-25,Timing Belt,Local OEM,9000,16070
2024-06-26,Ball Joint,TRW,5000,12170
2024-06-26,Fuse,Bosch,200,510
2024-06-26,Radiator Hose,Generic,2500,3330
2024-06-27,Brake Disc,ATE,8000,23080
2024-06-27,PCV Valve,Bosch,2000,5030
2024-06-28,Fuel Injector,Denso,12000,34770
2024-06-28,Hub Assembly,NSK,14000,36420
2024-06-28,Serpentine Belt,Continental,3500,9070
2024-06-28,Transmission Fluid Filter,Mann,4500,11760
2024-06-29,PCV Valve,Febi,2000,4850
2024-06-29,Strut Mount,Febi,6000,13770
2024-06-30,Ball Joint,Febest,5000,12030
2024-06-30,Fuse,Bussmann,200,420
2024-06-30,Gearbox Mount,Febi,7000,18760
2024-06-30,Thermostat,Bosch,3000,7000
2024-07-01,Control Arm,Febi,10000,20690
2024-07-03,Camshaft Position Sensor,Delphi,7000,16370
2024-07-03,Crankshaft Position Sensor,Standard,7500,16140
2024-07-03,Oxygen Sensor,Delphi,8500,19210
2024-07-03,Windshield Wiper Blade,Generic,900,1120
2024-07-04,Alternator,Hitachi,25000,52280
2024-07-04,Brake Disc,ATE,8000,21120
2024-07-04,Control Arm,TRW,10000,25790
2024-07-04,Fuel Injector,Reconditioned,12000,17480
2024-07-04,Spark Plug,Denso,1500,3460
2024-07-04,Wiring Harness,Bosch,15000,36780
2024-07-05,Gearbox Mount,Lemforder,7000,17570
2024-07-05,Piston Ring,Mahle,4000,11360
2024-07-05,Sway Bar Link,Febi,4500,10090
2024-07-06,CV Boot,Febest,3500,8430
2024-07-06,Fuse,Bosch,200,500
2024-07-06,Power Steering Pump,TRW,18000,53340
2024-07-06,Spark Plug,NGK,1500,3670
2024-07-07,Brake Pad,TRW,6000,14500
2024-07-07,Catalytic Converter,Local OEM,35000,57430
2024-07-07,Serpentine Belt,Local OEM,3500,6540
2024-07-07,Shock Absorber,Local OEM,15000,25340
2024-07-07,Transmission Fluid Filter,Febi,4500,11160
2024-07-08,CV Boot,Febest,3500,8220
2024-07-08,Distributor Cap,NGK,3800,9820
2024-07-09,Brake Disc,DBA,8000,22360
2024-07-09,Fuel Injector,Standard,12000,25220
2024-07-09,Hub Assembly,Reconditioned,14000,15700
2024-07-09,Idler Pulley,SKF,2800,8020
2024-07-10,Hub Assembly,FAG,14000,40000
2024-07-10,Water Pump,Aisin,12000,31310
2024-07-11,Alternator,Denso,25000,69910
2024-07-11,Fuel Injector,Bosch,12000,34570
2024-07-12,EGR Valve,Denso,9500,22950
2024-07-13,PCV Valve,Febi,2000,4680
2024-07-13,Tie Rod End,Febest,6500,15230
2024-07-13,Timing Belt,Gates,9000,23560
2024-07-13,Wheel Bearing,Timken,10000,26470
2024-07-14,Ball Joint,Moog,5000,12500
2024-07-14,Idler Pulley,Dayco,2800,6590
2024-07-14,Serpentine Belt,Gates,3500,8710
2024-07-15,Clutch Plate,Valeo,15000,39200
2024-07-15,Coolant Temperature Sensor,Denso,4000,9050
2024-07-15,Windshield Wiper Blade,Bosch,900,2280
2024-07-16,CV Boot,TRW,3500,8240
2024-07-16,Clutch Plate,Local OEM,15000,24120
2024-07-16,Engine Oil Filter,Mann,2500,5940
2024-07-16,Ignition Coil,NGK,7500,19960
2024-07-16,Oxygen Sensor,Local OEM,8500,13970
2024-07-16,Strut Mount,TRW,6000,14820
2024-07-17,Alternator,Local OEM,25000,34300
2024-07-17,Starter Motor,Denso,22000,50440
2024-07-18,Hub Assembly,NSK,14000,31530
2024-07-18,Sway Bar Link,TRW,4500,11280
2024-07-19,CV Boot,Generic,3500,4700
2024-07-19,Fuse,Bussmann,200,420
2024-07-19,Gearbox Mount,TRW,7000,17110
2024-07-19,Mass Air Flow Sensor,Bosch,11000,30830
2024-07-19,Piston Ring,Goetze,4000,9340
2024-07-19,Strut Mount,Febi,6000,14760
2024-07-19,Sway Bar Link,Febi,4500,10580
2024-07-20,Gearbox Mount,Local OEM,7000,13200
2024-07-20,Wiring Harness,Local OEM,15000,25890
2024-07-21,Cabin Air Filter,Ryco,2200,4900
2024-07-22,Engine Oil Filter,Bosch,2500,6210
2024-07-22,Sway Bar Link,Moog,4500,12400
2024-07-22,Timing Belt,Local OEM,9000,15200
2024-07-23,Battery,Amaron,18000,45290
2024-07-23,CV Axle,Febest,16000,41610
2024-07-23,Timing Belt,Contitech,9000,24980
2024-07-24,EGR Valve,Denso,9500,22540
2024-07-24,PCV Valve,Febi,2000,4810
2024-07-24,Rack and Pinion,Moog,22000,54860
2024-07-24,Shock Absorber,KYB,15000,37480
2024-07-25,Brake Caliper,ATE,12000,27630
2024-07-25,Timing Belt,Continental,9000,22570
2024-07-25,Wheel Bearing,SKF,10000,28410
2024-07-26,Brake Caliper,Reconditioned,12000,15760
2024-07-26,Windshield Wiper Blade,Piaa,900,2470
2024-07-27,CV Axle,Local OEM,16000,24380
2024-07-27,Strut Mount,Febi,6000,12560
2024-07-28,EGR Valve,Denso,9500,24380
2024-07-28,Piston Ring,Mahle,4000,9790
2024-07-28,Starter Motor,Hitachi,22000,47400
2024-07-29,Alternator,Local OEM,25000,36500
2024-07-29,Fuel Injector,Reconditioned,12000,14380
2024-07-29,Mass Air Flow Sensor,Bosch,11000,29370
2024-07-29,Rack and Pinion,Moog,22000,61360
2024-07-29,Transmission Fluid Filter,Local OEM,4500,7600
2024-07-30,Brake Caliper,Delphi,12000,29550
2024-07-31,Crankshaft Position Sensor,Bosch,7500,18980
2024-08-01,Battery,Volta,18000,36220
2024-08-01,Brake Fluid Hose,Febi,3000,6960
2024-08-01,Clutch Plate,Exedy,15000,36260
2024-08-01,Radiator Hose,Gates,2500,6050
2024-08-02,Wheel Bearing,Local OEM,10000,17570
2024-08-03,Wiring Harness,Bosch,15000,37820
2024-08-04,Battery,Exide,18000,40950
2024-08-04,Engine Oil Filter,Bosch,2500,6090
2024-08-05,Ball Joint,Local OEM,5000,7020
2024-08-05,Gearbox Mount,Febi,7000,17660
2024-08-05,Spark Plug,Bosch,1500,3970
2024-08-05,Timing Belt,Dayco,9000,22370
2024-08-06,Air Filter,Bosch,1800,4380
2024-08-06,Power Steering Pump,Bosch,18000,46200
2024-08-06,Thermostat,Wahler,3000,6970
2024-08-06,Transmission Fluid Filter,Local OEM,4500,7450
2024-08-07,Starter Motor,Mitsubishi,22000,55270
2024-08-08,Alternator,Mitsubishi,25000,63780
2024-08-08,Ball Joint,Local OEM,5000,8330
2024-08-08,Cabin Air Filter,Local OEM,2200,3030
2024-08-08,Control Arm,TRW,10000,27000
2024-08-08,Distributor Cap,Standard,3800,8460
2024-08-08,EGR Valve,Delphi,9500,23150
2024-08-08,Gearbox Mount,Generic,7000,9610
2024-08-08,Tensioner Pulley,Gates,3200,7620
2024-08-08,Wiring Harness,Delphi,15000,36110
2024-08-09,Brake Caliper,Local OEM,12000,20770
2024-08-09,Radiator Hose,Dayco,2500,5540
2024-08-09,Thermostat,Bosch,3000,6610
2024-08-09,Water Pump,Graf,12000,26190
2024-08-10,Brake Caliper,ATE,12000,29570
2024-08-10,Wiring Harness,Bosch,15000,36500
2024-08-11,EGR Valve,Local OEM,9500,13720
2024-08-11,Spark Plug,Champion,1500,3230
2024-08-11,Water Pump,Aisin,12000,34760
2024-08-12,Catalytic Converter,Reconditioned,35000,36760
2024-08-12,Shock Absorber,Local OEM,15000,26700
2024-08-12,Transmission Fluid Filter,Febi,4500,10840
2024-08-13,Air Filter,K&N,1800,5250
2024-08-13,Brake Fluid Hose,Febi,3000,6620
2024-08-13,PCV Valve,Febi,2000,4290
2024-08-13,Serpentine Belt,Gates,3500,8840
2024-08-13,Spark Plug,Iridium NGK,1500,4380
2024-08-13,Timing Belt,Gates,9000,22500
2024-08-14,Air Filter,Mann,1800,5170
2024-08-14,Ball Joint,Delphi,5000,11150
2024-08-14,Clutch Plate,Sachs,15000,37550
2024-08-15,Oxygen Sensor,Denso,8500,22100
2024-08-15,Thermostat,Wahler,3000,7040
2024-08-16,Air Filter,Bosch,1800,4440
2024-08-16,Ignition Coil,NGK,7500,17770
2024-08-16,Windshield Wiper Blade,Bosch,900,2160
2024-08-18,Air Filter,Mann,1800,4710
2024-08-18,Battery,Amaron,18000,39260
2024-08-18,Starter Motor,Hitachi,22000,46810
2024-08-18,Sway Bar Link,Moog,4500,12410
2024-08-18,Throttle Body,Reconditioned,14000,19280
2024-08-19,Brake Caliper,ATE,12000,30900
2024-08-19,Fuse,Bussmann,200,450
2024-08-20,Radiator Hose,Dayco,2500,5960
2024-08-20,Thermostat,Bosch,3000,6320
2024-08-20,Tie Rod End,Moog,6500,16600
2024-08-21,Gearbox Mount,Lemforder,7000,19670
2024-08-21,Oxygen Sensor,Local OEM,8500,13720
2024-08-21,Power Steering Pump,Local OEM,18000,32130
2024-08-22,Power Steering Pump,Delphi,18000,41260
2024-08-22,Wiring Harness,Delphi,15000,38130
2024-08-23,Piston Ring,Federal-Mogul,4000,10290
2024-08-23,Spark Plug,Iridium NGK,1500,4670
2024-08-24,Mass Air Flow Sensor,Standard,11000,24260
2024-08-24,Timing Belt,Dayco,9000,20920
2024-08-25,Catalytic Converter,Walker,35000,87310
2024-08-25,EGR Valve,Local OEM,9500,13960
2024-08-25,Gearbox Mount,Lemforder,7000,19020
2024-08-25,Hub Assembly,Reconditioned,14000,16490
2024-08-25,Idler Pulley,INA,2800,6540
2024-08-25,Sway Bar Link,Moog,4500,11660
2024-08-26,Battery,Amaron,18000,38370
2024-08-26,Oxygen Sensor,NGK,8500,18260
2024-08-26,Windshield Wiper Blade,Generic,900,1080
2024-08-27,Rack and Pinion,Reconditioned,22000,26600
2024-08-28,Control Arm,Local OEM,10000,16180
2024-08-28,Idler Pulley,SKF,2800,8030
2024-08-28,Tie Rod End,Febest,6500,17900
2024-08-28,Wiring Harness,Generic,15000,19400
2024-08-29,Clutch Plate,Reconditioned,15000,18920
2024-08-29,Crankshaft Position Sensor,Denso,7500,20350
2024-08-29,Idler Pulley,SKF,2800,7940
2024-08-29,Piston Ring,Local OEM,4000,6230
2024-08-29,Spark Plug,Bosch,1500,3830
2024-08-29,Throttle Body,Reconditioned,14000,19920
2024-08-30,Brake Disc,Bosch,8000,18120
2024-08-30,Piston Ring,Federal-Mogul,4000,8990
2024-08-30,Strut Mount,Febi,6000,13800
2024-08-30,Water Pump,Aisin,12000,29460
2024-08-30,Wheel Bearing,FAG,10000,28860
2024-08-31,Air Filter,Local OEM,1800,2470
2024-08-31,Tensioner Pulley,Gates,3200,7050
2024-08-31,Tie Rod End,Local OEM,6500,11170
2024-09-01,Distributor Cap,Local OEM,3800,6270
2024-09-02,Coolant Temperature Sensor,Delphi,4000,8940
2024-09-03,Brake Caliper,Reconditioned,12000,14990
2024-09-03,Brake Pad,Nisshinbo,6000,15150
2024-09-03,Engine Oil Filter,Bosch,2500,6040
2024-09-03,Hub Assembly,Timken,14000,34640
2024-09-03,Starter Motor,Hitachi,22000,53430
2024-09-03,Tensioner Pulley,Gates,3200,6880
2024-09-03,Wiring Harness,Delphi,15000,39060
2024-09-04,Battery,Bosch,18000,49890
2024-09-04,Catalytic Converter,Bosal,35000,98290
2024-09-04,Control Arm,Febest,10000,27190
2024-09-04,Coolant Temperature Sensor,Standard,4000,9120
2024-09-04,Crankshaft Position Sensor,Standard,7500,16100
2024-09-04,Radiator,Denso,20000,51560
2024-09-04,Throttle Body,Reconditioned,14000,18220
2024-09-05,Air Filter,K&N,1800,5120
2024-09-05,Starter Motor,Hitachi,22000,48660
2024-09-05,Wiring Harness,Generic,15000,19750
2024-09-06,CV Boot,Febest,3500,8000
2024-09-06,Cabin Air Filter,Mann,2200,5510
2024-09-06,Power Steering Pump,Bosch,18000,50370
2024-09-06,Rack and Pinion,Reconditioned,22000,26700
2024-09-06,Tie Rod End,TRW,6500,14730
2024-09-07,CV Boot,Febest,3500,7630
2024-09-07,Coolant Temperature Sensor,Delphi,4000,8470
2024-09-08,Ball Joint,Reconditioned,5000,6370
2024-09-08,Crankshaft Position Sensor,Standard,7500,16570
2024-09-09,Brake Fluid Hose,ATE,3000,6690
2024-09-09,Crankshaft Position Sensor,Bosch,7500,20610
2024-09-09,Oxygen Sensor,NGK,8500,19210
2024-09-09,Thermostat,Wahler,3000,7660
2024-09-10,Control Arm,Febi,10000,24830
2024-09-10,Oxygen Sensor,Delphi,8500,20750
2024-09-11,Ignition Coil,Delphi,7500,17370
2024-09-11,Sway Bar Link,Local OEM,4500,7560
2024-09-12,Radiator Hose,Generic,2500,3290
2024-09-13,Idler Pulley,Gates,2800,7010
2024-09-14,Tensioner Pulley,INA,3200,8050
2024-09-15,Air Filter,Ryco,1800,3900
2024-09-15,Ignition Coil,Denso,7500,18040
2024-09-16,Starter Motor,Bosch,22000,52180
2024-09-17,Ball Joint,TRW,5000,12670
2024-09-17,Coolant Temperature Sensor,Denso,4000,10380
2024-09-17,Fuse,Bussmann,200,460
2024-09-17,PCV Valve,Generic,2000,2750
2024-09-17,Piston Ring,Goetze,4000,9900
2024-09-17,Strut Mount,TRW,6000,13630
2024-09-18,Ball Joint,TRW,5000,11740
2024-09-19,Brake Caliper,Delphi,12000,30880
2024-09-19,Brake Pad,TRW,6000,15320
2024-09-19,Spark Plug,Bosch,1500,3880
2024-09-20,Ball Joint,Febest,5000,11880
2024-09-20,Control Arm,Moog,10000,26110
2024-09-20,Transmission Fluid Filter,Local OEM,4500,7330
2024-09-20,Water Pump,Local OEM,12000,20470
2024-09-22,CV Boot,GKN,3500,9330
2024-09-22,Catalytic Converter,Magnaflow,35000,110070
2024-09-22,Piston Ring,NPR,4000,10440
2024-09-22,Power Steering Pump,Delphi,18000,42610
2024-09-23,Air Filter,Denso,1800,4160
2024-09-23,Mass Air Flow Sensor,Bosch,11000,31750
2024-09-23,Oxygen Sensor,Delphi,8500,19640
2024-09-23,Radiator Hose,Dayco,2500,6100
2024-09-23,Thermostat,Bosch,3000,6580
2024-09-24,CV Axle,Local OEM,16000,24970
2024-09-24,Strut Mount,Febi,6000,14710
2024-09-24,Tensioner Pulley,Local OEM,3200,5000
2024-09-24,Throttle Body,Reconditioned,14000,18340
2024-09-25,Alternator,Reconditioned,25000,27700
2024-09-25,Piston Ring,Federal-Mogul,4000,10560
2024-09-25,Wiring Harness,Local OEM,15000,24920
2024-09-26,Cabin Air Filter,Bosch,2200,4800
2024-09-26,Clutch Plate,Exedy,15000,33500
2024-09-26,Starter Motor,Hitachi,22000,48380
2024-09-27,CV Axle,Febest,16000,38660
2024-09-27,Fuel Injector,Delphi,12000,32660
2024-09-27,Gearbox Mount,Lemforder,7000,17220
2024-09-27,Strut Mount,Febi,6000,14920
2024-09-28,Ball Joint,TRW,5000,12450
2024-09-28,Idler Pulley,Dayco,2800,6460
2024-09-28,Rack and Pinion,Delphi,22000,58890
2024-09-28,Serpentine Belt,Dayco,3500,9180
2024-09-28,Shock Absorber,Sachs,15000,39930
2024-09-29,Spark Plug,Denso,1500,3530
2024-09-29,Tensioner Pulley,SKF,3200,7520
2024-09-30,Shock Absorber,Bilstein,15000,43120
2024-10-01,Catalytic Converter,Reconditioned,35000,34360
2024-10-01,Engine Oil Filter,Bosch,2500,6080
2024-10-01,Shock Absorber,Sachs,15000,33260
2024-10-01,Strut Mount,Moog,6000,15410
2024-10-01,Wiring Harness,Bosch,15000,37860
2024-10-02,Distributor Cap,Standard,3800,8290
2024-10-02,Strut Mount,Moog,6000,14600
2024-10-02,Throttle Body,Reconditioned,14000,19470
2024-10-03,Tensioner Pulley,INA,3200,7560
2024-10-03,Water Pump,Aisin,12000,35090
2024-10-03,Wheel Bearing,Timken,10000,26700
2024-10-04,Hub Assembly,Timken,14000,37500
2024-10-05,Brake Caliper,Brembo,12000,33990
2024-10-05,Brake Pad,Bosch,6000,15480
2024-10-05,Camshaft Position Sensor,Delphi,7000,17530
2024-10-05,Fuse,Bussmann,200,440
2024-10-05,PCV Valve,Delphi,2000,4640
2024-10-05,Power Steering Pump,Hitachi,18000,43810
2024-10-05,Tie Rod End,Delphi,6500,16660
2024-10-06,Camshaft Position Sensor,Delphi,7000,15250
2024-10-06,Throttle Body,Delphi,14000,34780
2024-10-07,Air Filter,Bosch,1800,4520
2024-10-07,Mass Air Flow Sensor,Reconditioned,11000,15160
2024-10-07,Throttle Body,Denso,14000,32740
2024-10-08,Ignition Coil,Local OEM,7500,13680
2024-10-08,Power Steering Pump,Hitachi,18000,38210
2024-10-09,Fuel Injector,Delphi,12000,32810
2024-10-09,Radiator,Denso,20000,48600
2024-10-09,Tie Rod End,TRW,6500,16260
2024-10-10,Engine Oil Filter,Local OEM,2500,3500
2024-10-10,Starter Motor,Denso,22000,58480
2024-10-11,Brake Disc,ATE,8000,21550
2024-10-11,Engine Oil Filter,Mann,2500,6220
2024-10-11,Gearbox Mount,Lemforder,7000,18890
2024-10-11,Strut Mount,Febi,6000,14780
2024-10-12,Fuse,Local OEM,200,300
2024-10-12,Oxygen Sensor,Bosch,8500,22210
2024-10-12,Starter Motor,Denso,22000,52190
2024-10-13,Ball Joint,TRW,5000,12730
2024-10-13,CV Boot,TRW,3500,9040
2024-10-13,Fuel Injector,Standard,12000,24090
2024-10-14,Hub Assembly,FAG,14000,38090
2024-10-15,Radiator,Reconditioned,20000,23900
2024-10-15,Serpentine Belt,Dayco,3500,8430
2024-10-15,Spark Plug,Local OEM,1500,2350
2024-10-15,Wheel Bearing,NSK,10000,23380
2024-10-16,Battery,Volta,18000,32160
2024-10-16,Brake Disc,Brembo,8000,26320
2024-10-16,Brake Pad,TRW,6000,14660
2024-10-16,Radiator,Denso,20000,57240
2024-10-16,Wiring Harness,Delphi,15000,38860
2024-10-17,Battery,Panasonic,18000,52090
2024-10-17,PCV Valve,Febi,2000,4770
2024-10-17,Radiator Hose,Local OEM,2500,3870
2024-10-17,Starter Motor,Hitachi,22000,52850
2024-10-18,Radiator,Mishimoto,20000,59180
2024-10-19,Brake Pad,TRW,6000,12430
2024-10-19,CV Axle,GKN,16000,36640
2024-10-19,Clutch Plate,Reconditioned,15000,19910
2024-10-19,Control Arm,Local OEM,10000,16820
2024-10-19,Starter Motor,Reconditioned,22000,24370
2024-10-19,Thermostat,Bosch,3000,7320
2024-10-19,Water Pump,Reconditioned,12000,14240
2024-10-20,Coolant Temperature Sensor,Bosch,4000,9550
2024-10-20,Engine Oil Filter,Mann,2500,6520
2024-10-20,Fuel Injector,Reconditioned,12000,14170
2024-10-20,Timing Belt,Continental,9000,27720
2024-10-20,Water Pump,Reconditioned,12000,13430
2024-10-20,Windshield Wiper Blade,Piaa,900,2520
2024-10-21,Brake Fluid Hose,Bosch,3000,7030
2024-10-21,Distributor Cap,Bosch,3800,10270
2024-10-21,Hub Assembly,Timken,14000,38210
2024-10-21,Rack and Pinion,Reconditioned,22000,26740
2024-10-23,Brake Pad,Bosch,6000,14160
2024-10-23,Fuel Injector,Delphi,12000,29270
2024-10-23,Radiator Hose,Local OEM,2500,4070
2024-10-23,Starter Motor,Denso,22000,50200
2024-10-24,EGR Valve,Delphi,9500,24820
2024-10-24,Idler Pulley,SKF,2800,6810
2024-10-24,Shock Absorber,Sachs,15000,32710
2024-10-25,Brake Pad,TRW,6000,12480
2024-10-25,Idler Pulley,Dayco,2800,5650
2024-10-25,Windshield Wiper Blade,Local OEM,900,1770
2024-10-26,Battery,Bosch,18000,50190
2024-10-26,Brake Fluid Hose,Bosch,3000,7440
2024-10-26,Idler Pulley,Dayco,2800,6590
2024-10-26,Mass Air Flow Sensor,Standard,11000,26800
2024-10-27,Coolant Temperature Sensor,Denso,4000,9490
2024-10-28,Mass Air Flow Sensor,Denso,11000,31220
2024-10-28,Radiator Hose,Dayco,2500,6100
2024-10-29,Wiring Harness,Generic,15000,20380
2024-10-30,Cabin Air Filter,Denso,2200,5050
2024-10-30,Coolant Temperature Sensor,Denso,4000,10860
2024-10-30,Ignition Coil,Local OEM,7500,11600
2024-10-30,Wiring Harness,Sumitomo,15000,34910
2024-10-31,Ignition Coil,Delphi,7500,17300
2024-10-31,Strut Mount,Local OEM,6000,8980
2024-10-31,Timing Belt,Dayco,9000,24050
2024-10-31,Wheel Bearing,Local OEM,10000,15370
2024-11-01,Brake Fluid Hose,Generic,3000,3850
2024-11-01,Radiator,Denso,20000,44820
2024-11-01,Timing Belt,Gates,9000,23430
2024-11-02,Cabin Air Filter,Local OEM,2200,3230
2024-11-02,Control Arm,Moog,10000,27850
2024-11-02,PCV Valve,Bosch,2000,5380
2024-11-03,Oxygen Sensor,Delphi,8500,20900
2024-11-03,Tensioner Pulley,SKF,3200,6970
2024-11-03,Transmission Fluid Filter,Generic,4500,6750
2024-11-04,Tensioner Pulley,Dayco,3200,7820
2024-11-05,Camshaft Position Sensor,Delphi,7000,18350
2024-11-05,Fuse,Bosch,200,550
2024-11-05,Ignition Coil,Delphi,7500,17960
2024-11-05,Tie Rod End,Moog,6500,17390
2024-11-05,Timing Belt,Gates,9000,25500
2024-11-06,Crankshaft Position Sensor,Local OEM,7500,11790
2024-11-06,Starter Motor,Mitsubishi,22000,46550
2024-11-06,Tensioner Pulley,Local OEM,3200,4900
2024-11-07,Piston Ring,Goetze,4000,10480
2024-11-07,Timing Belt,Contitech,9000,23000
2024-11-08,CV Boot,Local OEM,3500,5830
2024-11-08,Hub Assembly,Timken,14000,36900
2024-11-08,Piston Ring,NPR,4000,11360
2024-11-08,Rack and Pinion,Delphi,22000,57300
2024-11-08,Serpentine Belt,Continental,3500,10660
2024-11-08,Spark Plug,Denso,1500,3550
2024-11-09,Air Filter,Local OEM,1800,2400
2024-11-09,Rack and Pinion,Reconditioned,22000,29100
2024-11-09,Radiator Hose,Gates,2500,6650
2024-11-09,Shock Absorber,Sachs,15000,37040
2024-11-09,Timing Belt,Gates,9000,22590
2024-11-10,Ball Joint,Febest,5000,11010
2024-11-10,Brake Fluid Hose,Generic,3000,4240
2024-11-10,Control Arm,Moog,10000,29450
2024-11-10,Distributor Cap,NGK,3800,9050
2024-11-10,Engine Oil Filter,Denso,2500,5350
2024-11-10,Tensioner Pulley,SKF,3200,8290
2024-11-11,Control Arm,Moog,10000,24950
2024-11-11,Water Pump,Graf,12000,27190
2024-11-12,Brake Disc,Brembo,8000,23300
2024-11-12,CV Axle,GKN,16000,46350
2024-11-12,PCV Valve,Delphi,2000,4770
2024-11-13,Distributor Cap,Denso,3800,9720
2024-11-13,Fuse,Littelfuse,200,500
2024-11-13,Idler Pulley,Local OEM,2800,5060
2024-11-13,Throttle Body,Denso,14000,36010
2024-11-14,Crankshaft Position Sensor,Standard,7500,17370
2024-11-14,EGR Valve,Denso,9500,24470
2024-11-14,Ignition Coil,Local OEM,7500,12360
2024-11-14,Throttle Body,Standard,14000,30180
2024-11-15,Ball Joint,TRW,5000,14180
2024-11-15,Clutch Plate,Reconditioned,15000,19950
2024-11-15,Shock Absorber,Reconditioned,15000,17380
2024-11-16,Air Filter,K&N,1800,5220
2024-11-16,Brake Disc,Local OEM,8000,13580
2024-11-16,Fuel Injector,Bosch,12000,37050
2024-11-16,PCV Valve,Local OEM,2000,3350
2024-11-17,Ball Joint,Reconditioned,5000,6460
2024-11-17,Control Arm,TRW,10000,22900
2024-11-17,Rack and Pinion,Delphi,22000,62260
2024-11-17,Serpentine Belt,Bosch,3500,8490
2024-11-17,Starter Motor,Denso,22000,51950
2024-11-18,Control Arm,Local OEM,10000,16730
2024-11-19,Tie Rod End,Local OEM,6500,9460
2024-11-20,Idler Pulley,SKF,2800,7040
2024-11-21,Brake Pad,TRW,6000,15160
2024-11-22,Air Filter,Ryco,1800,3940
2024-11-22,Radiator,Nissens,20000,45400
2024-11-24,Coolant Temperature Sensor,Delphi,4000,8860
2024-11-24,Hub Assembly,NSK,14000,35580
2024-11-24,Ignition Coil,Delphi,7500,19950
2024-11-24,Power Steering Pump,Reconditioned,18000,20820
2024-11-24,Serpentine Belt,Local OEM,3500,6120
2024-11-24,Shock Absorber,Local OEM,15000,20880
2024-11-24,Starter Motor,Denso,22000,48640
2024-11-26,CV Axle,Local OEM,16000,29910
2024-11-26,CV Boot,Febest,3500,7820
2024-11-26,Coolant Temperature Sensor,Delphi,4000,9920
2024-11-26,EGR Valve,Delphi,9500,25660
2024-11-27,CV Axle,Reconditioned,16000,19540
2024-11-27,Distributor Cap,Standard,3800,9510
2024-11-27,Wheel Bearing,NSK,10000,23360
2024-11-28,Catalytic Converter,Bosal,35000,83920
2024-11-28,Serpentine Belt,Local OEM,3500,5480
2024-11-28,Tensioner Pulley,Gates,3200,7570
2024-11-29,Piston Ring,Local OEM,4000,6580
2024-11-30,Crankshaft Position Sensor,Bosch,7500,20390
2024-11-30,Gearbox Mount,Febi,7000,18020
2024-11-30,Water Pump,Graf,12000,28130
2024-11-30,Windshield Wiper Blade,Valeo,900,2240
2024-12-01,Mass Air Flow Sensor,Delphi,11000,28340
2024-12-02,Hub Assembly,Local OEM,14000,27150
2024-12-02,Shock Absorber,KYB,15000,36690
2024-12-02,Spark Plug,Champion,1500,3660
2024-12-02,Strut Mount,Moog,6000,14440
2024-12-02,Transmission Fluid Filter,Local OEM,4500,7820
2024-12-03,Catalytic Converter,Reconditioned,35000,38070
2024-12-03,Sway Bar Link,Febi,4500,11860
2024-12-03,Tensioner Pulley,INA,3200,7920
2024-12-04,Clutch Plate,Sachs,15000,37270
2024-12-05,EGR Valve,Delphi,9500,24290
2024-12-05,Piston Ring,Reconditioned,4000,5000
2024-12-05,Power Steering Pump,TRW,18000,41100
2024-12-06,Brake Disc,ATE,8000,22770
2024-12-06,Control Arm,TRW,10000,25160
2024-12-06,EGR Valve,Delphi,9500,22290
2024-12-06,Spark Plug,Local OEM,1500,2340
2024-12-07,CV Axle,Moog,16000,41550
2024-12-07,Cabin Air Filter,Ryco,2200,4520
2024-12-07,Clutch Plate,LUK,15000,42730
2024-12-07,Crankshaft Position Sensor,Local OEM,7500,13130
2024-12-07,Wheel Bearing,NTN,10000,22970
2024-12-07,Windshield Wiper Blade,Generic,900,1080
2024-12-08,CV Axle,Febest,16000,37290
2024-12-08,Coolant Temperature Sensor,Standard,4000,8640
2024-12-08,EGR Valve,Denso,9500,24570
2024-12-08,Fuse,Littelfuse,200,490
2024-12-08,Power Steering Pump,Bosch,18000,45610
2024-12-08,Thermostat,Gates,3000,7630
2024-12-08,Transmission Fluid Filter,Bosch,4500,11290
2024-12-09,Control Arm,Moog,10000,28060
2024-12-10,CV Axle,Febest,16000,32880
2024-12-10,Mass Air Flow Sensor,Delphi,11000,26280
2024-12-11,Camshaft Position Sensor,Standard,7000,14920
2024-12-11,Mass Air Flow Sensor,Reconditioned,11000,14700
2024-12-12,Mass Air Flow Sensor,Denso,11000,26350
2024-12-12,Rack and Pinion,TRW,22000,57690
2024-12-12,Serpentine Belt,Dayco,3500,8990
2024-12-13,CV Axle,Reconditioned,16000,20480
2024-12-13,Cabin Air Filter,Ryco,2200,4360
2024-12-13,Tensioner Pulley,Dayco,3200,7700
2024-12-14,Alternator,Bosch,25000,73070
2024-12-14,CV Boot,TRW,3500,8880
2024-12-14,Idler Pulley,INA,2800,7080
2024-12-15,Brake Disc,TRW,8000,18170
2024-12-15,Camshaft Position Sensor,Local OEM,7000,11460
2024-12-15,Catalytic Converter,Local OEM,35000,56050
2024-12-16,Brake Fluid Hose,Generic,3000,4070
2024-12-16,Clutch Plate,Reconditioned,15000,19880
2024-12-16,Radiator Hose,Local OEM,2500,4100
2024-12-16,Strut Mount,Lemforder,6000,17770
2024-12-16,Wiring Harness,Local OEM,15000,26000
2024-12-17,Brake Disc,Bosch,8000,21070
2024-12-17,Oxygen Sensor,Bosch,8500,20590
2024-12-17,Spark Plug,Local OEM,1500,2630
2024-12-17,Timing Belt,Local OEM,9000,16220
2024-12-18,Fuel Injector,Standard,12000,26680
2024-12-19,Alternator,Denso,25000,63500
2024-12-19,Control Arm,Febi,10000,23810
2024-12-19,Crankshaft Position Sensor,Denso,7500,20000
2024-12-19,Engine Oil Filter,Fram,2500,5800
2024-12-19,Mass Air Flow Sensor,Standard,11000,27720
2024-12-19,PCV Valve,Generic,2000,2800
2024-12-20,Transmission Fluid Filter,Mann,4500,11790
2024-12-20,Windshield Wiper Blade,Local OEM,900,1350
2024-12-21,Coolant Temperature Sensor,Local OEM,4000,6100
2024-12-21,Throttle Body,Standard,14000,32210
2024-12-21,Water Pump,Local OEM,12000,21080
2024-12-22,Ball Joint,Moog,5000,13850
2024-12-22,CV Axle,Moog,16000,43180
2024-12-23,Hub Assembly,Timken,14000,35430
2024-12-23,Ignition Coil,Local OEM,7500,11370
2024-12-23,Transmission Fluid Filter,Local OEM,4500,7990
2024-12-24,Brake Caliper,Brembo,12000,39380
2024-12-24,EGR Valve,Pierburg,9500,25940
2024-12-24,Starter Motor,Hitachi,22000,53300
2024-12-25,Brake Fluid Hose,Febi,3000,6610
2024-12-25,Radiator Hose,Local OEM,2500,3340
2024-12-25,Transmission Fluid Filter,Generic,4500,6390
2024-12-26,Brake Disc,Local OEM,8000,12060
2024-12-26,Oxygen Sensor,Denso,8500,19000
2024-12-26,PCV Valve,Delphi,2000,4810
2024-12-26,Wiring Harness,Generic,15000,21540
2024-12-27,Brake Pad,Nisshinbo,6000,14840
2024-12-27,Camshaft Position Sensor,Delphi,7000,19940
2024-12-27,Thermostat,Denso,3000,7530
2024-12-28,Fuel Injector,Reconditioned,12000,15510
2024-12-28,Strut Mount,Moog,6000,15750
2024-12-28,Sway Bar Link,Moog,4500,11240
2024-12-29,CV Boot,TRW,3500,9370
2024-12-29,Fuel Injector,Standard,12000,29700
2024-12-29,Gearbox Mount,Local OEM,7000,11550
2024-12-29,Starter Motor,Hitachi,22000,50070
2024-12-29,Sway Bar Link,Moog,4500,12640
2024-12-30,Brake Fluid Hose,Bosch,3000,7580
2024-12-30,Engine Oil Filter,Ryco,2500,5700
2025-01-01,Fuse,Bussmann,200,490
2025-01-01,Hub Assembly,Reconditioned,14000,18140
2025-01-01,Rack and Pinion,Delphi,22000,60430
2025-01-01,Wheel Bearing,SKF,10000,23380
2025-01-02,Brake Disc,Bosch,8000,21060
2025-01-02,CV Boot,GKN,3500,8690
2025-01-02,Catalytic Converter,Bosal,35000,94460
2025-01-02,Crankshaft Position Sensor,Standard,7500,15080
2025-01-02,Engine Oil Filter,Bosch,2500,6640
2025-01-02,Fuse,Littelfuse,200,480
2025-01-02,Spark Plug,Bosch,1500,3430
2025-01-02,Water Pump,Graf,12000,27540
2025-01-03,Air Filter,Mann,1800,5320
2025-01-03,Ball Joint,Delphi,5000,14250
2025-01-03,Clutch Plate,Reconditioned,15000,19630
2025-01-03,Idler Pulley,Dayco,2800,6400
2025-01-03,Ignition Coil,Delphi,7500,18000
2025-01-03,PCV Valve,Bosch,2000,5440
2025-01-03,Serpentine Belt,Dayco,3500,8990
2025-01-03,Tensioner Pulley,SKF,3200,8230
2025-01-03,Timing Belt,Local OEM,9000,17290
2025-01-04,Fuse,Bussmann,200,460
2025-01-04,Mass Air Flow Sensor,Bosch,11000,32130
2025-01-04,PCV Valve,Bosch,2000,5040
2025-01-04,Piston Ring,Local OEM,4000,6530
2025-01-04,Thermostat,Local OEM,3000,4670
2025-01-05,Cabin Air Filter,Bosch,2200,5140
2025-01-05,Engine Oil Filter,Fram,2500,4960
2025-01-05,Fuse,Bosch,200,520
2025-01-05,Strut Mount,TRW,6000,15290
2025-01-05,Sway Bar Link,Moog,4500,12340
2025-01-05,Transmission Fluid Filter,Generic,4500,6830
2025-01-06,Brake Caliper,Local OEM,12000,18450
2025-01-06,PCV Valve,Delphi,2000,4830
2025-01-06,Radiator,Reconditioned,20000,24440
2025-01-06,Radiator Hose,Dayco,2500,5990
2025-01-06,Thermostat,Wahler,3000,7110
2025-01-06,Transmission Fluid Filter,Febi,4500,11610
2025-01-07,CV Axle,Local OEM,16000,29990
2025-01-07,Hub Assembly,SKF,14000,46730
2025-01-07,Ignition Coil,Denso,7500,21860
2025-01-07,Shock Absorber,Bilstein,15000,50370
2025-01-07,Spark Plug,Denso,1500,3290
2025-01-07,Timing Belt,Continental,9000,25840
2025-01-08,Clutch Plate,Sachs,15000,40640
2025-01-08,Control Arm,Moog,10000,25820
2025-01-08,Tensioner Pulley,INA,3200,8560
2025-01-08,Tie Rod End,Febest,6500,16210
2025-01-08,Timing Belt,Dayco,9000,26070
2025-01-08,Water Pump,Local OEM,12000,19760
2025-01-09,Thermostat,Local OEM,3000,5300
2025-01-10,Spark Plug,Bosch,1500,3590
2025-01-10,Throttle Body,Bosch,14000,40570
2025-01-11,Clutch Plate,Reconditioned,15000,19370
2025-01-11,Power Steering Pump,Bosch,18000,48120
2025-01-11,Throttle Body,Reconditioned,14000,19340
2025-01-11,Wheel Bearing,NSK,10000,21520
2025-01-12,Idler Pulley,Gates,2800,8340
2025-01-12,Mass Air Flow Sensor,Reconditioned,11000,14600
2025-01-12,Serpentine Belt,Local OEM,3500,5590
2025-01-12,Wiring Harness,Delphi,15000,38680
2025-01-13,Alternator,Local OEM,25000,42370
2025-01-13,Ball Joint,Moog,5000,13890
2025-01-13,Brake Caliper,Reconditioned,12000,13770
2025-01-13,Brake Fluid Hose,Bosch,3000,8270
2025-01-13,Crankshaft Position Sensor,Delphi,7500,19320
2025-01-13,Gearbox Mount,TRW,7000,17960
2025-01-13,Mass Air Flow Sensor,Denso,11000,31510
2025-01-13,Spark Plug,Champion,1500,3350
2025-01-13,Starter Motor,Denso,22000,63580
2025-01-14,Coolant Temperature Sensor,Delphi,4000,9180
2025-01-14,Distributor Cap,Denso,3800,9620
2025-01-14,Fuel Injector,Denso,12000,32370
2025-01-14,Radiator,Reconditioned,20000,25540
2025-01-14,Serpentine Belt,Local OEM,3500,5550
2025-01-14,Starter Motor,Local OEM,22000,35980
2025-01-14,Transmission Fluid Filter,Febi,4500,10730
2025-01-15,Brake Pad,Nisshinbo,6000,17310
2025-01-15,Control Arm,Moog,10000,28740
2025-01-15,Rack and Pinion,Delphi,22000,58890
2025-01-16,Crankshaft Position Sensor,Standard,7500,17400
2025-01-16,Piston Ring,NPR,4000,11150
2025-01-17,Brake Disc,Bosch,8000,20480
2025-01-17,Ignition Coil,NGK,7500,21020
2025-01-17,Mass Air Flow Sensor,Denso,11000,33130
2025-01-17,Sway Bar Link,Febest,4500,11060
2025-01-17,Tie Rod End,Febest,6500,15220
2025-01-18,Brake Pad,Nisshinbo,6000,17220
2025-01-18,CV Boot,Local OEM,3500,4750
2025-01-18,Camshaft Position Sensor,Denso,7000,19330
2025-01-18,Control Arm,Febi,10000,22390
2025-01-18,Radiator,Mishimoto,20000,64370
2025-01-18,Serpentine Belt,Dayco,3500,9080
2025-01-18,Tensioner Pulley,SKF,3200,9160
2025-01-18,Water Pump,Reconditioned,12000,15370
2025-01-18,Wiring Harness,Sumitomo,15000,44000
2025-01-19,Ball Joint,TRW,5000,13540
2025-01-19,Fuse,Bosch,200,540
2025-01-19,Thermostat,Gates,3000,7140
2025-01-20,Cabin Air Filter,Ryco,2200,4890
2025-01-20,Camshaft Position Sensor,Bosch,7000,20710
2025-01-20,Oxygen Sensor,Delphi,8500,21440
2025-01-20,Thermostat,Wahler,3000,6920
2025-01-20,Tie Rod End,Febest,6500,14600
2025-01-21,Rack and Pinion,Reconditioned,22000,29080
2025-01-21,Radiator,Koyo,20000,53530
2025-01-22,Air Filter,Bosch,1800,4600
2025-01-22,Brake Pad,Bosch,6000,15950
2025-01-22,EGR Valve,Local OEM,9500,16380
2025-01-22,Hub Assembly,Reconditioned,14000,16500
2025-01-22,Piston Ring,Goetze,4000,11840
2025-01-22,Radiator,Nissens,20000,50240
2025-01-22,Sway Bar Link,Febi,4500,10810
2025-01-22,Thermostat,Denso,3000,7670
2025-01-22,Tie Rod End,Delphi,6500,14870
2025-01-22,Transmission Fluid Filter,Local OEM,4500,7800
2025-01-23,Brake Caliper,Brembo,12000,40810
2025-01-23,Engine Oil Filter,Denso,2500,6300
2025-01-23,Serpentine Belt,Local OEM,3500,6490
2025-01-23,Sway Bar Link,Febest,4500,10580
2025-01-24,Cabin Air Filter,Ryco,2200,5390
2025-01-24,Control Arm,Febi,10000,23280
2025-01-24,Engine Oil Filter,Bosch,2500,6620
2025-01-24,Idler Pulley,SKF,2800,7320
2025-01-24,Rack and Pinion,TRW,22000,63740
2025-01-24,Sway Bar Link,Febi,4500,11090
2025-01-25,Control Arm,Febest,10000,25450
2025-01-25,Distributor Cap,Local OEM,3800,7090
2025-01-25,Mass Air Flow Sensor,Delphi,11000,27320
2025-01-25,PCV Valve,Delphi,2000,5080
2025-01-25,Power Steering Pump,Delphi,18000,43990
2025-01-25,Wheel Bearing,NSK,10000,28800
2025-01-26,Brake Caliper,Delphi,12000,29700
2025-01-26,Engine Oil Filter,Bosch,2500,6770
2025-01-26,Oxygen Sensor,Denso,8500,26060
2025-01-26,Power Steering Pump,Delphi,18000,41280
2025-01-26,Spark Plug,Denso,1500,3560
2025-01-26,Starter Motor,Hitachi,22000,54680
2025-01-27,Brake Disc,Bosch,8000,20720
2025-01-27,Brake Fluid Hose,ATE,3000,7390
2025-01-27,Camshaft Position Sensor,Denso,7000,18820
2025-01-27,Catalytic Converter,Local OEM,35000,64560
2025-01-27,Power Steering Pump,Bosch,18000,56500
2025-01-28,CV Axle,Moog,16000,46360
2025-01-28,Ignition Coil,Local OEM,7500,13940
2025-01-28,Mass Air Flow Sensor,Reconditioned,11000,15910
2025-01-28,Power Steering Pump,Local OEM,18000,30110
2025-01-28,Rack and Pinion,Delphi,22000,57740
2025-01-28,Shock Absorber,Reconditioned,15000,19720
2025-01-28,Strut Mount,Febi,6000,15140
2025-01-28,Transmission Fluid Filter,Febi,4500,12600
2025-01-29,Ball Joint,Febest,5000,11870
2025-01-29,Crankshaft Position Sensor,Bosch,7500,19180
2025-01-29,Ignition Coil,Delphi,7500,20950
2025-01-29,PCV Valve,Local OEM,2000,3100
2025-01-29,Water Pump,Local OEM,12000,21640
2025-01-30,EGR Valve,Denso,9500,22920
2025-01-30,Idler Pulley,Gates,2800,7450
2025-01-30,Tensioner Pulley,Dayco,3200,7860
2025-01-31,Battery,Exide,18000,41210
2025-01-31,Engine Oil Filter,Ryco,2500,6660
2025-01-31,Piston Ring,Federal-Mogul,4000,9700
2025-01-31,Spark Plug,Iridium NGK,1500,5300
2025-02-01,Camshaft Position Sensor,Standard,7000,16660
2025-02-01,Catalytic Converter,Bosal,35000,89550
2025-02-01,Crankshaft Position Sensor,Local OEM,7500,11890
2025-02-01,Gearbox Mount,Lemforder,7000,19100
2025-02-01,Rack and Pinion,Moog,22000,55030
2025-02-01,Radiator Hose,Local OEM,2500,3930
2025-02-01,Sway Bar Link,Febi,4500,10940
2025-02-01,Thermostat,Denso,3000,8730
2025-02-02,Coolant Temperature Sensor,Bosch,4000,10870
2025-02-02,PCV Valve,Bosch,2000,5380
2025-02-02,Starter Motor,Hitachi,22000,51850
2025-02-02,Wheel Bearing,Timken,10000,25960
2025-02-03,CV Boot,TRW,3500,7860
2025-02-03,Fuse,Generic,200,240
2025-02-03,Mass Air Flow Sensor,Denso,11000,29520
2025-02-03,Shock Absorber,Sachs,15000,38910
2025-02-03,Spark Plug,Champion,1500,3310
2025-02-03,Thermostat,Bosch,3000,6470
2025-02-03,Wiring Harness,Bosch,15000,43980
2025-02-04,Clutch Plate,Sachs,15000,37830
2025-02-04,Engine Oil Filter,Fram,2500,5450
2025-02-04,Gearbox Mount,Lemforder,7000,19710
2025-02-04,Hub Assembly,SKF,14000,39160
2025-02-04,Spark Plug,Bosch,1500,3200
2025-02-05,CV Axle,Local OEM,16000,24100
2025-02-05,Cabin Air Filter,Ryco,2200,4490
2025-02-05,Clutch Plate,LUK,15000,41180
2025-02-05,Fuse,Bussmann,200,450
2025-02-05,Idler Pulley,Gates,2800,7570
2025-02-05,Ignition Coil,NGK,7500,17810
2025-02-05,Rack and Pinion,Moog,22000,56100
2025-02-06,Brake Disc,Local OEM,8000,12020
2025-02-06,Brake Pad,Local OEM,6000,8910
2025-02-06,Coolant Temperature Sensor,Denso,4000,10640
2025-02-06,Radiator,Koyo,20000,51100
2025-02-06,Radiator Hose,Dayco,2500,6240
2025-02-06,Shock Absorber,KYB,15000,44660
2025-02-06,Windshield Wiper Blade,Generic,900,1210
2025-02-07,Radiator Hose,Generic,2500,3820
2025-02-07,Shock Absorber,Sachs,15000,35860
2025-02-07,Wheel Bearing,Timken,10000,28030
2025-02-08,CV Boot,TRW,3500,8070
2025-02-08,Catalytic Converter,Local OEM,35000,55360
2025-02-08,Windshield Wiper Blade,Denso,900,2450
2025-02-09,Alternator,Bosch,25000,61080
2025-02-09,Cabin Air Filter,Bosch,2200,5420
2025-02-09,Strut Mount,Lemforder,6000,15980
2025-02-10,Clutch Plate,Local OEM,15000,26310
2025-02-10,Gearbox Mount,Lemforder,7000,17310
2025-02-10,Piston Ring,Local OEM,4000,6310
2025-02-10,Tie Rod End,Febest,6500,15080
2025-02-10,Water Pump,Bosch,12000,31010
2025-02-11,Engine Oil Filter,Mann,2500,6630
2025-02-11,Gearbox Mount,Febi,7000,18600
2025-02-11,Shock Absorber,Reconditioned,15000,17670
2025-02-12,CV Boot,Febest,3500,8390
2025-02-12,Camshaft Position Sensor,Delphi,7000,20330
2025-02-12,Oxygen Sensor,Bosch,8500,21720
2025-02-13,CV Axle,GKN,16000,47890
2025-02-13,Fuel Injector,Delphi,12000,32010
2025-02-13,Idler Pulley,INA,2800,6630
2025-02-13,Mass Air Flow Sensor,Denso,11000,29340
2025-02-13,Radiator Hose,Gates,2500,6220
2025-02-14,Battery,Bosch,18000,48610
2025-02-14,Mass Air Flow Sensor,Standard,11000,28820
2025-02-15,EGR Valve,Delphi,9500,25490
2025-02-15,Hub Assembly,Local OEM,14000,19700
2025-02-15,Radiator,Reconditioned,20000,24760
2025-02-15,Serpentine Belt,Gates,3500,9000
2025-02-15,Sway Bar Link,TRW,4500,12750
2025-02-15,Water Pump,Local OEM,12000,20580
2025-02-16,Cabin Air Filter,Mann,2200,5320
2025-02-16,Coolant Temperature Sensor,Delphi,4000,9630
2025-02-16,Hub Assembly,Timken,14000,39530
2025-02-16,Idler Pulley,Dayco,2800,6420
2025-02-16,Wiring Harness,Local OEM,15000,25080
2025-02-17,Brake Caliper,ATE,12000,30980
2025-02-17,Brake Pad,Nisshinbo,6000,15750
2025-02-17,Control Arm,Local OEM,10000,16980
2025-02-17,PCV Valve,Delphi,2000,4420
2025-02-17,Rack and Pinion,TRW,22000,55730
2025-02-17,Radiator Hose,Bosch,2500,6080
2025-02-17,Windshield Wiper Blade,Bosch,900,2160
2025-02-18,Air Filter,K&N,1800,5700
2025-02-18,Brake Caliper,TRW,12000,31890
2025-02-18,Brake Fluid Hose,Generic,3000,3990
2025-02-18,Sway Bar Link,Febi,4500,10670
2025-02-18,Wiring Harness,Bosch,15000,38730
2025-02-19,CV Axle,Local OEM,16000,29420
2025-02-19,Cabin Air Filter,Denso,2200,4820
2025-02-19,Fuel Injector,Standard,12000,29880
2025-02-19,Gearbox Mount,Lemforder,7000,18670
2025-02-19,PCV Valve,Delphi,2000,4660
2025-02-20,Timing Belt,Local OEM,9000,15080
2025-02-21,Fuel Injector,Bosch,12000,31610
2025-02-21,Oxygen Sensor,Denso,8500,22300
2025-02-21,Rack and Pinion,Local OEM,22000,41180
2025-02-21,Radiator Hose,Generic,2500,3250
2025-02-21,Serpentine Belt,Bosch,3500,8300
2025-02-22,Ball Joint,TRW,5000,12880
2025-02-22,Battery,Bosch,18000,47410
2025-02-22,Brake Pad,Local OEM,6000,9660
2025-02-22,EGR Valve,Bosch,9500,22990
2025-02-22,Oxygen Sensor,Delphi,8500,20550
2025-02-22,Water Pump,Bosch,12000,29130
2025-02-23,Alternator,Denso,25000,68830
2025-02-23,CV Boot,TRW,3500,9330
2025-02-23,Shock Absorber,Monroe,15000,46340
2025-02-24,Battery,Exide,18000,44190
2025-02-24,Brake Fluid Hose,Febi,3000,6400
2025-02-24,Cabin Air Filter,Bosch,2200,5270
2025-02-24,Distributor Cap,Local OEM,3800,6410
2025-02-24,EGR Valve,Pierburg,9500,26950
2025-02-24,Fuel Injector,Denso,12000,36910
2025-02-24,Ignition Coil,Bosch,7500,19260
2025-02-24,Radiator,Denso,20000,55720
2025-02-24,Shock Absorber,Local OEM,15000,24630
2025-02-25,Brake Fluid Hose,Bosch,3000,7190
2025-02-25,Camshaft Position Sensor,Denso,7000,16780
2025-02-25,Fuse,Bosch,200,470
2025-02-25,Wiring Harness,Delphi,15000,42180
2025-02-26,Distributor Cap,Bosch,3800,9430
2025-02-26,Ignition Coil,Denso,7500,18940
2025-02-26,Spark Plug,Denso,1500,4100
2025-02-26,Tensioner Pulley,Gates,3200,8600
2025-02-26,Wiring Harness,Bosch,15000,30750
2025-02-27,Brake Caliper,Delphi,12000,30830
2025-02-27,Brake Pad,TRW,6000,13900
2025-02-27,CV Axle,Reconditioned,16000,19950
2025-02-27,Cabin Air Filter,Denso,2200,5150
2025-02-27,Serpentine Belt,Gates,3500,9270
2025-02-27,Strut Mount,Moog,6000,15280
2025-02-27,Windshield Wiper Blade,Local OEM,900,1310
2025-02-28,Catalytic Converter,Bosal,35000,89350
2025-02-28,EGR Valve,Local OEM,9500,16630
2025-02-28,Shock Absorber,Reconditioned,15000,19240
2025-02-28,Tensioner Pulley,Local OEM,3200,5280
2025-03-01,Alternator,Hitachi,25000,56300
2025-03-01,CV Axle,Moog,16000,41440
2025-03-01,Fuse,Bussmann,200,490
2025-03-01,Hub Assembly,Timken,14000,31390
2025-03-01,PCV Valve,Bosch,2000,5340
2025-03-01,Piston Ring,Federal-Mogul,4000,9560
2025-03-01,Timing Belt,Gates,9000,24200
2025-03-02,Ball Joint,Moog,5000,15200
2025-03-02,Brake Caliper,TRW,12000,35870
2025-03-02,Catalytic Converter,Reconditioned,35000,39320
2025-03-02,Crankshaft Position Sensor,Delphi,7500,19900
2025-03-03,Air Filter,Mann,1800,4600
2025-03-03,Clutch Plate,Local OEM,15000,26510
2025-03-03,Radiator Hose,Local OEM,2500,4360
2025-03-03,Tie Rod End,Local OEM,6500,10570
2025-03-03,Water Pump,Local OEM,12000,21010
2025-03-03,Windshield Wiper Blade,Generic,900,1360
2025-03-04,EGR Valve,Denso,9500,24930
2025-03-04,Gearbox Mount,Febi,7000,16560
2025-03-04,Mass Air Flow Sensor,Delphi,11000,28440
2025-03-04,Water Pump,Aisin,12000,32510
2025-03-05,Clutch Plate,Local OEM,15000,22750
2025-03-05,Coolant Temperature Sensor,Standard,4000,7810
2025-03-05,Starter Motor,Denso,22000,62010
2025-03-05,Thermostat,Wahler,3000,6590
2025-03-05,Throttle Body,Delphi,14000,35610
2025-03-06,Battery,Local Brand,18000,30080
2025-03-06,Camshaft Position Sensor,Delphi,7000,18610
2025-03-06,Clutch Plate,Local OEM,15000,27660
2025-03-06,PCV Valve,Febi,2000,5000
2025-03-06,Radiator,Mishimoto,20000,62600
2025-03-06,Sway Bar Link,Febest,4500,10620
2025-03-07,Alternator,Hitachi,25000,57550
2025-03-07,Brake Disc,TRW,8000,20500
2025-03-07,Piston Ring,Local OEM,4000,6920
2025-03-08,Air Filter,Ryco,1800,4440
2025-03-08,Crankshaft Position Sensor,Local OEM,7500,13790
2025-03-08,Tensioner Pulley,INA,3200,9110
2025-03-08,Transmission Fluid Filter,Febi,4500,11200
2025-03-08,Wheel Bearing,NTN,10000,27280
2025-03-09,Brake Caliper,Brembo,12000,35640
2025-03-09,Distributor Cap,Bosch,3800,9570
2025-03-10,Alternator,Bosch,25000,66890
2025-03-10,Coolant Temperature Sensor,Bosch,4000,10290
2025-03-10,Hub Assembly,NSK,14000,37180
2025-03-10,Idler Pulley,Dayco,2800,6240
2025-03-10,Power Steering Pump,Reconditioned,18000,22180
2025-03-11,Catalytic Converter,Magnaflow,35000,107270
2025-03-11,Fuel Injector,Denso,12000,31270
2025-03-11,Radiator,Reconditioned,20000,28630
2025-03-11,Strut Mount,Moog,6000,15460
2025-03-11,Thermostat,Denso,3000,6890
2025-03-11,Timing Belt,Gates,9000,22560
2025-03-11,Wheel Bearing,NTN,10000,24470
2025-03-12,Air Filter,Denso,1800,4590
2025-03-12,Brake Fluid Hose,Bosch,3000,7680
2025-03-12,Catalytic Converter,Walker,35000,82150
2025-03-12,Distributor Cap,Denso,3800,10010
2025-03-12,Fuel Injector,Standard,12000,27520
2025-03-12,Radiator,Mishimoto,20000,52610
2025-03-13,Air Filter,Denso,1800,3900
2025-03-13,Brake Disc,Bosch,8000,20590
2025-03-13,Shock Absorber,KYB,15000,39040
2025-03-13,Strut Mount,TRW,6000,15400
2025-03-13,Sway Bar Link,TRW,4500,12280
2025-03-13,Timing Belt,Dayco,9000,23570
2025-03-14,Alternator,Denso,25000,65120
2025-03-14,Brake Disc,Brembo,8000,24940
2025-03-14,Serpentine Belt,Dayco,3500,9720
2025-03-15,CV Axle,GKN,16000,48440
2025-03-15,CV Boot,GKN,3500,10030
2025-03-15,Ignition Coil,Delphi,7500,20550
2025-03-15,Tie Rod End,TRW,6500,17350
2025-03-15,Wiring Harness,Delphi,15000,41630
2025-03-16,CV Axle,Moog,16000,41130
2025-03-16,CV Boot,Generic,3500,4840
2025-03-16,Camshaft Position Sensor,Standard,7000,15230
2025-03-16,Engine Oil Filter,Bosch,2500,6030
2025-03-16,Ignition Coil,Delphi,7500,18390
2025-03-16,Radiator Hose,Bosch,2500,5930
2025-03-16,Timing Belt,Local OEM,9000,15600
2025-03-17,Alternator,Mitsubishi,25000,59020
2025-03-17,Control Arm,Local OEM,10000,17540
2025-03-17,Distributor Cap,NGK,3800,9380
2025-03-17,Fuel Injector,Bosch,12000,33630
2025-03-18,Crankshaft Position Sensor,Standard,7500,16080
2025-03-18,Oxygen Sensor,Local OEM,8500,15680
2025-03-18,Radiator,Koyo,20000,49570
2025-03-18,Windshield Wiper Blade,Valeo,900,2190
2025-03-19,Engine Oil Filter,Denso,2500,5590
2025-03-19,Fuse,Littelfuse,200,440
2025-03-19,Ignition Coil,Denso,7500,19470
2025-03-20,Brake Disc,Local OEM,8000,13060
2025-03-20,Catalytic Converter,Bosal,35000,93870
2025-03-20,Distributor Cap,Bosch,3800,9850
2025-03-20,Mass Air Flow Sensor,Reconditioned,11000,14600
2025-03-20,Strut Mount,Moog,6000,15360
2025-03-21,Ball Joint,Local OEM,5000,7560
2025-03-21,Brake Fluid Hose,Febi,3000,7000
2025-03-21,Cabin Air Filter,Ryco,2200,5270
2025-03-21,Clutch Plate,Exedy,15000,37000
2025-03-21,Engine Oil Filter,Denso,2500,4900
2025-03-21,Serpentine Belt,Gates,3500,9480
2025-03-22,Catalytic Converter,Local OEM,35000,59160
2025-03-22,Clutch Plate,Exedy,15000,30740
2025-03-22,Hub Assembly,Timken,14000,35000
2025-03-22,Strut Mount,Febi,6000,15180
2025-03-22,Tensioner Pulley,SKF,3200,7730
2025-03-22,Throttle Body,Reconditioned,14000,19250
2025-03-22,Timing Belt,Dayco,9000,24950
2025-03-23,Ball Joint,Delphi,5000,13820
2025-03-23,Brake Caliper,Delphi,12000,28080
2025-03-23,Brake Fluid Hose,Generic,3000,4370
2025-03-23,Windshield Wiper Blade,Local OEM,900,1410
2025-03-24,Battery,Panasonic,18000,46100
2025-03-24,Catalytic Converter,Walker,35000,85620
2025-03-25,Camshaft Position Sensor,Bosch,7000,21120
2025-03-25,Gearbox Mount,Generic,7000,10560
2025-03-25,Serpentine Belt,Gates,3500,8780
2025-03-25,Throttle Body,Delphi,14000,30690
2025-03-26,Brake Fluid Hose,Febi,3000,7050
2025-03-26,Gearbox Mount,Generic,7000,9500
2025-03-26,Idler Pulley,Gates,2800,7680
2025-03-26,Rack and Pinion,Reconditioned,22000,26230
2025-03-26,Starter Motor,Denso,22000,57970
2025-03-26,Water Pump,Reconditioned,12000,14010
2025-03-26,Wiring Harness,Delphi,15000,42200
2025-03-28,Crankshaft Position Sensor,Delphi,7500,19690
2025-03-28,EGR Valve,Denso,9500,22150
2025-03-28,Oxygen Sensor,Local OEM,8500,12960
2025-03-28,Timing Belt,Gates,9000,20590
2025-03-29,Air Filter,Bosch,1800,5060
2025-03-29,Brake Caliper,Delphi,12000,30860
2025-03-29,CV Axle,Febest,16000,37800
2025-03-29,Cabin Air Filter,Bosch,2200,6100
2025-03-29,Idler Pulley,Gates,2800,8050
2025-03-29,Starter Motor,Denso,22000,56630
2025-03-30,Fuel Injector,Reconditioned,12000,17150
2025-03-31,PCV Valve,Febi,2000,5320
2025-04-01,Alternator,Hitachi,25000,61490
2025-04-01,Brake Fluid Hose,ATE,3000,7400
2025-04-01,Control Arm,TRW,10000,22310
2025-04-01,Coolant Temperature Sensor,Standard,4000,7890
2025-04-01,Crankshaft Position Sensor,Delphi,7500,19140
2025-04-01,Sway Bar Link,Local OEM,4500,8060
2025-04-01,Tensioner Pulley,Dayco,3200,7710
2025-04-01,Timing Belt,Gates,9000,23210
2025-04-02,Ball Joint,Moog,5000,13930
2025-04-02,Hub Assembly,NSK,14000,38540
2025-04-02,Idler Pulley,INA,2800,7180
2025-04-02,Sway Bar Link,TRW,4500,11300
2025-04-03,Battery,Exide,18000,37580
2025-04-03,Cabin Air Filter,Bosch,2200,6070
2025-04-04,CV Boot,GKN,3500,7890
2025-04-04,Fuse,Bosch,200,480
2025-04-04,Oxygen Sensor,Delphi,8500,21520
2025-04-05,CV Boot,Febest,3500,8400
2025-04-05,Camshaft Position Sensor,Denso,7000,18960
2025-04-05,Coolant Temperature Sensor,Delphi,4000,7650
2025-04-05,Hub Assembly,Reconditioned,14000,18150
2025-04-05,Serpentine Belt,Gates,3500,9280
2025-04-05,Starter Motor,Denso,22000,56960
2025-04-06,Battery,Amaron,18000,36390
2025-04-06,Brake Caliper,Reconditioned,12000,15630
2025-04-06,Control Arm,Febest,10000,22740
2025-04-06,Crankshaft Position Sensor,Local OEM,7500,12190
2025-04-06,Fuse,Bussmann,200,500
2025-04-06,Gearbox Mount,Febi,7000,16900
2025-04-06,Idler Pulley,INA,2800,7410
2025-04-07,Brake Pad,Nisshinbo,6000,15260
2025-04-07,Coolant Temperature Sensor,Delphi,4000,10240
2025-04-07,Distributor Cap,Bosch,3800,9190
2025-04-07,Fuel Injector,Reconditioned,12000,18260
2025-04-07,Power Steering Pump,TRW,18000,48090
2025-04-07,Thermostat,Bosch,3000,6360
2025-04-07,Windshield Wiper Blade,Valeo,900,2270
2025-04-08,Fuel Injector,Denso,12000,36340
2025-04-08,Power Steering Pump,Delphi,18000,41040
2025-04-08,Tensioner Pulley,Dayco,3200,7490
2025-04-08,Throttle Body,Denso,14000,33740
2025-04-08,Windshield Wiper Blade,Denso,900,2230
2025-04-09,Brake Disc,Bosch,8000,19230
2025-04-09,Clutch Plate,Sachs,15000,38120
2025-04-09,Control Arm,Febi,10000,22230
2025-04-09,EGR Valve,Denso,9500,23280
2025-04-09,Fuse,Generic,200,280
2025-04-10,Fuse,Bussmann,200,460
2025-04-10,Spark Plug,Denso,1500,3720
2025-04-10,Strut Mount,Febi,6000,12320
2025-04-10,Sway Bar Link,Moog,4500,11680
2025-04-11,Alternator,Mitsubishi,25000,60270
2025-04-11,Piston Ring,Goetze,4000,10590
2025-04-11,Shock Absorber,KYB,15000,42400
2025-04-11,Throttle Body,Bosch,14000,36630
2025-04-12,CV Axle,Febest,16000,40520
2025-04-12,Catalytic Converter,Walker,35000,79620
2025-04-12,Distributor Cap,Bosch,3800,9410
2025-04-12,PCV Valve,Local OEM,2000,3270
2025-04-13,Idler Pulley,Dayco,2800,6580
2025-04-13,Serpentine Belt,Local OEM,3500,5130
2025-04-13,Spark Plug,NGK,1500,3820
2025-04-13,Thermostat,Bosch,3000,6430
2025-04-13,Wheel Bearing,NTN,10000,23450
2025-04-14,Ball Joint,Local OEM,5000,7420
2025-04-14,Hub Assembly,NSK,14000,37480
2025-04-14,Radiator,Mishimoto,20000,53380
2025-04-14,Starter Motor,Bosch,22000,54860
2025-04-14,Throttle Body,Bosch,14000,35160
2025-04-15,Air Filter,Bosch,1800,4620
2025-04-15,Brake Caliper,Delphi,12000,32040
2025-04-15,Brake Pad,Nisshinbo,6000,14460
2025-04-15,CV Axle,GKN,16000,43860
2025-04-15,Camshaft Position Sensor,Denso,7000,17160
2025-04-15,EGR Valve,Local OEM,9500,15460
2025-04-15,Tie Rod End,TRW,6500,14900
2025-04-15,Transmission Fluid Filter,Generic,4500,6540
2025-04-15,Windshield Wiper Blade,Generic,900,1140
2025-04-16,CV Boot,TRW,3500,8940
2025-04-16,Camshaft Position Sensor,Standard,7000,14840
2025-04-16,Distributor Cap,Bosch,3800,9830
2025-04-16,Fuel Injector,Denso,12000,34920
2025-04-16,Strut Mount,Febi,6000,15080
2025-04-16,Tensioner Pulley,Local OEM,3200,5540
2025-04-16,Timing Belt,Dayco,9000,22050
2025-04-17,Starter Motor,Local OEM,22000,35980
2025-04-17,Thermostat,Denso,3000,8130
2025-04-17,Tie Rod End,Febest,6500,16250
2025-04-17,Windshield Wiper Blade,Local OEM,900,1360
2025-04-18,Coolant Temperature Sensor,Bosch,4000,10420
2025-04-18,PCV Valve,Local OEM,2000,3300
2025-04-19,CV Boot,Generic,3500,5080
2025-04-19,Cabin Air Filter,Ryco,2200,4490
2025-04-19,Clutch Plate,LUK,15000,46090
2025-04-19,Crankshaft Position Sensor,Denso,7500,19230
2025-04-19,Piston Ring,Federal-Mogul,4000,11020
2025-04-19,Radiator,Nissens,20000,50040
2025-04-19,Timing Belt,Contitech,9000,23530
2025-04-20,Ball Joint,Moog,5000,15020
2025-04-20,Throttle Body,Reconditioned,14000,20740
2025-04-21,Rack and Pinion,Reconditioned,22000,25600
2025-04-21,Radiator Hose,Bosch,2500,5710
2025-04-21,Tie Rod End,Moog,6500,16180
2025-04-21,Transmission Fluid Filter,Local OEM,4500,8200
2025-04-22,Ball Joint,Febest,5000,10830
2025-04-22,EGR Valve,Denso,9500,19770
2025-04-22,Oxygen Sensor,Denso,8500,23330
2025-04-23,Ball Joint,Delphi,5000,11390
2025-04-23,Battery,Bosch,18000,55680
2025-04-23,Brake Pad,Local OEM,6000,9110
2025-04-23,CV Boot,Febest,3500,8660
2025-04-23,Clutch Plate,Valeo,15000,39470
2025-04-23,Coolant Temperature Sensor,Delphi,4000,10300
2025-04-23,Hub Assembly,NSK,14000,33040
2025-04-23,Idler Pulley,Dayco,2800,7290
2025-04-23,Shock Absorber,Sachs,15000,42030
2025-04-23,Strut Mount,Lemforder,6000,16430
2025-04-24,Battery,Bosch,18000,49260
2025-04-24,Brake Pad,TRW,6000,16860
2025-04-24,Gearbox Mount,TRW,7000,16920
2025-04-24,Piston Ring,Mahle,4000,10490
2025-04-24,Water Pump,Aisin,12000,30050
2025-04-25,Air Filter,K&N,1800,5510
2025-04-25,Brake Disc,ATE,8000,19670
2025-04-25,CV Boot,GKN,3500,9420
2025-04-25,Clutch Plate,Exedy,15000,35370
2025-04-25,Crankshaft Position Sensor,Denso,7500,18930
2025-04-25,Fuse,Bosch,200,540
2025-04-25,Starter Motor,Mitsubishi,22000,49010
2025-04-25,Wiring Harness,Generic,15000,20090
2025-04-26,Camshaft Position Sensor,Delphi,7000,18990
2025-04-26,Radiator,Reconditioned,20000,26420
2025-04-26,Starter Motor,Denso,22000,52080
2025-04-26,Transmission Fluid Filter,Local OEM,4500,8490
2025-04-27,Crankshaft Position Sensor,Local OEM,7500,11210
2025-04-27,Distributor Cap,Bosch,3800,9020
2025-04-27,Gearbox Mount,Local OEM,7000,10500
2025-04-27,Idler Pulley,Gates,2800,6510
2025-04-27,Mass Air Flow Sensor,Bosch,11000,30110
2025-04-27,Serpentine Belt,Dayco,3500,9840
2025-04-27,Spark Plug,Local OEM,1500,2370
2025-04-27,Starter Motor,Hitachi,22000,48010
2025-04-27,Transmission Fluid Filter,Febi,4500,11050
2025-04-28,Brake Fluid Hose,ATE,3000,6980
2025-04-28,Coolant Temperature Sensor,Standard,4000,9620
2025-04-28,Distributor Cap,NGK,3800,8630
2025-04-28,Rack and Pinion,Delphi,22000,62950
2025-04-28,Throttle Body,Denso,14000,38610
2025-04-28,Transmission Fluid Filter,Mann,4500,11180
2025-04-28,Water Pump,Graf,12000,27810
2025-04-29,Engine Oil Filter,Bosch,2500,6800
2025-04-29,Water Pump,Gates,12000,29700
2025-04-29,Wheel Bearing,FAG,10000,27550
2025-04-29,Windshield Wiper Blade,Generic,900,1090
2025-04-30,Brake Pad,TRW,6000,14500
2025-04-30,Control Arm,Moog,10000,30800
2025-04-30,Coolant Temperature Sensor,Standard,4000,8670
2025-04-30,Serpentine Belt,Continental,3500,10660
2025-05-01,Brake Disc,ATE,8000,20080
2025-05-02,Air Filter,K&N,1800,5070
2025-05-02,Clutch Plate,Sachs,15000,41760
2025-05-02,Fuel Injector,Reconditioned,12000,16070
2025-05-02,Radiator,Mishimoto,20000,58790
2025-05-02,Radiator Hose,Bosch,2500,6000
2025-05-02,Shock Absorber,KYB,15000,40480
2025-05-02,Windshield Wiper Blade,Piaa,900,2660
2025-05-02,Wiring Harness,Local OEM,15000,27340
2025-05-03,Brake Fluid Hose,ATE,3000,7190
2025-05-03,CV Axle,Local OEM,16000,28340
2025-05-03,Fuel Injector,Bosch,12000,38500
2025-05-03,Radiator Hose,Generic,2500,3830
2025-05-04,Alternator,Local OEM,25000,40260
2025-05-04,Brake Disc,ATE,8000,22280
2025-05-04,EGR Valve,Delphi,9500,26630
2025-05-04,Sway Bar Link,Febi,4500,11520
2025-05-04,Tensioner Pulley,Gates,3200,8170
2025-05-05,Cabin Air Filter,Denso,2200,5060
2025-05-05,Catalytic Converter,Local OEM,35000,64080
2025-05-05,Fuse,Littelfuse,200,460
2025-05-05,Power Steering Pump,Hitachi,18000,42140
2025-05-06,Air Filter,K&N,1800,4980
2025-05-06,Catalytic Converter,Walker,35000,88580
2025-05-06,Distributor Cap,Bosch,3800,10160
2025-05-06,Oxygen Sensor,NGK,8500,20520
2025-05-06,Spark Plug,NGK,1500,3580
2025-05-06,Strut Mount,Febi,6000,15760
2025-05-07,Battery,Exide,18000,39720
2025-05-07,Camshaft Position Sensor,Denso,7000,21040
2025-05-08,Brake Pad,Nisshinbo,6000,15000
2025-05-08,Fuel Injector,Standard,12000,30000
2025-05-08,Oxygen Sensor,Bosch,8500,25530
2025-05-08,Tie Rod End,TRW,6500,15810
2025-05-09,Battery,Amaron,18000,43370
2025-05-09,EGR Valve,Local OEM,9500,18140
2025-05-09,Fuel Injector,Delphi,12000,34960
2025-05-09,Gearbox Mount,Lemforder,7000,18450
2025-05-09,Ignition Coil,NGK,7500,20570
2025-05-09,Oxygen Sensor,NGK,8500,23360
2025-05-09,Starter Motor,Local OEM,22000,41740
2025-05-09,Water Pump,Bosch,12000,30350
2025-05-10,Alternator,Denso,25000,71640
2025-05-10,Brake Fluid Hose,Febi,3000,7790
2025-05-10,Camshaft Position Sensor,Denso,7000,17610
2025-05-10,Crankshaft Position Sensor,Delphi,7500,18720
2025-05-10,Distributor Cap,Standard,3800,7890
2025-05-10,EGR Valve,Denso,9500,24830
2025-05-10,Thermostat,Local OEM,3000,5030
2025-05-10,Wiring Harness,Bosch,15000,39670
2025-05-11,Cabin Air Filter,Denso,2200,5300
2025-05-11,Piston Ring,Mahle,4000,11320
2025-05-11,Radiator Hose,Generic,2500,3800
2025-05-11,Spark Plug,NGK,1500,4410
2025-05-11,Tie Rod End,TRW,6500,14980
2025-05-12,Brake Fluid Hose,Local OEM,3000,5720
2025-05-12,CV Boot,Generic,3500,5200
2025-05-12,PCV Valve,Bosch,2000,5100
2025-05-12,Piston Ring,Goetze,4000,11820
2025-05-12,Strut Mount,Lemforder,6000,15660
2025-05-13,Air Filter,K&N,1800,5670
2025-05-13,Brake Disc,TRW,8000,22100
2025-05-13,Power Steering Pump,Hitachi,18000,45370
2025-05-13,Serpentine Belt,Bosch,3500,8830
2025-05-13,Tensioner Pulley,INA,3200,8840
2025-05-13,Wheel Bearing,FAG,10000,30890
2025-05-14,Brake Fluid Hose,ATE,3000,7340
2025-05-14,Distributor Cap,Bosch,3800,11590
2025-05-14,Engine Oil Filter,Local OEM,2500,3840
2025-05-14,Throttle Body,Bosch,14000,35590
2025-05-14,Tie Rod End,TRW,6500,17470
2025-05-15,CV Boot,Local OEM,3500,5600
2025-05-15,Cabin Air Filter,Mann,2200,5380
2025-05-15,Piston Ring,Mahle,4000,10570
2025-05-15,Throttle Body,Reconditioned,14000,21550
2025-05-15,Windshield Wiper Blade,Bosch,900,2460
2025-05-16,Ball Joint,Reconditioned,5000,6300
2025-05-16,Battery,Exide,18000,44940
2025-05-16,CV Axle,Moog,16000,46460
2025-05-16,Shock Absorber,Sachs,15000,42990
2025-05-17,Fuse,Littelfuse,200,530
2025-05-18,Clutch Plate,Sachs,15000,37440
2025-05-18,Ignition Coil,Denso,7500,18950
2025-05-18,Tensioner Pulley,SKF,3200,7970
2025-05-18,Throttle Body,Delphi,14000,35640
2025-05-18,Transmission Fluid Filter,Generic,4500,7040
2025-05-18,Wheel Bearing,NSK,10000,27420
2025-05-18,Windshield Wiper Blade,Local OEM,900,1430
2025-05-19,Brake Disc,Brembo,8000,22640
2025-05-19,CV Axle,Febest,16000,37580
2025-05-19,Control Arm,Febi,10000,25620
2025-05-19,Ignition Coil,NGK,7500,18230
2025-05-19,Thermostat,Denso,3000,8610
2025-05-19,Wheel Bearing,Timken,10000,25790
2025-05-19,Wiring Harness,Generic,15000,21830
2025-05-20,Brake Caliper,Brembo,12000,38290
2025-05-20,PCV Valve,Bosch,2000,5060
2025-05-20,Radiator Hose,Dayco,2500,6250
2025-05-20,Sway Bar Link,Local OEM,4500,8720
2025-05-20,Wheel Bearing,NSK,10000,25190
2025-05-21,Brake Caliper,Brembo,12000,41120
2025-05-21,Brake Disc,Brembo,8000,23780
2025-05-21,Gearbox Mount,TRW,7000,16020
2025-05-22,Camshaft Position Sensor,Standard,7000,17300
2025-05-22,Gearbox Mount,Febi,7000,18360
2025-05-22,Serpentine Belt,Gates,3500,9650
2025-05-22,Wheel Bearing,SKF,10000,30510
2025-05-23,Air Filter,Bosch,1800,4530
2025-05-23,EGR Valve,Denso,9500,25750
2025-05-23,Engine Oil Filter,Ryco,2500,6130
2025-05-23,Fuse,Bussmann,200,520
2025-05-23,Starter Motor,Reconditioned,22000,26480
2025-05-24,Alternator,Local OEM,25000,39990
2025-05-24,Catalytic Converter,Local OEM,35000,58930
2025-05-24,Control Arm,Febi,10000,25740
2025-05-24,Power Steering Pump,TRW,18000,46800
2025-05-24,Tie Rod End,Moog,6500,18460
2025-05-25,Ball Joint,Febest,5000,10770
2025-05-25,Brake Pad,Nisshinbo,6000,14800
2025-05-25,Hub Assembly,Local OEM,14000,22250
2025-05-25,Power Steering Pump,Reconditioned,18000,25110
2025-05-25,Strut Mount,Lemforder,6000,17310
2025-05-25,Wiring Harness,Sumitomo,15000,43850
2025-05-26,Battery,Local Brand,18000,33190
2025-05-26,Brake Pad,Brembo,6000,19980
2025-05-26,Control Arm,TRW,10000,26250
2025-05-26,Coolant Temperature Sensor,Delphi,4000,9920
2025-05-26,Strut Mount,Febi,6000,14670
2025-05-26,Timing Belt,Gates,9000,23030
2025-05-27,Crankshaft Position Sensor,Standard,7500,17820
2025-05-27,Oxygen Sensor,Delphi,8500,23710
2025-05-27,Piston Ring,NPR,4000,11350
2025-05-27,Throttle Body,Delphi,14000,35940
2025-05-27,Wheel Bearing,Timken,10000,25030
2025-05-28,CV Axle,Moog,16000,47790
2025-05-28,Ignition Coil,NGK,7500,20400
2025-05-28,Power Steering Pump,Delphi,18000,41710
2025-05-28,Water Pump,Bosch,12000,30340
2025-05-29,Control Arm,Moog,10000,26480
2025-05-29,Transmission Fluid Filter,Local OEM,4500,7260
2025-05-30,Alternator,Local OEM,25000,41480
2025-05-30,Engine Oil Filter,Ryco,2500,6000
2025-05-30,Rack and Pinion,Moog,22000,59630
2025-05-30,Starter Motor,Denso,22000,52030
2025-05-30,Transmission Fluid Filter,Local OEM,4500,7730
2025-05-31,Brake Pad,Akebono,6000,17190
2025-05-31,CV Axle,GKN,16000,39780
2025-05-31,Piston Ring,NPR,4000,10600
2025-05-31,Spark Plug,Denso,1500,4190
2025-05-31,Tensioner Pulley,INA,3200,8500
2025-05-31,Transmission Fluid Filter,Bosch,4500,12250
2025-06-01,Alternator,Reconditioned,25000,26770
2025-06-01,Fuel Injector,Bosch,12000,34660
2025-06-01,Mass Air Flow Sensor,Reconditioned,11000,16350
2025-06-01,Power Steering Pump,Bosch,18000,51700
2025-06-02,Air Filter,Bosch,1800,4620
2025-06-02,Alternator,Reconditioned,25000,28980
2025-06-02,Spark Plug,Local OEM,1500,2480
2025-06-02,Throttle Body,Standard,14000,35690
2025-06-02,Wheel Bearing,FAG,10000,30190
2025-06-03,Ball Joint,Reconditioned,5000,6970
2025-06-03,Control Arm,Febi,10000,26340
2025-06-03,Shock Absorber,Reconditioned,15000,17340
2025-06-03,Tie Rod End,Febest,6500,16430
2025-06-04,PCV Valve,Bosch,2000,5100
2025-06-04,Piston Ring,Federal-Mogul,4000,9960
2025-06-04,Power Steering Pump,Delphi,18000,46300
2025-06-04,Thermostat,Wahler,3000,7710
2025-06-04,Water Pump,Bosch,12000,30300
2025-06-04,Wiring Harness,Sumitomo,15000,40010
2025-06-05,Brake Disc,Brembo,8000,25570
2025-06-05,Control Arm,Febest,10000,24220
2025-06-05,Coolant Temperature Sensor,Bosch,4000,10680
2025-06-05,Power Steering Pump,Reconditioned,18000,23550
2025-06-05,Throttle Body,Bosch,14000,37280
2025-06-06,Ball Joint,Reconditioned,5000,6460
2025-06-06,Brake Disc,DBA,8000,22690
2025-06-06,EGR Valve,Bosch,9500,25560
2025-06-06,Mass Air Flow Sensor,Reconditioned,11000,15780
2025-06-06,Rack and Pinion,Reconditioned,22000,31770
2025-06-06,Throttle Body,Bosch,14000,39610
2025-06-06,Transmission Fluid Filter,Bosch,4500,11170
2025-06-06,Wiring Harness,Local OEM,15000,26040
2025-06-07,Oxygen Sensor,Bosch,8500,25430
2025-06-07,Radiator Hose,Dayco,2500,6090
2025-06-07,Sway Bar Link,Febest,4500,9950
2025-06-07,Tie Rod End,Delphi,6500,16340
2025-06-08,Battery,Bosch,18000,51460
2025-06-08,Clutch Plate,LUK,15000,40150
2025-06-08,Hub Assembly,NSK,14000,33890
2025-06-08,Ignition Coil,Delphi,7500,18160
2025-06-08,Mass Air Flow Sensor,Bosch,11000,33690
2025-06-08,Strut Mount,Moog,6000,16820
2025-06-08,Sway Bar Link,Febi,4500,12320
2025-06-08,Wiring Harness,Delphi,15000,42800
2025-06-09,Battery,Amaron,18000,41270
2025-06-09,Idler Pulley,INA,2800,8340
2025-06-09,PCV Valve,Febi,2000,5430
2025-06-09,Piston Ring,Goetze,4000,10960
2025-06-10,Brake Caliper,Reconditioned,12000,14740
2025-06-10,Crankshaft Position Sensor,Local OEM,7500,12090
2025-06-10,Rack and Pinion,TRW,22000,66110
2025-06-11,Mass Air Flow Sensor,Delphi,11000,29800
2025-06-11,Rack and Pinion,Local OEM,22000,42140
2025-06-11,Starter Motor,Denso,22000,65490
2025-06-11,Timing Belt,Contitech,9000,26130
2025-06-11,Wheel Bearing,Timken,10000,27170
2025-06-12,Brake Fluid Hose,Local OEM,3000,5160
2025-06-12,Distributor Cap,NGK,3800,10130
2025-06-12,EGR Valve,Local OEM,9500,15860
2025-06-12,Oxygen Sensor,NGK,8500,21940
2025-06-12,Radiator,Denso,20000,51660
2025-06-12,Radiator Hose,Bosch,2500,5570
2025-06-12,Tensioner Pulley,INA,3200,8490
2025-06-12,Tie Rod End,Febest,6500,17350
2025-06-13,CV Axle,Febest,16000,38000
2025-06-13,CV Boot,Febest,3500,8460
2025-06-13,Coolant Temperature Sensor,Denso,4000,11780
2025-06-13,PCV Valve,Delphi,2000,4550
2025-06-14,Alternator,Mitsubishi,25000,63310
2025-06-14,Ball Joint,Delphi,5000,12670
2025-06-14,CV Boot,TRW,3500,9690
2025-06-14,Power Steering Pump,Bosch,18000,45920
2025-06-14,Strut Mount,Febi,6000,16180
2025-06-14,Throttle Body,Delphi,14000,38540
2025-06-14,Transmission Fluid Filter,Mann,4500,13390
2025-06-14,Water Pump,Gates,12000,32070
2025-06-14,Windshield Wiper Blade,Piaa,900,2490
2025-06-14,Wiring Harness,Generic,15000,21900
2025-06-15,Air Filter,Local OEM,1800,2550
2025-06-15,Battery,Local Brand,18000,32180
2025-06-15,Brake Fluid Hose,Bosch,3000,8250
2025-06-15,Cabin Air Filter,Denso,2200,5140
2025-06-15,Distributor Cap,NGK,3800,9410
2025-06-15,Gearbox Mount,Local OEM,7000,11490
2025-06-15,Idler Pulley,INA,2800,7540
2025-06-15,Tie Rod End,Moog,6500,17620
2025-06-16,Battery,Amaron,18000,44880
2025-06-16,Crankshaft Position Sensor,Delphi,7500,19250
2025-06-16,Mass Air Flow Sensor,Denso,11000,36040
2025-06-16,Spark Plug,Iridium NGK,1500,5470
2025-06-17,Brake Fluid Hose,Febi,3000,6560
2025-06-17,Brake Pad,Akebono,6000,16780
2025-06-17,Catalytic Converter,Local OEM,35000,65570
2025-06-17,Control Arm,TRW,10000,26860
2025-06-17,Engine Oil Filter,Fram,2500,6290
2025-06-17,Piston Ring,NPR,4000,11750
2025-06-17,Spark Plug,Bosch,1500,3790
2025-06-17,Thermostat,Denso,3000,7200
2025-06-18,Brake Caliper,TRW,12000,33630
2025-06-18,Coolant Temperature Sensor,Bosch,4000,12460
2025-06-18,Radiator Hose,Gates,2500,6740
2025-06-18,Shock Absorber,Reconditioned,15000,22750
2025-06-19,Gearbox Mount,TRW,7000,17650
2025-06-19,Idler Pulley,Gates,2800,7110
2025-06-20,Camshaft Position Sensor,Bosch,7000,19310
2025-06-20,Hub Assembly,Reconditioned,14000,16380
2025-06-20,Oxygen Sensor,Bosch,8500,21000
2025-06-20,Power Steering Pump,Reconditioned,18000,25380
2025-06-20,Rack and Pinion,Delphi,22000,60920
2025-06-20,Shock Absorber,Reconditioned,15000,19600
2025-06-21,Brake Caliper,Local OEM,12000,22180
2025-06-21,Brake Pad,Bosch,6000,16720
2025-06-21,Cabin Air Filter,Bosch,2200,5260
2025-06-21,Catalytic Converter,Magnaflow,35000,106680
2025-06-21,Engine Oil Filter,Bosch,2500,5880
2025-06-21,Sway Bar Link,Febest,4500,11240
2025-06-21,Windshield Wiper Blade,Valeo,900,2280
2025-06-22,EGR Valve,Denso,9500,26560
2025-06-22,Oxygen Sensor,Local OEM,8500,16400
2025-06-22,Serpentine Belt,Bosch,3500,10030
2025-06-22,Timing Belt,Contitech,9000,25270
2025-06-23,Alternator,Mitsubishi,25000,54200
2025-06-23,Coolant Temperature Sensor,Standard,4000,9980
2025-06-23,Tensioner Pulley,Gates,3200,8660
2025-06-23,Timing Belt,Dayco,9000,25400
2025-06-24,Brake Disc,Local OEM,8000,13250
2025-06-24,Engine Oil Filter,Bosch,2500,6270
2025-06-24,Hub Assembly,Timken,14000,41010
2025-06-24,Shock Absorber,Sachs,15000,40440
2025-06-25,Catalytic Converter,Reconditioned,35000,41390
2025-06-25,Rack and Pinion,Reconditioned,22000,29420
2025-06-25,Radiator,Denso,20000,59570
2025-06-25,Timing Belt,Continental,9000,23890
2025-06-25,Water Pump,Graf,12000,29600
2025-06-26,Air Filter,Denso,1800,4610
2025-06-26,Oxygen Sensor,Delphi,8500,19820
2025-06-26,Starter Motor,Bosch,22000,68110
2025-06-26,Thermostat,Bosch,3000,6790
2025-06-27,Ignition Coil,Denso,7500,21180
2025-06-27,Strut Mount,TRW,6000,15300
2025-06-28,Camshaft Position Sensor,Denso,7000,16300
2025-06-28,Fuel Injector,Delphi,12000,34030
2025-06-28,Gearbox Mount,TRW,7000,15680
2025-06-28,Hub Assembly,FAG,14000,42360
2025-06-28,Windshield Wiper Blade,Local OEM,900,1420
2025-06-29,Air Filter,Denso,1800,3930
2025-06-29,Ignition Coil,Local OEM,7500,14120
2025-06-29,Mass Air Flow Sensor,Bosch,11000,35900
2025-06-29,Radiator Hose,Gates,2500,6040
2025-06-29,Tensioner Pulley,SKF,3200,8290
2025-06-29,Transmission Fluid Filter,Local OEM,4500,7390
2025-06-29,Wheel Bearing,Timken,10000,29630
