Record_ID,Car_Model,Model_Year,Mileage_KM,Fault_Category,Fault_Type,Fault_Code,Fault_Name,Severity,Parts_Availability,Garage_Type,Mechanic_Expertise,Day_of_Week,Time_of_Day,Actual_Repair_Hours,Repair_Cost_LKR,PartsRequired_Names
1,Toyota Corolla,2011,106305,Transmission,Clutch Wear,TRA-196,Clutch Wear Issue,Low,In Stock,Local,Senior,Weekend,Afternoon,1.05,5000,"Gearbox Mount, Clutch Plate"
2,Nissan Sunny,2017,119955,Electrical,Alternator Failure,ELE-439,Alternator Failure Issue,High,In Stock,Authorized,Senior,Weekend,Morning,6.02,27200,"Battery, Starter Motor"
3,Suzuki WagonR,2017,153406,Electrical,Wiring Fault,ELE-831,Wiring Fault Issue,Low,In Stock,Authorized,Expert,Weekday,Evening,2.58,14400,"Alternator, Battery"
4,Honda Fit,2020,166565,Electrical,Alternator Failure,ELE-439,Alternator Failure Issue,High,In Stock,Local,Expert,Weekend,Afternoon,6.18,34700,"Alternator, Battery"
5,Toyota Prius,2011,140270,Transmission,Clutch Wear,TRA-196,Clutch Wear Issue,High,In Stock,Authorized,Junior,Weekend,Evening,7.2,29100,"Gearbox Mount, Transmission Fluid Filter"
6,Toyota Prius,2015,55666,Electrical,Battery Drain,ELE-926,Battery Drain Issue,High,In Stock,Authorized,Senior,Weekday,Evening,5.78,25800,"Alternator, Starter Motor"
7,Toyota Corolla,2016,20503,Electrical,Sensor Failure,ELE-256,Sensor Failure Issue,High,Order Required,Local,Senior,Weekday,Evening,6.93,38300,"Starter Motor, Wiring Harness"
8,Honda Civic,2010,85348,Transmission,Clutch Wear,TRA-196,Clutch Wear Issue,High,Order Required,Authorized,Senior,Weekday,Afternoon,7.41,30000,"Clutch Plate, Transmission Fluid Filter"
9,Toyota Corolla,2017,103266,Transmission,Clutch Wear,TRA-196,Clutch Wear Issue,High,Order Required,Local,Expert,Weekday,Morning,6.06,21500,"Clutch Plate, Transmission Fluid Filter"
10,Honda Fit,2015,166230,Brake,ABS Fault,BRA-102,ABS Fault Issue,Medium,Order Required,Local,Expert,Weekend,Afternoon,4.43,22200,"Brake Fluid Hose, Brake Caliper"
11,Toyota Prius,2012,74364,Engine,Overheating,ENG-450,Overheating Issue,Low,Order Required,Local,Expert,Weekday,Evening,2.93,12700,"Fuel Injector, Timing Belt"
12,Suzuki Alto,2019,89829,Suspension,Steering Issue,SUS-930,Steering Issue Issue,Low,Order Required,Authorized,Junior,Weekend,Morning,2.18,8700,"Ball Joint, Control Arm"
13,Honda Civic,2008,32111,Engine,Overheating,ENG-450,Overheating Issue,Medium,Order Required,Authorized,Expert,Weekend,Evening,3.51,14800,"Piston Ring, Spark Plug"
14,Toyota Corolla,2008,84723,Brake,Brake Fluid Leak,BRA-253,Brake Fluid Leak Issue,Medium,In Stock,Local,Expert,Weekend,Evening,4.47,26000,"Brake Disc, Brake Pad"
15,Toyota Corolla,2009,74281,Suspension,Wheel Alignment,SUS-239,Wheel Alignment Issue,Medium,In Stock,Authorized,Expert,Weekday,Evening,4.14,19200,"Strut Mount, Shock Absorber"
16,Nissan Sunny,2021,168734,Electrical,Wiring Fault,ELE-831,Wiring Fault Issue,High,In Stock,Local,Senior,Weekend,Afternoon,6.0,27300,"Starter Motor, Fuse"
17,Suzuki Alto,2010,77497,Brake,Brake Fluid Leak,BRA-253,Brake Fluid Leak Issue,Low,Order Required,Local,Senior,Weekday,Evening,2.4,13900,"Brake Caliper, Brake Pad"
18,Honda Civic,2021,131314,Suspension,Steering Issue,SUS-930,Steering Issue Issue,High,In Stock,Authorized,Senior,Weekday,Evening,5.86,23900,"Ball Joint, Control Arm"
19,Toyota Prius,2013,106519,Suspension,Shock Absorber Wear,SUS-606,Shock Absorber Wear Issue,High,Order Required,Local,Junior,Weekday,Afternoon,7.13,34600,"Strut Mount, Control Arm"
20,Toyota Prius,2022,27427,Transmission,Clutch Wear,TRA-196,Clutch Wear Issue,Medium,In Stock,Local,Junior,Weekend,Evening,4.88,22400,"Transmission Fluid Filter, Clutch Plate"
21,Toyota Corolla,2018,73361,Suspension,Shock Absorber Wear,SUS-606,Shock Absorber Wear Issue,High,Order Required,Local,Senior,Weekday,Evening,6.38,33300,"Control Arm, Ball Joint"
22,Suzuki WagonR,2013,120200,Electrical,Battery Drain,ELE-926,Battery Drain Issue,High,Order Required,Local,Senior,Weekend,Afternoon,6.01,31000,"Fuse, Wiring Harness"
23,Honda Fit,2011,69301,Engine,Oil Leak,ENG-170,Oil Leak Issue,Low,In Stock,Authorized,Senior,Weekday,Evening,1.28,5600,"Spark Plug, Timing Belt"
24,Suzuki Alto,2014,139153,Electrical,Sensor Failure,ELE-256,Sensor Failure Issue,High,Order Required,Authorized,Senior,Weekend,Afternoon,7.12,33200,"Battery, Starter Motor"
25,Toyota Corolla,2010,178800,Transmission,Gear Slip,TRA-571,Gear Slip Issue,High,Order Required,Authorized,Junior,Weekend,Morning,6.2,37100,"Clutch Plate, Gearbox Mount"
26,Honda Civic,2015,82128,Transmission,Gear Slip,TRA-571,Gear Slip Issue,High,In Stock,Authorized,Senior,Weekend,Morning,6.44,35800,"Gearbox Mount, Transmission Fluid Filter"
27,Suzuki WagonR,2017,21400,Engine,Overheating,ENG-450,Overheating Issue,High,Order Required,Authorized,Senior,Weekday,Afternoon,5.57,22000,"Spark Plug, Timing Belt"
28,Suzuki Alto,2015,114308,Brake,Brake Fluid Leak,BRA-253,Brake Fluid Leak Issue,Medium,Order Required,Local,Junior,Weekday,Morning,3.93,23400,"Brake Fluid Hose, Brake Caliper"
29,Nissan Sunny,2008,32185,Suspension,Wheel Alignment,SUS-239,Wheel Alignment Issue,Low,Order Required,Local,Senior,Weekend,Evening,1.13,4600,"Shock Absorber, Strut Mount"
30,Toyota Corolla,2016,145162,Electrical,Battery Drain,ELE-926,Battery Drain Issue,Low,In Stock,Authorized,Expert,Weekday,Evening,1.68,8700,"Alternator, Wiring Harness"
31,Suzuki Alto,2015,46810,Suspension,Wheel Alignment,SUS-239,Wheel Alignment Issue,High,Order Required,Local,Junior,Weekend,Evening,7.28,39600,"Strut Mount, Shock Absorber"
32,Honda Fit,2011,176963,Engine,Misfire,ENG-847,Misfire Issue,Medium,In Stock,Authorized,Expert,Weekend,Afternoon,4.38,19900,"Spark Plug, Fuel Injector"
33,Suzuki Alto,2016,170166,Brake,Brake Pad Wear,BRA-207,Brake Pad Wear Issue,High,Order Required,Local,Junior,Weekend,Morning,6.39,34100,"Brake Caliper, Brake Disc"
34,Honda Civic,2013,64531,Transmission,Fluid Leak,TRA-857,Fluid Leak Issue,High,In Stock,Authorized,Senior,Weekday,Evening,6.03,34500,"Gearbox Mount, Transmission Fluid Filter"
35,Toyota Prius,2019,159472,Engine,Timing Issue,ENG-522,Timing Issue Issue,Medium,In Stock,Local,Junior,Weekday,Afternoon,3.46,14300,"Engine Oil Filter, Spark Plug"
36,Suzuki WagonR,2017,151024,Brake,Brake Pad Wear,BRA-207,Brake Pad Wear Issue,Low,Order Required,Local,Junior,Weekday,Evening,2.49,10700,"Brake Fluid Hose, Brake Pad"
37,Suzuki WagonR,2008,154349,Electrical,Battery Drain,ELE-926,Battery Drain Issue,Low,Order Required,Local,Expert,Weekend,Afternoon,2.24,8600,"Wiring Harness, Fuse"
38,Honda Civic,2020,64544,Engine,Overheating,ENG-450,Overheating Issue,High,Order Required,Authorized,Expert,Weekend,Afternoon,7.36,27800,"Spark Plug, Timing Belt"
39,Suzuki Alto,2013,94673,Brake,Brake Pad Wear,BRA-207,Brake Pad Wear Issue,High,In Stock,Authorized,Junior,Weekday,Afternoon,6.24,22000,"Brake Pad, Brake Caliper"
40,Toyota Prius,2016,127510,Transmission,Gear Slip,TRA-571,Gear Slip Issue,Medium,Order Required,Authorized,Junior,Weekend,Afternoon,3.4,15700,"Clutch Plate, Gearbox Mount"
41,Suzuki Alto,2013,75389,Suspension,Wheel Alignment,SUS-239,Wheel Alignment Issue,Medium,In Stock,Local,Senior,Weekend,Evening,4.49,21900,"Ball Joint, Shock Absorber"
42,Toyota Corolla,2018,178268,Engine,Overheating,ENG-450,Overheating Issue,Medium,In Stock,Local,Junior,Weekday,Evening,3.46,19900,"Spark Plug, Engine Oil Filter"
43,Toyota Prius,2017,79403,Brake,Brake Fluid Leak,BRA-253,Brake Fluid Leak Issue,Low,Order Required,Local,Senior,Weekend,Afternoon,1.86,9000,"Brake Disc, Brake Pad"
44,Toyota Prius,2015,85780,Engine,Oil Leak,ENG-170,Oil Leak Issue,Low,In Stock,Authorized,Expert,Weekday,Evening,2.79,16300,"Spark Plug, Fuel Injector"
45,Toyota Corolla,2017,37528,Transmission,Gear Slip,TRA-571,Gear Slip Issue,High,In Stock,Authorized,Senior,Weekend,Evening,6.57,37900,"Clutch Plate, Gearbox Mount"
46,Suzuki WagonR,2011,161876,Suspension,Steering Issue,SUS-930,Steering Issue Issue,High,In Stock,Local,Senior,Weekday,Evening,7.35,25800,"Strut Mount, Ball Joint"
47,Nissan Sunny,2011,98552,Engine,Overheating,ENG-450,Overheating Issue,Low,Order Required,Authorized,Expert,Weekday,Evening,1.09,6100,"Spark Plug, Fuel Injector"
48,Toyota Prius,2019,154024,Engine,Misfire,ENG-847,Misfire Issue,High,Order Required,Local,Expert,Weekend,Afternoon,6.56,24100,"Spark Plug, Fuel Injector"
49,Toyota Prius,2022,67392,Brake,ABS Fault,BRA-102,ABS Fault Issue,Low,In Stock,Local,Junior,Weekend,Evening,1.56,8500,"Brake Pad, Brake Disc"
50,Suzuki Alto,2013,116698,Engine,Timing Issue,ENG-522,Timing Issue Issue,High,In Stock,Authorized,Junior,Weekend,Afternoon,6.46,37600,"Piston Ring, Spark Plug"
51,Toyota Prius,2018,27970,Engine,Timing Issue,ENG-522,Timing Issue Issue,Low,In Stock,Authorized,Expert,Weekend,Evening,2.88,13400,"Timing Belt, Fuel Injector"
52,Toyota Prius,2010,87160,Suspension,Steering Issue,SUS-930,Steering Issue Issue,Medium,In Stock,Authorized,Expert,Weekend,Evening,4.21,15300,"Strut Mount, Control Arm"
53,Honda Fit,2014,144262,Brake,Brake Pad Wear,BRA-207,Brake Pad Wear Issue,High,Order Required,Authorized,Junior,Weekday,Afternoon,6.73,39500,"Brake Disc, Brake Caliper"
54,Toyota Prius,2020,116104,Engine,Overheating,ENG-450,Overheating Issue,High,Order Required,Local,Junior,Weekday,Morning,5.86,20700,"Piston Ring, Fuel Injector"
55,Toyota Corolla,2011,121242,Transmission,Clutch Wear,TRA-196,Clutch Wear Issue,Low,In Stock,Local,Expert,Weekend,Morning,2.31,8500,"Clutch Plate, Transmission Fluid Filter"
56,Nissan Sunny,2009,63940,Engine,Oil Leak,ENG-170,Oil Leak Issue,High,In Stock,Local,Senior,Weekend,Afternoon,5.61,20200,"Piston Ring, Timing Belt"
57,Toyota Prius,2008,167714,Transmission,Fluid Leak,TRA-857,Fluid Leak Issue,Low,Order Required,Authorized,Expert,Weekday,Morning,2.38,11600,"Transmission Fluid Filter, Gearbox Mount"
58,Suzuki WagonR,2014,40402,Electrical,Battery Drain,ELE-926,Battery Drain Issue,High,In Stock,Authorized,Junior,Weekend,Afternoon,5.67,33900,"Alternator, Battery"
59,Honda Fit,2015,127987,Transmission,Fluid Leak,TRA-857,Fluid Leak Issue,Low,In Stock,Authorized,Junior,Weekend,Morning,2.54,10600,"Gearbox Mount, Transmission Fluid Filter"
60,Toyota Corolla,2017,156513,Transmission,Gear Slip,TRA-571,Gear Slip Issue,Medium,Order Required,Authorized,Expert,Weekend,Afternoon,4.6,25200,"Gearbox Mount, Transmission Fluid Filter"
61,Suzuki WagonR,2010,128727,Electrical,Sensor Failure,ELE-256,Sensor Failure Issue,High,In Stock,Local,Senior,Weekday,Afternoon,6.36,23300,"Alternator, Starter Motor"
62,Toyota Corolla,2013,128271,Electrical,Sensor Failure,ELE-256,Sensor Failure Issue,Medium,In Stock,Local,Expert,Weekend,Afternoon,4.31,15800,"Battery, Alternator"
63,Suzuki WagonR,2010,97544,Brake,ABS Fault,BRA-102,ABS Fault Issue,High,Order Required,Authorized,Junior,Weekday,Afternoon,5.95,28800,"Brake Disc, Brake Fluid Hose"
64,Honda Civic,2009,63362,Electrical,Sensor Failure,ELE-256,Sensor Failure Issue,Medium,In Stock,Local,Junior,Weekend,Afternoon,4.11,19200,"Battery, Alternator"
65,Honda Civic,2009,122443,Engine,Timing Issue,ENG-522,Timing Issue Issue,High,Order Required,Local,Expert,Weekend,Evening,5.8,20700,"Engine Oil Filter, Piston Ring"
66,Suzuki Alto,2011,26358,Electrical,Alternator Failure,ELE-439,Alternator Failure Issue,Low,In Stock,Authorized,Expert,Weekday,Morning,2.27,12100,"Fuse, Battery"
67,Toyota Corolla,2009,30754,Electrical,Alternator Failure,ELE-439,Alternator Failure Issue,Low,Order Required,Authorized,Expert,Weekend,Evening,1.9,8400,"Battery, Wiring Harness"
68,Suzuki WagonR,2013,119198,Suspension,Wheel Alignment,SUS-239,Wheel Alignment Issue,Low,Order Required,Authorized,Expert,Weekday,Afternoon,1.5,8900,"Control Arm, Strut Mount"
69,Honda Fit,2018,145740,Electrical,Battery Drain,ELE-926,Battery Drain Issue,Medium,Order Required,Local,Junior,Weekend,Morning,3.11,12400,"Battery, Starter Motor"
70,Toyota Prius,2009,68813,Electrical,Battery Drain,ELE-926,Battery Drain Issue,Low,Order Required,Authorized,Expert,Weekend,Morning,2.69,9400,"Battery, Wiring Harness"
71,Nissan Sunny,2015,67163,Electrical,Battery Drain,ELE-926,Battery Drain Issue,Medium,Order Required,Authorized,Expert,Weekend,Evening,4.33,23800,"Fuse, Alternator"
72,Toyota Corolla,2022,168386,Transmission,Gear Slip,TRA-571,Gear Slip Issue,Medium,In Stock,Local,Junior,Weekday,Morning,3.76,16100,"Transmission Fluid Filter, Gearbox Mount"
73,Nissan Sunny,2017,23170,Suspension,Shock Absorber Wear,SUS-606,Shock Absorber Wear Issue,Low,Order Required,Local,Expert,Weekday,Evening,2.51,12700,"Strut Mount, Ball Joint"
74,Honda Civic,2013,139763,Electrical,Battery Drain,ELE-926,Battery Drain Issue,Low,In Stock,Authorized,Junior,Weekend,Morning,2.48,10600,"Alternator, Starter Motor"
75,Honda Civic,2009,165046,Engine,Overheating,ENG-450,Overheating Issue,Medium,Order Required,Authorized,Senior,Weekend,Evening,3.87,13500,"Piston Ring, Spark Plug"
76,Nissan Sunny,2021,128974,Engine,Oil Leak,ENG-170,Oil Leak Issue,High,Order Required,Local,Expert,Weekday,Afternoon,6.22,26900,"Fuel Injector, Timing Belt"
77,Toyota Prius,2009,124385,Engine,Timing Issue,ENG-522,Timing Issue Issue,Low,In Stock,Local,Junior,Weekend,Morning,1.35,5200,"Engine Oil Filter, Timing Belt"
78,Toyota Prius,2013,129293,Brake,Brake Fluid Leak,BRA-253,Brake Fluid Leak Issue,Low,In Stock,Local,Junior,Weekday,Evening,2.6,13200,"Brake Fluid Hose, Brake Disc"
79,Honda Civic,2009,91895,Suspension,Wheel Alignment,SUS-239,Wheel Alignment Issue,High,Order Required,Authorized,Junior,Weekday,Evening,5.75,34200,"Shock Absorber, Strut Mount"
80,Honda Fit,2012,122234,Brake,Brake Pad Wear,BRA-207,Brake Pad Wear Issue,High,Order Required,Local,Senior,Weekend,Evening,6.95,37500,"Brake Disc, Brake Fluid Hose"
81,Toyota Prius,2013,66116,Transmission,Clutch Wear,TRA-196,Clutch Wear Issue,Low,Order Required,Local,Senior,Weekend,Afternoon,2.66,11900,"Transmission Fluid Filter, Clutch Plate"
82,Suzuki WagonR,2019,88543,Brake,Brake Fluid Leak,BRA-253,Brake Fluid Leak Issue,High,Order Required,Local,Junior,Weekday,Morning,6.29,23200,"Brake Disc, Brake Pad"
83,Toyota Corolla,2020,73196,Transmission,Fluid Leak,TRA-857,Fluid Leak Issue,High,Order Required,Local,Expert,Weekend,Morning,6.04,27800,"Transmission Fluid Filter, Clutch Plate"
84,Toyota Corolla,2009,48041,Brake,ABS Fault,BRA-102,ABS Fault Issue,High,In Stock,Authorized,Senior,Weekday,Morning,6.26,28800,"Brake Disc, Brake Caliper"
85,Suzuki WagonR,2009,104148,Engine,Overheating,ENG-450,Overheating Issue,Medium,In Stock,Local,Senior,Weekday,Morning,3.52,14900,"Spark Plug, Piston Ring"
86,Toyota Prius,2015,159740,Transmission,Fluid Leak,TRA-857,Fluid Leak Issue,High,Order Required,Local,Junior,Weekday,Afternoon,6.5,23000,"Clutch Plate, Transmission Fluid Filter"
87,Toyota Corolla,2022,29937,Suspension,Shock Absorber Wear,SUS-606,Shock Absorber Wear Issue,Medium,Order Required,Authorized,Senior,Weekday,Afternoon,3.8,20500,"Shock Absorber, Control Arm"
88,Toyota Corolla,2021,20280,Electrical,Alternator Failure,ELE-439,Alternator Failure Issue,Medium,In Stock,Local,Expert,Weekend,Evening,3.43,16500,"Alternator, Starter Motor"
89,Honda Civic,2010,59933,Transmission,Clutch Wear,TRA-196,Clutch Wear Issue,High,Order Required,Authorized,Senior,Weekend,Morning,7.15,34500,"Gearbox Mount, Clutch Plate"
90,Honda Civic,2010,73045,Engine,Timing Issue,ENG-522,Timing Issue Issue,High,Order Required,Authorized,Junior,Weekend,Morning,7.24,40500,"Engine Oil Filter, Fuel Injector"
91,Nissan Sunny,2017,101356,Suspension,Steering Issue,SUS-930,Steering Issue Issue,Medium,Order Required,Local,Junior,Weekend,Morning,4.54,18500,"Shock Absorber, Strut Mount"
92,Suzuki Alto,2017,110375,Brake,ABS Fault,BRA-102,ABS Fault Issue,Low,Order Required,Local,Expert,Weekday,Morning,2.41,8500,"Brake Disc, Brake Caliper"
93,Suzuki WagonR,2014,156736,Transmission,Clutch Wear,TRA-196,Clutch Wear Issue,Medium,In Stock,Local,Senior,Weekday,Morning,4.6,21200,"Transmission Fluid Filter, Clutch Plate"
94,Nissan Sunny,2008,32021,Suspension,Wheel Alignment,SUS-239,Wheel Alignment Issue,Medium,In Stock,Local,Expert,Weekend,Morning,4.84,24800,"Ball Joint, Shock Absorber"
95,Nissan Sunny,2020,98609,Brake,Brake Fluid Leak,BRA-253,Brake Fluid Leak Issue,High,Order Required,Authorized,Senior,Weekday,Morning,5.82,24800,"Brake Caliper, Brake Fluid Hose"
96,Honda Fit,2021,51656,Brake,Brake Fluid Leak,BRA-253,Brake Fluid Leak Issue,Low,In Stock,Local,Expert,Weekday,Afternoon,1.61,8900,"Brake Fluid Hose, Brake Pad"
97,Suzuki Alto,2020,137718,Transmission,Gear Slip,TRA-571,Gear Slip Issue,Medium,Order Required,Local,Expert,Weekend,Evening,3.86,22800,"Gearbox Mount, Clutch Plate"
98,Suzuki Alto,2019,174363,Brake,Brake Fluid Leak,BRA-253,Brake Fluid Leak Issue,Low,Order Required,Local,Expert,Weekday,Morning,1.62,9100,"Brake Disc, Brake Caliper"
99,Toyota Prius,2008,82325,Engine,Timing Issue,ENG-522,Timing Issue Issue,Medium,In Stock,Authorized,Expert,Weekend,Afternoon,4.31,23400,"Fuel Injector, Engine Oil Filter"
100,Nissan Sunny,2009,99061,Brake,Brake Pad Wear,BRA-207,Brake Pad Wear Issue,Low,Order Required,Local,Junior,Weekend,Evening,2.74,14100,"Brake Fluid Hose, Brake Disc"
101,Honda Civic,2019,97945,Electrical,Alternator Failure,ELE-439,Alternator Failure Issue,High,In Stock,Authorized,Junior,Weekend,Evening,7.44,35600,"Battery, Starter Motor"
102,Honda Fit,2013,43038,Transmission,Clutch Wear,TRA-196,Clutch Wear Issue,Low,In Stock,Local,Junior,Weekday,Evening,2.86,13500,"Clutch Plate, Transmission Fluid Filter"
103,Suzuki WagonR,2017,93367,Transmission,Fluid Leak,TRA-857,Fluid Leak Issue,Medium,In Stock,Local,Expert,Weekday,Morning,4.75,21600,"Gearbox Mount, Clutch Plate"
104,Nissan Sunny,2021,110973,Suspension,Steering Issue,SUS-930,Steering Issue Issue,Low,In Stock,Local,Senior,Weekday,Evening,1.6,7400,"Shock Absorber, Control Arm"
105,Toyota Corolla,2009,99528,Suspension,Shock Absorber Wear,SUS-606,Shock Absorber Wear Issue,Medium,In Stock,Local,Senior,Weekend,Afternoon,3.92,21000,"Ball Joint, Shock Absorber"
106,Honda Civic,2017,66272,Transmission,Clutch Wear,TRA-196,Clutch Wear Issue,Medium,In Stock,Authorized,Senior,Weekend,Morning,4.8,25300,"Gearbox Mount, Transmission Fluid Filter"
107,Nissan Sunny,2020,108560,Brake,Brake Fluid Leak,BRA-253,Brake Fluid Leak Issue,Medium,In Stock,Authorized,Senior,Weekend,Morning,4.73,25000,"Brake Fluid Hose, Brake Pad"
108,Suzuki Alto,2019,127138,Transmission,Fluid Leak,TRA-857,Fluid Leak Issue,Low,Order Required,Local,Expert,Weekday,Morning,2.85,11200,"Clutch Plate, Transmission Fluid Filter"
109,Toyota Corolla,2016,143254,Electrical,Sensor Failure,ELE-256,Sensor Failure Issue,Low,Order Required,Local,Junior,Weekday,Afternoon,1.46,8300,"Battery, Starter Motor"
110,Toyota Corolla,2012,34376,Electrical,Wiring Fault,ELE-831,Wiring Fault Issue,Medium,In Stock,Local,Expert,Weekend,Morning,3.61,16700,"Starter Motor, Wiring Harness"
111,Suzuki Alto,2013,140172,Electrical,Alternator Failure,ELE-439,Alternator Failure Issue,High,Order Required,Local,Junior,Weekend,Morning,7.12,25500,"Battery, Wiring Harness"
112,Honda Fit,2016,152209,Brake,Brake Fluid Leak,BRA-253,Brake Fluid Leak Issue,High,In Stock,Local,Junior,Weekend,Afternoon,5.65,20100,"Brake Disc, Brake Pad"
113,Honda Civic,2009,108951,Electrical,Wiring Fault,ELE-831,Wiring Fault Issue,High,Order Required,Authorized,Junior,Weekend,Morning,6.28,31400,"Alternator, Battery"
114,Nissan Sunny,2011,23993,Transmission,Fluid Leak,TRA-857,Fluid Leak Issue,High,In Stock,Authorized,Junior,Weekday,Morning,6.42,35700,"Transmission Fluid Filter, Clutch Plate"
115,Suzuki Alto,2016,154702,Suspension,Steering Issue,SUS-930,Steering Issue Issue,Low,In Stock,Local,Expert,Weekday,Evening,2.49,9600,"Ball Joint, Control Arm"
116,Honda Civic,2018,130793,Suspension,Steering Issue,SUS-930,Steering Issue Issue,High,Order Required,Authorized,Junior,Weekday,Afternoon,6.82,33900,"Shock Absorber, Control Arm"
117,Honda Fit,2018,71495,Brake,Brake Fluid Leak,BRA-253,Brake Fluid Leak Issue,Low,In Stock,Authorized,Expert,Weekend,Morning,1.97,8400,"Brake Disc, Brake Caliper"
118,Nissan Sunny,2012,92349,Transmission,Gear Slip,TRA-571,Gear Slip Issue,Low,Order Required,Authorized,Junior,Weekend,Morning,1.91,8600,"Transmission Fluid Filter, Clutch Plate"
119,Nissan Sunny,2018,89799,Electrical,Alternator Failure,ELE-439,Alternator Failure Issue,Medium,Order Required,Authorized,Junior,Weekday,Morning,3.79,19000,"Battery, Alternator"
120,Suzuki WagonR,2012,39962,Engine,Overheating,ENG-450,Overheating Issue,High,Order Required,Local,Junior,Weekday,Evening,5.72,20300,"Spark Plug, Engine Oil Filter"
121,Toyota Prius,2013,145242,Engine,Overheating,ENG-450,Overheating Issue,High,In Stock,Local,Expert,Weekend,Morning,6.72,33900,"Spark Plug, Engine Oil Filter"
122,Toyota Prius,2018,114241,Suspension,Shock Absorber Wear,SUS-606,Shock Absorber Wear Issue,Medium,Order Required,Local,Expert,Weekend,Evening,4.43,23100,"Ball Joint, Shock Absorber"
123,Suzuki WagonR,2017,156589,Transmission,Clutch Wear,TRA-196,Clutch Wear Issue,Low,Order Required,Authorized,Expert,Weekend,Morning,2.23,9400,"Gearbox Mount, Transmission Fluid Filter"
124,Toyota Prius,2018,169025,Transmission,Gear Slip,TRA-571,Gear Slip Issue,High,In Stock,Local,Junior,Weekday,Evening,7.04,35000,"Clutch Plate, Gearbox Mount"
125,Honda Fit,2009,150967,Engine,Misfire,ENG-847,Misfire Issue,High,Order Required,Local,Junior,Weekday,Evening,6.73,39500,"Spark Plug, Timing Belt"
126,Toyota Corolla,2011,120836,Electrical,Battery Drain,ELE-926,Battery Drain Issue,Medium,Order Required,Local,Senior,Weekend,Morning,4.7,17200,"Fuse, Starter Motor"
127,Toyota Prius,2011,121656,Transmission,Clutch Wear,TRA-196,Clutch Wear Issue,Low,In Stock,Local,Junior,Weekend,Evening,2.41,8400,"Clutch Plate, Gearbox Mount"
128,Honda Fit,2009,159589,Brake,ABS Fault,BRA-102,ABS Fault Issue,Medium,In Stock,Local,Expert,Weekend,Afternoon,3.26,13100,"Brake Pad, Brake Disc"
129,Honda Fit,2014,139009,Engine,Timing Issue,ENG-522,Timing Issue Issue,Low,In Stock,Local,Junior,Weekend,Morning,1.84,7700,"Engine Oil Filter, Timing Belt"
130,Toyota Prius,2021,73294,Electrical,Alternator Failure,ELE-439,Alternator Failure Issue,Medium,Order Required,Local,Senior,Weekday,Evening,4.35,18400,"Wiring Harness, Battery"
131,Suzuki WagonR,2017,145919,Suspension,Shock Absorber Wear,SUS-606,Shock Absorber Wear Issue,Medium,In Stock,Local,Expert,Weekday,Evening,4.16,14600,"Shock Absorber, Control Arm"
132,Toyota Corolla,2017,163018,Engine,Timing Issue,ENG-522,Timing Issue Issue,High,In Stock,Local,Junior,Weekday,Morning,6.14,25500,"Timing Belt, Engine Oil Filter"
133,Honda Fit,2015,144070,Transmission,Fluid Leak,TRA-857,Fluid Leak Issue,Low,In Stock,Local,Expert,Weekend,Morning,2.06,8000,"Transmission Fluid Filter, Gearbox Mount"
134,Toyota Corolla,2018,62448,Transmission,Clutch Wear,TRA-196,Clutch Wear Issue,Low,In Stock,Local,Junior,Weekend,Afternoon,1.59,6400,"Gearbox Mount, Clutch Plate"
135,Suzuki Alto,2011,48102,Electrical,Battery Drain,ELE-926,Battery Drain Issue,Medium,Order Required,Authorized,Senior,Weekend,Afternoon,3.6,17200,"Fuse, Wiring Harness"
136,Honda Civic,2010,91040,Suspension,Shock Absorber Wear,SUS-606,Shock Absorber Wear Issue,Low,Order Required,Local,Junior,Weekend,Morning,2.77,11200,"Strut Mount, Shock Absorber"
137,Honda Civic,2019,43346,Electrical,Wiring Fault,ELE-831,Wiring Fault Issue,Low,In Stock,Authorized,Senior,Weekend,Morning,1.05,5100,"Fuse, Wiring Harness"
138,Nissan Sunny,2018,38497,Brake,Brake Fluid Leak,BRA-253,Brake Fluid Leak Issue,Medium,Order Required,Local,Expert,Weekend,Evening,3.78,13700,"Brake Fluid Hose, Brake Caliper"
139,Toyota Prius,2014,132694,Suspension,Shock Absorber Wear,SUS-606,Shock Absorber Wear Issue,Low,Order Required,Local,Senior,Weekday,Evening,2.93,12400,"Control Arm, Shock Absorber"
140,Honda Fit,2015,143711,Engine,Oil Leak,ENG-170,Oil Leak Issue,Medium,Order Required,Local,Junior,Weekday,Morning,3.36,17600,"Fuel Injector, Spark Plug"
141,Honda Fit,2021,178839,Suspension,Steering Issue,SUS-930,Steering Issue Issue,High,In Stock,Authorized,Expert,Weekday,Afternoon,5.73,28600,"Strut Mount, Shock Absorber"
142,Toyota Corolla,2021,22950,Electrical,Alternator Failure,ELE-439,Alternator Failure Issue,High,Order Required,Authorized,Senior,Weekend,Evening,7.1,32200,"Fuse, Battery"
143,Honda Fit,2010,163319,Suspension,Steering Issue,SUS-930,Steering Issue Issue,Low,Order Required,Authorized,Senior,Weekend,Evening,2.86,10100,"Ball Joint, Control Arm"
144,Toyota Corolla,2022,42686,Electrical,Sensor Failure,ELE-256,Sensor Failure Issue,Low,In Stock,Local,Senior,Weekend,Evening,1.36,6400,"Alternator, Wiring Harness"
145,Honda Fit,2018,157041,Electrical,Battery Drain,ELE-926,Battery Drain Issue,Medium,Order Required,Local,Expert,Weekday,Evening,3.48,17500,"Wiring Harness, Starter Motor"
146,Toyota Prius,2013,158106,Electrical,Wiring Fault,ELE-831,Wiring Fault Issue,High,In Stock,Authorized,Expert,Weekday,Morning,7.16,31300,"Battery, Wiring Harness"
147,Suzuki Alto,2010,148285,Brake,ABS Fault,BRA-102,ABS Fault Issue,High,Order Required,Local,Expert,Weekday,Afternoon,6.01,30200,"Brake Pad, Brake Fluid Hose"
148,Toyota Corolla,2018,39080,Engine,Timing Issue,ENG-522,Timing Issue Issue,Low,Order Required,Local,Senior,Weekend,Afternoon,1.5,6500,"Timing Belt, Piston Ring"
149,Nissan Sunny,2012,132146,Electrical,Wiring Fault,ELE-831,Wiring Fault Issue,Low,Order Required,Authorized,Expert,Weekday,Afternoon,2.14,9200,"Starter Motor, Wiring Harness"
150,Honda Fit,2016,71569,Brake,Brake Fluid Leak,BRA-253,Brake Fluid Leak Issue,Medium,In Stock,Local,Expert,Weekday,Morning,3.43,13400,"Brake Fluid Hose, Brake Caliper"
151,Toyota Corolla,2017,81325,Electrical,Wiring Fault,ELE-831,Wiring Fault Issue,Medium,In Stock,Local,Expert,Weekend,Morning,4.29,22800,"Alternator, Fuse"
152,Honda Civic,2015,74280,Brake,Brake Pad Wear,BRA-207,Brake Pad Wear Issue,Medium,Order Required,Local,Junior,Weekend,Afternoon,4.78,24100,"Brake Caliper, Brake Disc"
153,Suzuki Alto,2015,155897,Engine,Overheating,ENG-450,Overheating Issue,High,In Stock,Authorized,Senior,Weekday,Morning,5.65,30100,"Fuel Injector, Spark Plug"
154,Toyota Corolla,2008,33017,Transmission,Gear Slip,TRA-571,Gear Slip Issue,High,Order Required,Local,Senior,Weekend,Afternoon,6.31,24200,"Transmission Fluid Filter, Gearbox Mount"
155,Toyota Prius,2010,25037,Suspension,Shock Absorber Wear,SUS-606,Shock Absorber Wear Issue,High,In Stock,Local,Junior,Weekend,Morning,5.88,26000,"Shock Absorber, Strut Mount"
156,Nissan Sunny,2015,152056,Suspension,Steering Issue,SUS-930,Steering Issue Issue,Low,In Stock,Authorized,Senior,Weekday,Evening,2.57,11700,"Shock Absorber, Strut Mount"
157,Toyota Prius,2009,76974,Electrical,Sensor Failure,ELE-256,Sensor Failure Issue,High,Order Required,Local,Junior,Weekday,Morning,6.01,23900,"Fuse, Starter Motor"
158,Toyota Corolla,2013,50379,Transmission,Clutch Wear,TRA-196,Clutch Wear Issue,Medium,In Stock,Local,Expert,Weekday,Evening,3.47,12200,"Gearbox Mount, Clutch Plate"
159,Honda Civic,2016,155812,Brake,Brake Fluid Leak,BRA-253,Brake Fluid Leak Issue,Low,Order Required,Authorized,Expert,Weekday,Afternoon,2.06,9100,"Brake Fluid Hose, Brake Pad"
160,Nissan Sunny,2011,129780,Electrical,Wiring Fault,ELE-831,Wiring Fault Issue,Medium,In Stock,Local,Senior,Weekend,Afternoon,3.71,19700,"Fuse, Battery"
161,Honda Fit,2008,166121,Brake,Brake Fluid Leak,BRA-253,Brake Fluid Leak Issue,Medium,In Stock,Authorized,Senior,Weekend,Afternoon,4.06,19700,"Brake Pad, Brake Caliper"
162,Toyota Corolla,2018,161065,Engine,Overheating,ENG-450,Overheating Issue,Medium,Order Required,Authorized,Senior,Weekend,Morning,3.87,20600,"Piston Ring, Timing Belt"
163,Nissan Sunny,2022,48321,Engine,Oil Leak,ENG-170,Oil Leak Issue,Low,In Stock,Local,Expert,Weekend,Evening,1.39,5400,"Fuel Injector, Timing Belt"
164,Toyota Prius,2008,177145,Suspension,Steering Issue,SUS-930,Steering Issue Issue,Medium,Order Required,Authorized,Junior,Weekend,Morning,3.55,19300,"Strut Mount, Control Arm"
165,Suzuki WagonR,2008,151294,Engine,Overheating,ENG-450,Overheating Issue,Low,In Stock,Authorized,Senior,Weekday,Morning,2.85,10000,"Engine Oil Filter, Timing Belt"
166,Toyota Corolla,2016,57674,Engine,Misfire,ENG-847,Misfire Issue,High,In Stock,Local,Senior,Weekday,Afternoon,5.75,28700,"Piston Ring, Engine Oil Filter"
167,Honda Civic,2022,148487,Transmission,Clutch Wear,TRA-196,Clutch Wear Issue,Low,In Stock,Authorized,Expert,Weekday,Afternoon,1.69,7300,"Transmission Fluid Filter, Clutch Plate"
168,Toyota Prius,2019,98788,Brake,Brake Pad Wear,BRA-207,Brake Pad Wear Issue,High,Order Required,Authorized,Junior,Weekend,Morning,5.83,29700,"Brake Pad, Brake Fluid Hose"
169,Toyota Prius,2014,176883,Brake,Brake Fluid Leak,BRA-253,Brake Fluid Leak Issue,Medium,In Stock,Authorized,Senior,Weekend,Morning,4.11,17800,"Brake Pad, Brake Disc"
170,Toyota Prius,2009,135186,Suspension,Shock Absorber Wear,SUS-606,Shock Absorber Wear Issue,Low,Order Required,Local,Expert,Weekend,Afternoon,2.18,12600,"Control Arm, Shock Absorber"
171,Suzuki WagonR,2014,143362,Engine,Misfire,ENG-847,Misfire Issue,Medium,In Stock,Local,Senior,Weekend,Morning,4.22,19900,"Piston Ring, Timing Belt"
172,Suzuki Alto,2021,21438,Electrical,Sensor Failure,ELE-256,Sensor Failure Issue,Medium,Order Required,Authorized,Expert,Weekend,Morning,4.78,21700,"Wiring Harness, Alternator"
173,Honda Fit,2009,98744,Engine,Overheating,ENG-450,Overheating Issue,Medium,In Stock,Local,Senior,Weekend,Morning,3.88,18200,"Piston Ring, Spark Plug"
174,Suzuki Alto,2018,166695,Engine,Timing Issue,ENG-522,Timing Issue Issue,Low,In Stock,Authorized,Senior,Weekday,Afternoon,2.89,10800,"Timing Belt, Fuel Injector"
175,Honda Fit,2020,91768,Transmission,Gear Slip,TRA-571,Gear Slip Issue,Medium,In Stock,Local,Junior,Weekend,Morning,3.6,15800,"Transmission Fluid Filter, Clutch Plate"
176,Honda Fit,2016,105951,Electrical,Sensor Failure,ELE-256,Sensor Failure Issue,Medium,Order Required,Local,Junior,Weekend,Afternoon,3.49,14800,"Starter Motor, Alternator"
177,Honda Civic,2014,86848,Electrical,Sensor Failure,ELE-256,Sensor Failure Issue,Medium,In Stock,Authorized,Senior,Weekend,Morning,3.92,20700,"Battery, Fuse"
178,Toyota Corolla,2019,110959,Suspension,Wheel Alignment,SUS-239,Wheel Alignment Issue,Medium,Order Required,Local,Expert,Weekday,Evening,3.77,18000,"Strut Mount, Control Arm"
179,Toyota Corolla,2020,163765,Engine,Oil Leak,ENG-170,Oil Leak Issue,Low,In Stock,Local,Expert,Weekday,Afternoon,2.01,8500,"Spark Plug, Timing Belt"
180,Toyota Prius,2018,40981,Engine,Oil Leak,ENG-170,Oil Leak Issue,High,In Stock,Local,Junior,Weekday,Evening,5.96,22400,"Spark Plug, Fuel Injector"
181,Suzuki Alto,2020,72959,Transmission,Fluid Leak,TRA-857,Fluid Leak Issue,Medium,In Stock,Local,Junior,Weekday,Evening,4.92,28900,"Clutch Plate, Gearbox Mount"
182,Toyota Prius,2009,120805,Transmission,Fluid Leak,TRA-857,Fluid Leak Issue,Low,In Stock,Authorized,Expert,Weekday,Morning,1.65,9400,"Transmission Fluid Filter, Clutch Plate"
183,Honda Fit,2013,55302,Engine,Overheating,ENG-450,Overheating Issue,High,In Stock,Authorized,Junior,Weekday,Afternoon,6.26,24200,"Fuel Injector, Timing Belt"
184,Toyota Prius,2008,64638,Suspension,Shock Absorber Wear,SUS-606,Shock Absorber Wear Issue,Medium,In Stock,Local,Senior,Weekday,Afternoon,3.25,19400,"Strut Mount, Ball Joint"
185,Nissan Sunny,2017,126012,Engine,Overheating,ENG-450,Overheating Issue,Low,In Stock,Authorized,Senior,Weekend,Morning,2.18,8100,"Spark Plug, Engine Oil Filter"
186,Honda Fit,2020,133882,Suspension,Wheel Alignment,SUS-239,Wheel Alignment Issue,Low,In Stock,Local,Expert,Weekday,Evening,2.17,8400,"Control Arm, Strut Mount"
187,Suzuki WagonR,2008,166344,Engine,Misfire,ENG-847,Misfire Issue,High,In Stock,Local,Junior,Weekend,Evening,7.04,25800,"Piston Ring, Timing Belt"
188,Toyota Corolla,2008,103359,Suspension,Wheel Alignment,SUS-239,Wheel Alignment Issue,Medium,Order Required,Local,Expert,Weekend,Afternoon,4.46,22900,"Control Arm, Strut Mount"
189,Suzuki Alto,2012,23168,Electrical,Battery Drain,ELE-926,Battery Drain Issue,Medium,In Stock,Authorized,Expert,Weekday,Afternoon,4.23,22100,"Wiring Harness, Alternator"
190,Honda Civic,2011,151907,Electrical,Alternator Failure,ELE-439,Alternator Failure Issue,Medium,Order Required,Local,Senior,Weekday,Evening,4.22,21000,"Fuse, Alternator"
191,Toyota Corolla,2012,149733,Engine,Overheating,ENG-450,Overheating Issue,High,Order Required,Authorized,Senior,Weekend,Afternoon,7.33,26300,"Piston Ring, Engine Oil Filter"
192,Honda Fit,2010,40468,Suspension,Steering Issue,SUS-930,Steering Issue Issue,Low,Order Required,Authorized,Senior,Weekend,Evening,2.38,11500,"Control Arm, Strut Mount"
193,Honda Civic,2021,159790,Suspension,Shock Absorber Wear,SUS-606,Shock Absorber Wear Issue,Low,Order Required,Authorized,Expert,Weekend,Afternoon,2.63,10400,"Ball Joint, Strut Mount"
194,Honda Fit,2009,149319,Transmission,Fluid Leak,TRA-857,Fluid Leak Issue,High,In Stock,Local,Junior,Weekday,Afternoon,5.76,28700,"Clutch Plate, Gearbox Mount"
195,Suzuki WagonR,2013,65956,Engine,Overheating,ENG-450,Overheating Issue,Medium,Order Required,Local,Junior,Weekend,Morning,3.06,17900,"Piston Ring, Engine Oil Filter"
196,Toyota Corolla,2020,124046,Engine,Misfire,ENG-847,Misfire Issue,High,Order Required,Authorized,Senior,Weekend,Afternoon,6.7,26000,"Fuel Injector, Piston Ring"
197,Suzuki Alto,2018,31686,Transmission,Clutch Wear,TRA-196,Clutch Wear Issue,Low,Order Required,Local,Junior,Weekday,Morning,2.3,11200,"Gearbox Mount, Transmission Fluid Filter"
198,Toyota Corolla,2008,179305,Brake,Brake Pad Wear,BRA-207,Brake Pad Wear Issue,High,In Stock,Authorized,Junior,Weekend,Evening,5.79,25800,"Brake Disc, Brake Pad"
199,Nissan Sunny,2014,175655,Suspension,Shock Absorber Wear,SUS-606,Shock Absorber Wear Issue,Medium,Order Required,Local,Expert,Weekend,Morning,3.07,15200,"Control Arm, Ball Joint"
200,Honda Fit,2012,84637,Suspension,Shock Absorber Wear,SUS-606,Shock Absorber Wear Issue,Low,Order Required,Local,Expert,Weekday,Morning,2.53,12200,"Shock Absorber, Ball Joint"
201,Toyota Corolla,2017,152205,Electrical,Alternator Failure,ELE-439,Alternator Failure Issue,Low,Order Required,Authorized,Junior,Weekday,Afternoon,2.22,12100,"Alternator, Battery"
202,Suzuki WagonR,2011,116489,Electrical,Wiring Fault,ELE-831,Wiring Fault Issue,High,Order Required,Authorized,Senior,Weekday,Evening,5.89,24400,"Starter Motor, Wiring Harness"
203,Toyota Corolla,2016,117557,Transmission,Clutch Wear,TRA-196,Clutch Wear Issue,Low,In Stock,Local,Expert,Weekend,Morning,2.09,11600,"Clutch Plate, Transmission Fluid Filter"
204,Toyota Corolla,2009,103896,Engine,Misfire,ENG-847,Misfire Issue,Low,In Stock,Local,Senior,Weekday,Morning,1.98,10900,"Fuel Injector, Engine Oil Filter"
205,Honda Civic,2009,121369,Suspension,Steering Issue,SUS-930,Steering Issue Issue,Low,Order Required,Local,Junior,Weekday,Afternoon,1.96,8200,"Shock Absorber, Control Arm"
206,Nissan Sunny,2010,35559,Suspension,Shock Absorber Wear,SUS-606,Shock Absorber Wear Issue,Medium,Order Required,Local,Senior,Weekday,Afternoon,4.21,22800,"Strut Mount, Control Arm"
207,Nissan Sunny,2015,53778,Engine,Misfire,ENG-847,Misfire Issue,High,Order Required,Local,Senior,Weekend,Afternoon,5.58,27000,"Spark Plug, Timing Belt"
208,Suzuki Alto,2015,134954,Engine,Oil Leak,ENG-170,Oil Leak Issue,Low,In Stock,Local,Expert,Weekend,Afternoon,2.31,10200,"Timing Belt, Piston Ring"
209,Suzuki WagonR,2010,167455,Transmission,Gear Slip,TRA-571,Gear Slip Issue,Low,Order Required,Authorized,Senior,Weekend,Evening,2.63,15300,"Clutch Plate, Transmission Fluid Filter"
210,Suzuki Alto,2008,154634,Engine,Oil Leak,ENG-170,Oil Leak Issue,Medium,In Stock,Authorized,Senior,Weekend,Evening,3.04,14700,"Fuel Injector, Piston Ring"
211,Toyota Prius,2011,174969,Brake,Brake Fluid Leak,BRA-253,Brake Fluid Leak Issue,High,In Stock,Authorized,Expert,Weekday,Afternoon,6.06,23700,"Brake Pad, Brake Fluid Hose"
212,Honda Civic,2019,24730,Transmission,Fluid Leak,TRA-857,Fluid Leak Issue,Medium,Order Required,Local,Expert,Weekday,Morning,3.26,18400,"Transmission Fluid Filter, Gearbox Mount"
213,Honda Fit,2022,51457,Electrical,Alternator Failure,ELE-439,Alternator Failure Issue,Medium,In Stock,Local,Senior,Weekend,Morning,4.9,27700,"Battery, Alternator"
214,Toyota Prius,2015,132862,Brake,Brake Fluid Leak,BRA-253,Brake Fluid Leak Issue,Low,Order Required,Authorized,Senior,Weekend,Morning,2.01,10300,"Brake Caliper, Brake Pad"
215,Nissan Sunny,2009,89881,Engine,Overheating,ENG-450,Overheating Issue,Low,In Stock,Local,Expert,Weekend,Afternoon,2.74,9800,"Piston Ring, Timing Belt"
216,Honda Civic,2017,137036,Electrical,Sensor Failure,ELE-256,Sensor Failure Issue,High,In Stock,Local,Expert,Weekend,Afternoon,7.13,33400,"Wiring Harness, Alternator"
217,Suzuki Alto,2018,73249,Transmission,Clutch Wear,TRA-196,Clutch Wear Issue,High,Order Required,Authorized,Junior,Weekend,Morning,7.18,36400,"Transmission Fluid Filter, Gearbox Mount"
218,Suzuki Alto,2009,66805,Brake,ABS Fault,BRA-102,ABS Fault Issue,Medium,Order Required,Local,Senior,Weekend,Morning,4.83,18800,"Brake Caliper, Brake Fluid Hose"
219,Toyota Corolla,2012,60043,Transmission,Clutch Wear,TRA-196,Clutch Wear Issue,Medium,In Stock,Local,Expert,Weekday,Afternoon,4.11,19700,"Transmission Fluid Filter, Clutch Plate"
220,Suzuki Alto,2021,92588,Engine,Timing Issue,ENG-522,Timing Issue Issue,Low,In Stock,Authorized,Senior,Weekend,Morning,1.57,7100,"Timing Belt, Piston Ring"
221,Toyota Corolla,2016,115384,Engine,Oil Leak,ENG-170,Oil Leak Issue,High,In Stock,Local,Expert,Weekend,Evening,7.16,34700,"Engine Oil Filter, Timing Belt"
222,Honda Civic,2022,34795,Engine,Oil Leak,ENG-170,Oil Leak Issue,Low,Order Required,Authorized,Senior,Weekend,Afternoon,2.91,11200,"Engine Oil Filter, Spark Plug"
223,Honda Civic,2014,113704,Brake,Brake Fluid Leak,BRA-253,Brake Fluid Leak Issue,Medium,Order Required,Local,Junior,Weekend,Evening,4.29,15900,"Brake Disc, Brake Caliper"
224,Suzuki Alto,2012,84079,Engine,Oil Leak,ENG-170,Oil Leak Issue,High,In Stock,Local,Senior,Weekend,Afternoon,7.43,38000,"Fuel Injector, Piston Ring"
225,Toyota Corolla,2011,61593,Transmission,Gear Slip,TRA-571,Gear Slip Issue,High,In Stock,Authorized,Expert,Weekday,Evening,5.97,27100,"Gearbox Mount, Clutch Plate"
226,Honda Fit,2013,148382,Suspension,Wheel Alignment,SUS-239,Wheel Alignment Issue,High,In Stock,Local,Senior,Weekday,Afternoon,6.88,24100,"Shock Absorber, Ball Joint"
227,Nissan Sunny,2013,163696,Electrical,Alternator Failure,ELE-439,Alternator Failure Issue,High,Order Required,Local,Junior,Weekday,Evening,6.52,37700,"Starter Motor, Alternator"
228,Suzuki WagonR,2020,53554,Brake,Brake Fluid Leak,BRA-253,Brake Fluid Leak Issue,Low,Order Required,Authorized,Expert,Weekend,Afternoon,2.53,10700,"Brake Caliper, Brake Pad"
229,Suzuki Alto,2022,133720,Electrical,Battery Drain,ELE-926,Battery Drain Issue,Medium,In Stock,Local,Senior,Weekday,Morning,4.32,15800,"Battery, Alternator"
230,Suzuki WagonR,2018,27629,Electrical,Battery Drain,ELE-926,Battery Drain Issue,High,Order Required,Local,Expert,Weekend,Evening,7.17,27800,"Wiring Harness, Battery"
231,Suzuki Alto,2014,146837,Brake,Brake Pad Wear,BRA-207,Brake Pad Wear Issue,Low,In Stock,Authorized,Junior,Weekend,Morning,2.41,8700,"Brake Pad, Brake Caliper"
232,Honda Civic,2018,88239,Engine,Timing Issue,ENG-522,Timing Issue Issue,High,Order Required,Authorized,Junior,Weekend,Afternoon,5.62,29600,"Fuel Injector, Timing Belt"
233,Honda Civic,2009,31839,Suspension,Wheel Alignment,SUS-239,Wheel Alignment Issue,Low,Order Required,Local,Junior,Weekend,Morning,2.28,11700,"Shock Absorber, Ball Joint"
234,Suzuki WagonR,2009,138421,Suspension,Shock Absorber Wear,SUS-606,Shock Absorber Wear Issue,Medium,In Stock,Local,Senior,Weekend,Evening,4.63,21200,"Ball Joint, Strut Mount"
235,Suzuki WagonR,2010,128151,Electrical,Battery Drain,ELE-926,Battery Drain Issue,Low,In Stock,Local,Senior,Weekend,Morning,2.93,12600,"Battery, Alternator"
236,Honda Fit,2021,120087,Brake,Brake Pad Wear,BRA-207,Brake Pad Wear Issue,Medium,In Stock,Local,Expert,Weekday,Evening,4.69,20900,"Brake Disc, Brake Caliper"
237,Suzuki WagonR,2021,22948,Electrical,Battery Drain,ELE-926,Battery Drain Issue,Low,Order Required,Local,Senior,Weekday,Evening,2.18,10300,"Fuse, Alternator"
238,Toyota Corolla,2012,88165,Brake,Brake Pad Wear,BRA-207,Brake Pad Wear Issue,Medium,In Stock,Authorized,Senior,Weekday,Evening,3.4,14600,"Brake Caliper, Brake Pad"
239,Toyota Corolla,2022,160001,Electrical,Alternator Failure,ELE-439,Alternator Failure Issue,Low,Order Required,Local,Expert,Weekend,Evening,2.86,11900,"Starter Motor, Wiring Harness"
240,Honda Fit,2021,159917,Electrical,Wiring Fault,ELE-831,Wiring Fault Issue,Low,Order Required,Local,Junior,Weekday,Afternoon,2.5,11900,"Starter Motor, Battery"
241,Suzuki WagonR,2009,105498,Suspension,Shock Absorber Wear,SUS-606,Shock Absorber Wear Issue,High,Order Required,Local,Junior,Weekday,Morning,5.56,23200,"Ball Joint, Strut Mount"
242,Suzuki Alto,2016,89143,Transmission,Clutch Wear,TRA-196,Clutch Wear Issue,High,Order Required,Local,Expert,Weekday,Afternoon,6.36,23600,"Transmission Fluid Filter, Gearbox Mount"
243,Honda Fit,2008,168279,Transmission,Fluid Leak,TRA-857,Fluid Leak Issue,Low,Order Required,Authorized,Senior,Weekend,Afternoon,1.11,4400,"Gearbox Mount, Clutch Plate"
244,Suzuki Alto,2010,44665,Suspension,Shock Absorber Wear,SUS-606,Shock Absorber Wear Issue,Low,Order Required,Local,Senior,Weekday,Morning,1.42,8000,"Shock Absorber, Strut Mount"
245,Nissan Sunny,2015,22727,Brake,Brake Fluid Leak,BRA-253,Brake Fluid Leak Issue,Low,In Stock,Authorized,Senior,Weekend,Morning,2.26,12800,"Brake Caliper, Brake Disc"
246,Suzuki WagonR,2009,43941,Transmission,Gear Slip,TRA-571,Gear Slip Issue,High,Order Required,Local,Junior,Weekday,Morning,7.17,25200,"Clutch Plate, Gearbox Mount"
247,Toyota Corolla,2010,46432,Engine,Oil Leak,ENG-170,Oil Leak Issue,Medium,Order Required,Authorized,Junior,Weekend,Morning,4.83,24100,"Timing Belt, Spark Plug"
248,Toyota Prius,2008,94104,Transmission,Fluid Leak,TRA-857,Fluid Leak Issue,Low,Order Required,Local,Junior,Weekday,Evening,2.03,11100,"Clutch Plate, Gearbox Mount"
249,Honda Civic,2016,162606,Transmission,Clutch Wear,TRA-196,Clutch Wear Issue,Low,In Stock,Local,Junior,Weekday,Afternoon,2.59,12500,"Transmission Fluid Filter, Clutch Plate"
250,Toyota Corolla,2016,166189,Transmission,Clutch Wear,TRA-196,Clutch Wear Issue,High,In Stock,Authorized,Expert,Weekday,Evening,6.6,27200,"Gearbox Mount, Transmission Fluid Filter"
251,Honda Civic,2009,139506,Engine,Timing Issue,ENG-522,Timing Issue Issue,Low,In Stock,Authorized,Expert,Weekend,Afternoon,1.61,7700,"Engine Oil Filter, Spark Plug"
252,Toyota Corolla,2019,134927,Transmission,Clutch Wear,TRA-196,Clutch Wear Issue,Low,Order Required,Local,Expert,Weekday,Afternoon,1.57,7100,"Transmission Fluid Filter, Clutch Plate"
253,Toyota Corolla,2010,45267,Transmission,Gear Slip,TRA-571,Gear Slip Issue,Low,Order Required,Authorized,Junior,Weekend,Morning,1.8,9700,"Transmission Fluid Filter, Gearbox Mount"
254,Honda Fit,2016,46171,Transmission,Gear Slip,TRA-571,Gear Slip Issue,High,In Stock,Local,Junior,Weekend,Afternoon,6.48,30800,"Clutch Plate, Transmission Fluid Filter"
255,Suzuki WagonR,2014,99101,Transmission,Clutch Wear,TRA-196,Clutch Wear Issue,Low,Order Required,Local,Expert,Weekday,Evening,1.62,8400,"Transmission Fluid Filter, Clutch Plate"
256,Honda Fit,2016,28381,Brake,ABS Fault,BRA-102,ABS Fault Issue,High,In Stock,Local,Expert,Weekend,Evening,6.91,40900,"Brake Fluid Hose, Brake Pad"
257,Honda Fit,2009,175337,Brake,ABS Fault,BRA-102,ABS Fault Issue,Medium,Order Required,Local,Expert,Weekend,Morning,3.86,22100,"Brake Disc, Brake Pad"
258,Honda Fit,2013,99510,Brake,Brake Fluid Leak,BRA-253,Brake Fluid Leak Issue,Low,Order Required,Authorized,Junior,Weekend,Evening,1.42,6800,"Brake Disc, Brake Caliper"
259,Toyota Prius,2017,152850,Electrical,Wiring Fault,ELE-831,Wiring Fault Issue,High,Order Required,Authorized,Expert,Weekend,Morning,6.91,25600,"Fuse, Battery"
260,Toyota Corolla,2017,157283,Engine,Timing Issue,ENG-522,Timing Issue Issue,High,Order Required,Local,Expert,Weekday,Evening,6.89,36300,"Piston Ring, Timing Belt"
261,Toyota Corolla,2014,34196,Electrical,Alternator Failure,ELE-439,Alternator Failure Issue,Medium,In Stock,Local,Senior,Weekend,Morning,4.75,19700,"Fuse, Starter Motor"
262,Nissan Sunny,2022,64557,Brake,ABS Fault,BRA-102,ABS Fault Issue,Medium,In Stock,Local,Junior,Weekend,Morning,3.92,22200,"Brake Fluid Hose, Brake Pad"
263,Toyota Prius,2015,107034,Engine,Oil Leak,ENG-170,Oil Leak Issue,Medium,In Stock,Authorized,Junior,Weekend,Evening,4.53,26500,"Fuel Injector, Timing Belt"
264,Honda Civic,2013,102344,Suspension,Shock Absorber Wear,SUS-606,Shock Absorber Wear Issue,Low,In Stock,Authorized,Senior,Weekday,Morning,2.23,13200,"Control Arm, Strut Mount"
265,Suzuki WagonR,2013,122517,Transmission,Gear Slip,TRA-571,Gear Slip Issue,High,In Stock,Local,Senior,Weekend,Morning,7.43,42600,"Transmission Fluid Filter, Clutch Plate"
266,Toyota Corolla,2012,44511,Suspension,Shock Absorber Wear,SUS-606,Shock Absorber Wear Issue,Medium,In Stock,Local,Junior,Weekday,Morning,3.32,15200,"Control Arm, Ball Joint"
267,Toyota Corolla,2019,68355,Transmission,Gear Slip,TRA-571,Gear Slip Issue,Low,Order Required,Authorized,Senior,Weekday,Evening,2.59,13400,"Clutch Plate, Gearbox Mount"
268,Toyota Corolla,2020,139728,Brake,Brake Pad Wear,BRA-207,Brake Pad Wear Issue,High,Order Required,Local,Senior,Weekend,Afternoon,6.84,30200,"Brake Fluid Hose, Brake Pad"
269,Nissan Sunny,2013,110955,Electrical,Battery Drain,ELE-926,Battery Drain Issue,High,Order Required,Local,Expert,Weekday,Afternoon,6.62,30500,"Starter Motor, Alternator"
270,Suzuki Alto,2022,82546,Transmission,Clutch Wear,TRA-196,Clutch Wear Issue,High,In Stock,Local,Expert,Weekday,Morning,7.12,26000,"Gearbox Mount, Clutch Plate"
271,Toyota Prius,2021,81982,Electrical,Wiring Fault,ELE-831,Wiring Fault Issue,High,Order Required,Authorized,Junior,Weekday,Afternoon,5.57,28200,"Fuse, Alternator"
272,Nissan Sunny,2014,62984,Engine,Timing Issue,ENG-522,Timing Issue Issue,High,In Stock,Local,Senior,Weekend,Evening,7.47,44400,"Engine Oil Filter, Timing Belt"
273,Honda Fit,2022,30753,Electrical,Battery Drain,ELE-926,Battery Drain Issue,High,Order Required,Authorized,Expert,Weekday,Evening,5.67,27700,"Battery, Alternator"
274,Nissan Sunny,2020,32887,Electrical,Sensor Failure,ELE-256,Sensor Failure Issue,Low,In Stock,Local,Junior,Weekend,Morning,2.58,15200,"Battery, Wiring Harness"
275,Suzuki Alto,2010,155293,Engine,Misfire,ENG-847,Misfire Issue,High,In Stock,Local,Expert,Weekend,Afternoon,6.07,28600,"Fuel Injector, Timing Belt"
276,Toyota Corolla,2011,68106,Engine,Overheating,ENG-450,Overheating Issue,Low,In Stock,Local,Senior,Weekend,Evening,2.99,14100,"Spark Plug, Engine Oil Filter"
277,Nissan Sunny,2020,117808,Brake,ABS Fault,BRA-102,ABS Fault Issue,Medium,In Stock,Local,Expert,Weekend,Morning,3.06,12100,"Brake Caliper, Brake Pad"
278,Toyota Corolla,2012,168814,Suspension,Wheel Alignment,SUS-239,Wheel Alignment Issue,High,Order Required,Authorized,Expert,Weekend,Morning,7.31,37800,"Shock Absorber, Strut Mount"
279,Honda Fit,2012,93399,Engine,Timing Issue,ENG-522,Timing Issue Issue,Low,In Stock,Authorized,Senior,Weekday,Afternoon,2.51,12000,"Engine Oil Filter, Piston Ring"
280,Toyota Prius,2020,50309,Transmission,Gear Slip,TRA-571,Gear Slip Issue,Low,Order Required,Local,Junior,Weekend,Afternoon,1.9,7700,"Gearbox Mount, Clutch Plate"
281,Honda Civic,2016,140605,Engine,Timing Issue,ENG-522,Timing Issue Issue,High,Order Required,Authorized,Senior,Weekday,Afternoon,7.47,26600,"Timing Belt, Fuel Injector"
282,Toyota Corolla,2010,75892,Brake,Brake Pad Wear,BRA-207,Brake Pad Wear Issue,Medium,In Stock,Authorized,Junior,Weekday,Evening,4.83,29000,"Brake Pad, Brake Fluid Hose"
283,Suzuki WagonR,2016,20983,Brake,Brake Fluid Leak,BRA-253,Brake Fluid Leak Issue,Low,In Stock,Authorized,Senior,Weekend,Evening,2.36,11200,"Brake Caliper, Brake Fluid Hose"
284,Toyota Corolla,2022,140337,Engine,Timing Issue,ENG-522,Timing Issue Issue,Medium,In Stock,Authorized,Junior,Weekend,Evening,3.32,12900,"Timing Belt, Engine Oil Filter"
285,Toyota Prius,2021,131660,Engine,Overheating,ENG-450,Overheating Issue,High,In Stock,Authorized,Senior,Weekend,Afternoon,6.28,31900,"Spark Plug, Fuel Injector"
286,Honda Fit,2021,27454,Brake,Brake Pad Wear,BRA-207,Brake Pad Wear Issue,Medium,In Stock,Authorized,Senior,Weekday,Morning,4.85,24900,"Brake Fluid Hose, Brake Disc"
287,Toyota Corolla,2021,83131,Brake,Brake Pad Wear,BRA-207,Brake Pad Wear Issue,Medium,Order Required,Local,Expert,Weekend,Evening,3.38,15300,"Brake Fluid Hose, Brake Disc"
288,Suzuki WagonR,2012,23709,Electrical,Sensor Failure,ELE-256,Sensor Failure Issue,High,In Stock,Authorized,Senior,Weekday,Evening,7.11,29300,"Wiring Harness, Alternator"
289,Suzuki Alto,2018,29315,Electrical,Sensor Failure,ELE-256,Sensor Failure Issue,Low,Order Required,Authorized,Senior,Weekend,Evening,2.32,10000,"Alternator, Starter Motor"
290,Suzuki WagonR,2020,170623,Suspension,Steering Issue,SUS-930,Steering Issue Issue,Low,In Stock,Authorized,Senior,Weekday,Afternoon,1.59,7800,"Control Arm, Shock Absorber"
291,Nissan Sunny,2008,105578,Transmission,Fluid Leak,TRA-857,Fluid Leak Issue,Low,Order Required,Local,Junior,Weekend,Evening,1.23,6200,"Gearbox Mount, Clutch Plate"
292,Honda Fit,2010,168109,Transmission,Clutch Wear,TRA-196,Clutch Wear Issue,Low,In Stock,Local,Junior,Weekend,Afternoon,1.89,6600,"Gearbox Mount, Clutch Plate"
293,Toyota Prius,2018,160835,Engine,Overheating,ENG-450,Overheating Issue,Low,In Stock,Local,Expert,Weekday,Morning,2.06,11000,"Engine Oil Filter, Piston Ring"
294,Suzuki WagonR,2022,129236,Transmission,Clutch Wear,TRA-196,Clutch Wear Issue,Medium,Order Required,Local,Junior,Weekday,Evening,4.15,17400,"Clutch Plate, Gearbox Mount"
295,Toyota Prius,2008,179350,Brake,Brake Pad Wear,BRA-207,Brake Pad Wear Issue,Low,Order Required,Local,Expert,Weekday,Afternoon,1.48,6400,"Brake Pad, Brake Disc"
296,Nissan Sunny,2012,111484,Engine,Overheating,ENG-450,Overheating Issue,High,Order Required,Local,Senior,Weekend,Afternoon,5.54,19600,"Fuel Injector, Spark Plug"
297,Toyota Prius,2010,77308,Suspension,Shock Absorber Wear,SUS-606,Shock Absorber Wear Issue,High,In Stock,Authorized,Senior,Weekend,Morning,7.14,27500,"Shock Absorber, Strut Mount"
298,Nissan Sunny,2021,75312,Suspension,Wheel Alignment,SUS-239,Wheel Alignment Issue,Medium,In Stock,Authorized,Expert,Weekend,Evening,4.2,16800,"Strut Mount, Control Arm"
299,Toyota Prius,2016,149999,Brake,Brake Fluid Leak,BRA-253,Brake Fluid Leak Issue,Low,In Stock,Local,Senior,Weekend,Morning,2.07,7700,"Brake Caliper, Brake Pad"
300,Honda Fit,2015,149361,Electrical,Sensor Failure,ELE-256,Sensor Failure Issue,High,Order Required,Local,Expert,Weekend,Evening,5.55,29200,"Starter Motor, Fuse"
301,Toyota Corolla,2018,163880,Suspension,Shock Absorber Wear,SUS-606,Shock Absorber Wear Issue,Medium,In Stock,Authorized,Senior,Weekend,Afternoon,4.34,18500,"Control Arm, Shock Absorber"
302,Nissan Sunny,2022,41996,Engine,Misfire,ENG-847,Misfire Issue,Medium,In Stock,Authorized,Expert,Weekday,Afternoon,4.93,28200,"Spark Plug, Timing Belt"
303,Suzuki Alto,2013,32059,Brake,ABS Fault,BRA-102,ABS Fault Issue,Low,Order Required,Authorized,Junior,Weekend,Afternoon,1.6,8200,"Brake Pad, Brake Caliper"
304,Toyota Corolla,2022,161030,Transmission,Gear Slip,TRA-571,Gear Slip Issue,High,Order Required,Authorized,Junior,Weekday,Afternoon,6.05,21500,"Gearbox Mount, Transmission Fluid Filter"
305,Nissan Sunny,2013,37063,Suspension,Steering Issue,SUS-930,Steering Issue Issue,Low,Order Required,Local,Junior,Weekday,Afternoon,2.42,14000,"Strut Mount, Ball Joint"
306,Honda Civic,2021,168490,Engine,Timing Issue,ENG-522,Timing Issue Issue,Low,Order Required,Local,Senior,Weekend,Morning,2.27,8300,"Spark Plug, Engine Oil Filter"
307,Honda Fit,2018,89362,Brake,Brake Fluid Leak,BRA-253,Brake Fluid Leak Issue,Low,In Stock,Local,Junior,Weekend,Afternoon,2.2,9700,"Brake Pad, Brake Fluid Hose"
308,Suzuki WagonR,2016,161356,Electrical,Battery Drain,ELE-926,Battery Drain Issue,Medium,Order Required,Local,Expert,Weekend,Afternoon,3.56,14900,"Wiring Harness, Alternator"
309,Suzuki Alto,2016,32242,Suspension,Steering Issue,SUS-930,Steering Issue Issue,High,In Stock,Local,Expert,Weekday,Afternoon,5.64,33700,"Shock Absorber, Ball Joint"
310,Suzuki WagonR,2014,21196,Suspension,Wheel Alignment,SUS-239,Wheel Alignment Issue,Medium,In Stock,Authorized,Senior,Weekday,Afternoon,3.2,14100,"Shock Absorber, Strut Mount"
311,Suzuki Alto,2012,47890,Electrical,Alternator Failure,ELE-439,Alternator Failure Issue,High,Order Required,Local,Senior,Weekday,Evening,7.38,35500,"Starter Motor, Battery"
312,Suzuki Alto,2014,82437,Electrical,Wiring Fault,ELE-831,Wiring Fault Issue,High,In Stock,Local,Senior,Weekday,Morning,7.48,38600,"Battery, Alternator"
313,Toyota Prius,2011,127737,Brake,Brake Pad Wear,BRA-207,Brake Pad Wear Issue,Medium,Order Required,Authorized,Junior,Weekday,Evening,4.19,24300,"Brake Fluid Hose, Brake Disc"
314,Toyota Prius,2010,94204,Electrical,Alternator Failure,ELE-439,Alternator Failure Issue,High,Order Required,Local,Junior,Weekend,Evening,5.88,28400,"Wiring Harness, Fuse"
315,Suzuki Alto,2012,43308,Engine,Timing Issue,ENG-522,Timing Issue Issue,Low,In Stock,Local,Junior,Weekend,Morning,1.01,4800,"Fuel Injector, Spark Plug"
316,Honda Civic,2018,172575,Engine,Misfire,ENG-847,Misfire Issue,Medium,Order Required,Authorized,Expert,Weekday,Morning,3.22,17700,"Fuel Injector, Piston Ring"
317,Toyota Corolla,2017,159735,Suspension,Shock Absorber Wear,SUS-606,Shock Absorber Wear Issue,High,Order Required,Local,Expert,Weekday,Morning,6.84,40600,"Shock Absorber, Control Arm"
318,Toyota Prius,2021,42735,Suspension,Steering Issue,SUS-930,Steering Issue Issue,Low,In Stock,Authorized,Junior,Weekend,Afternoon,2.02,8000,"Shock Absorber, Ball Joint"
319,Toyota Prius,2022,23550,Suspension,Shock Absorber Wear,SUS-606,Shock Absorber Wear Issue,Low,Order Required,Local,Senior,Weekday,Evening,1.05,4000,"Strut Mount, Ball Joint"
320,Suzuki Alto,2014,43312,Transmission,Gear Slip,TRA-571,Gear Slip Issue,High,Order Required,Authorized,Expert,Weekend,Evening,6.93,33900,"Clutch Plate, Transmission Fluid Filter"
321,Toyota Corolla,2019,108576,Suspension,Shock Absorber Wear,SUS-606,Shock Absorber Wear Issue,Low,Order Required,Authorized,Expert,Weekend,Afternoon,1.88,8500,"Control Arm, Shock Absorber"
322,Honda Fit,2014,36054,Electrical,Wiring Fault,ELE-831,Wiring Fault Issue,Medium,Order Required,Local,Expert,Weekday,Evening,3.64,18400,"Fuse, Starter Motor"
323,Suzuki WagonR,2011,28571,Brake,Brake Fluid Leak,BRA-253,Brake Fluid Leak Issue,Low,Order Required,Authorized,Senior,Weekday,Evening,2.78,16300,"Brake Fluid Hose, Brake Disc"
324,Honda Fit,2021,43003,Electrical,Sensor Failure,ELE-256,Sensor Failure Issue,Medium,In Stock,Authorized,Junior,Weekend,Afternoon,4.16,15000,"Wiring Harness, Starter Motor"
325,Toyota Corolla,2012,82062,Engine,Timing Issue,ENG-522,Timing Issue Issue,High,Order Required,Authorized,Junior,Weekday,Morning,6.6,31600,"Engine Oil Filter, Fuel Injector"
326,Toyota Prius,2012,36312,Transmission,Clutch Wear,TRA-196,Clutch Wear Issue,Low,Order Required,Local,Expert,Weekend,Afternoon,1.0,5800,"Clutch Plate, Gearbox Mount"
327,Toyota Prius,2009,86479,Suspension,Wheel Alignment,SUS-239,Wheel Alignment Issue,Low,In Stock,Authorized,Expert,Weekend,Afternoon,2.42,12100,"Strut Mount, Control Arm"
328,Suzuki Alto,2018,114169,Suspension,Steering Issue,SUS-930,Steering Issue Issue,Medium,In Stock,Local,Junior,Weekend,Morning,4.76,26300,"Strut Mount, Shock Absorber"
329,Toyota Prius,2022,95936,Suspension,Shock Absorber Wear,SUS-606,Shock Absorber Wear Issue,High,In Stock,Local,Junior,Weekday,Afternoon,5.79,22100,"Control Arm, Ball Joint"
330,Honda Fit,2020,166837,Engine,Timing Issue,ENG-522,Timing Issue Issue,High,In Stock,Local,Senior,Weekday,Afternoon,5.75,27900,"Spark Plug, Engine Oil Filter"
331,Honda Civic,2019,56566,Brake,Brake Pad Wear,BRA-207,Brake Pad Wear Issue,Medium,Order Required,Authorized,Expert,Weekend,Morning,3.78,19400,"Brake Fluid Hose, Brake Caliper"
332,Honda Fit,2008,134090,Transmission,Fluid Leak,TRA-857,Fluid Leak Issue,Medium,In Stock,Local,Expert,Weekday,Evening,3.54,12600,"Transmission Fluid Filter, Clutch Plate"
333,Toyota Prius,2019,101426,Engine,Timing Issue,ENG-522,Timing Issue Issue,High,Order Required,Authorized,Junior,Weekend,Morning,7.21,37600,"Fuel Injector, Piston Ring"
334,Toyota Prius,2013,146936,Suspension,Steering Issue,SUS-930,Steering Issue Issue,Medium,In Stock,Authorized,Expert,Weekday,Evening,4.5,16900,"Shock Absorber, Ball Joint"
335,Toyota Corolla,2012,113231,Transmission,Gear Slip,TRA-571,Gear Slip Issue,High,In Stock,Authorized,Senior,Weekday,Afternoon,5.63,20800,"Gearbox Mount, Transmission Fluid Filter"
336,Suzuki WagonR,2012,157316,Brake,Brake Fluid Leak,BRA-253,Brake Fluid Leak Issue,Low,Order Required,Local,Expert,Weekday,Afternoon,1.44,6200,"Brake Pad, Brake Fluid Hose"
337,Nissan Sunny,2019,29659,Suspension,Wheel Alignment,SUS-239,Wheel Alignment Issue,Low,In Stock,Authorized,Expert,Weekday,Morning,1.72,8900,"Strut Mount, Control Arm"
338,Toyota Prius,2016,140804,Brake,Brake Fluid Leak,BRA-253,Brake Fluid Leak Issue,Low,In Stock,Local,Senior,Weekend,Morning,1.04,4100,"Brake Pad, Brake Caliper"
339,Toyota Prius,2015,43410,Brake,ABS Fault,BRA-102,ABS Fault Issue,High,Order Required,Authorized,Senior,Weekend,Evening,5.78,26500,"Brake Disc, Brake Caliper"
340,Suzuki WagonR,2014,147667,Transmission,Clutch Wear,TRA-196,Clutch Wear Issue,Low,In Stock,Local,Senior,Weekday,Morning,1.28,7600,"Gearbox Mount, Clutch Plate"
341,Nissan Sunny,2021,58179,Brake,Brake Pad Wear,BRA-207,Brake Pad Wear Issue,High,Order Required,Authorized,Expert,Weekend,Afternoon,6.49,33300,"Brake Fluid Hose, Brake Pad"
342,Honda Civic,2012,154802,Engine,Overheating,ENG-450,Overheating Issue,High,Order Required,Local,Junior,Weekday,Morning,7.1,39100,"Piston Ring, Spark Plug"
343,Toyota Corolla,2012,130656,Suspension,Wheel Alignment,SUS-239,Wheel Alignment Issue,Low,In Stock,Authorized,Junior,Weekday,Morning,2.12,11400,"Strut Mount, Control Arm"
344,Toyota Corolla,2010,156750,Suspension,Shock Absorber Wear,SUS-606,Shock Absorber Wear Issue,Medium,Order Required,Authorized,Expert,Weekend,Afternoon,4.46,19800,"Strut Mount, Shock Absorber"
345,Toyota Prius,2012,25969,Brake,ABS Fault,BRA-102,ABS Fault Issue,High,Order Required,Local,Senior,Weekend,Morning,6.76,30300,"Brake Pad, Brake Disc"
346,Toyota Corolla,2019,20235,Electrical,Wiring Fault,ELE-831,Wiring Fault Issue,Low,Order Required,Local,Expert,Weekday,Afternoon,1.9,8000,"Battery, Fuse"
347,Honda Fit,2012,36176,Brake,Brake Pad Wear,BRA-207,Brake Pad Wear Issue,Medium,Order Required,Local,Expert,Weekend,Evening,4.46,17300,"Brake Pad, Brake Disc"
348,Suzuki Alto,2017,70689,Brake,Brake Fluid Leak,BRA-253,Brake Fluid Leak Issue,High,In Stock,Local,Senior,Weekday,Morning,6.79,26900,"Brake Pad, Brake Caliper"
349,Suzuki WagonR,2008,122522,Engine,Misfire,ENG-847,Misfire Issue,Low,In Stock,Local,Junior,Weekday,Evening,1.96,7600,"Fuel Injector, Spark Plug"
350,Toyota Corolla,2017,50173,Brake,ABS Fault,BRA-102,ABS Fault Issue,Medium,In Stock,Local,Junior,Weekend,Afternoon,4.97,24200,"Brake Pad, Brake Caliper"
351,Suzuki WagonR,2008,158081,Transmission,Gear Slip,TRA-571,Gear Slip Issue,High,Order Required,Authorized,Senior,Weekend,Afternoon,7.04,29400,"Gearbox Mount, Transmission Fluid Filter"
352,Suzuki WagonR,2009,32118,Electrical,Alternator Failure,ELE-439,Alternator Failure Issue,Low,In Stock,Authorized,Senior,Weekday,Afternoon,1.93,9900,"Starter Motor, Fuse"
353,Toyota Prius,2015,25376,Engine,Timing Issue,ENG-522,Timing Issue Issue,Low,Order Required,Authorized,Senior,Weekday,Afternoon,1.31,5200,"Engine Oil Filter, Timing Belt"
354,Nissan Sunny,2020,101234,Transmission,Clutch Wear,TRA-196,Clutch Wear Issue,Medium,In Stock,Local,Junior,Weekend,Afternoon,3.98,23500,"Gearbox Mount, Clutch Plate"
355,Honda Civic,2011,112800,Suspension,Shock Absorber Wear,SUS-606,Shock Absorber Wear Issue,High,In Stock,Local,Junior,Weekend,Evening,6.05,25200,"Control Arm, Ball Joint"
356,Toyota Prius,2018,177665,Suspension,Wheel Alignment,SUS-239,Wheel Alignment Issue,Medium,In Stock,Authorized,Junior,Weekday,Evening,3.31,19300,"Control Arm, Strut Mount"
357,Toyota Corolla,2015,137570,Transmission,Clutch Wear,TRA-196,Clutch Wear Issue,Low,In Stock,Authorized,Senior,Weekend,Evening,1.1,4300,"Gearbox Mount, Transmission Fluid Filter"
358,Nissan Sunny,2019,24030,Engine,Misfire,ENG-847,Misfire Issue,Medium,Order Required,Authorized,Senior,Weekend,Afternoon,3.94,18200,"Fuel Injector, Timing Belt"
359,Honda Fit,2015,176731,Transmission,Clutch Wear,TRA-196,Clutch Wear Issue,High,In Stock,Authorized,Senior,Weekend,Morning,6.03,26600,"Clutch Plate, Gearbox Mount"
360,Suzuki Alto,2010,22394,Engine,Oil Leak,ENG-170,Oil Leak Issue,Medium,Order Required,Local,Senior,Weekend,Evening,4.63,19100,"Engine Oil Filter, Timing Belt"
361,Toyota Corolla,2018,118658,Brake,ABS Fault,BRA-102,ABS Fault Issue,Medium,Order Required,Local,Junior,Weekend,Morning,4.35,23000,"Brake Disc, Brake Caliper"
362,Toyota Prius,2012,160003,Brake,Brake Pad Wear,BRA-207,Brake Pad Wear Issue,High,Order Required,Authorized,Junior,Weekend,Morning,6.22,25800,"Brake Disc, Brake Pad"
363,Nissan Sunny,2017,168849,Engine,Timing Issue,ENG-522,Timing Issue Issue,Medium,Order Required,Authorized,Senior,Weekday,Afternoon,3.28,19500,"Timing Belt, Engine Oil Filter"
364,Honda Fit,2010,66413,Transmission,Fluid Leak,TRA-857,Fluid Leak Issue,High,In Stock,Local,Expert,Weekday,Afternoon,6.07,35600,"Transmission Fluid Filter, Gearbox Mount"
365,Toyota Prius,2020,86257,Suspension,Steering Issue,SUS-930,Steering Issue Issue,High,In Stock,Authorized,Junior,Weekday,Morning,5.59,27400,"Ball Joint, Control Arm"
366,Honda Fit,2019,116918,Brake,Brake Fluid Leak,BRA-253,Brake Fluid Leak Issue,High,Order Required,Authorized,Junior,Weekday,Evening,6.07,26400,"Brake Caliper, Brake Pad"
367,Honda Fit,2012,88726,Suspension,Wheel Alignment,SUS-239,Wheel Alignment Issue,Low,Order Required,Local,Junior,Weekend,Afternoon,2.26,11400,"Strut Mount, Control Arm"
368,Honda Civic,2021,94432,Brake,ABS Fault,BRA-102,ABS Fault Issue,Medium,In Stock,Authorized,Junior,Weekday,Afternoon,4.76,21900,"Brake Disc, Brake Fluid Hose"
369,Toyota Prius,2009,78861,Transmission,Fluid Leak,TRA-857,Fluid Leak Issue,Medium,Order Required,Authorized,Junior,Weekend,Afternoon,4.31,24200,"Clutch Plate, Gearbox Mount"
370,Honda Fit,2022,100099,Transmission,Fluid Leak,TRA-857,Fluid Leak Issue,Low,In Stock,Authorized,Senior,Weekday,Morning,1.13,4500,"Transmission Fluid Filter, Clutch Plate"
371,Suzuki WagonR,2022,155402,Transmission,Gear Slip,TRA-571,Gear Slip Issue,High,Order Required,Authorized,Expert,Weekday,Morning,6.94,40200,"Transmission Fluid Filter, Clutch Plate"
372,Toyota Prius,2018,28723,Brake,Brake Fluid Leak,BRA-253,Brake Fluid Leak Issue,Low,Order Required,Local,Expert,Weekend,Afternoon,2.06,8300,"Brake Caliper, Brake Fluid Hose"
373,Toyota Corolla,2022,116555,Suspension,Steering Issue,SUS-930,Steering Issue Issue,Low,In Stock,Local,Senior,Weekend,Afternoon,1.17,4400,"Strut Mount, Ball Joint"
374,Suzuki Alto,2017,172001,Electrical,Wiring Fault,ELE-831,Wiring Fault Issue,Low,In Stock,Authorized,Expert,Weekday,Evening,2.38,12800,"Wiring Harness, Fuse"
375,Toyota Prius,2016,149248,Transmission,Gear Slip,TRA-571,Gear Slip Issue,Low,In Stock,Local,Junior,Weekday,Afternoon,2.47,8700,"Clutch Plate, Transmission Fluid Filter"
376,Toyota Corolla,2018,54003,Engine,Misfire,ENG-847,Misfire Issue,Low,In Stock,Local,Senior,Weekend,Morning,1.68,8400,"Engine Oil Filter, Timing Belt"
377,Suzuki WagonR,2017,95656,Electrical,Alternator Failure,ELE-439,Alternator Failure Issue,Medium,In Stock,Local,Senior,Weekday,Morning,4.29,25700,"Battery, Starter Motor"
378,Nissan Sunny,2022,90093,Electrical,Battery Drain,ELE-926,Battery Drain Issue,High,Order Required,Authorized,Senior,Weekday,Evening,6.59,34600,"Starter Motor, Wiring Harness"
379,Toyota Corolla,2011,155728,Engine,Timing Issue,ENG-522,Timing Issue Issue,High,In Stock,Local,Junior,Weekend,Morning,7.13,39200,"Piston Ring, Engine Oil Filter"
380,Toyota Prius,2009,73343,Suspension,Wheel Alignment,SUS-239,Wheel Alignment Issue,Medium,Order Required,Local,Expert,Weekend,Evening,4.73,20200,"Shock Absorber, Strut Mount"
381,Honda Fit,2017,64938,Electrical,Battery Drain,ELE-926,Battery Drain Issue,High,In Stock,Local,Expert,Weekend,Afternoon,7.15,32600,"Starter Motor, Fuse"
382,Honda Fit,2022,72675,Suspension,Steering Issue,SUS-930,Steering Issue Issue,Medium,Order Required,Local,Expert,Weekday,Morning,4.01,17700,"Shock Absorber, Strut Mount"
383,Honda Fit,2022,121963,Engine,Oil Leak,ENG-170,Oil Leak Issue,Medium,In Stock,Authorized,Junior,Weekday,Evening,4.82,23500,"Engine Oil Filter, Spark Plug"
384,Suzuki WagonR,2011,110549,Brake,ABS Fault,BRA-102,ABS Fault Issue,High,Order Required,Local,Expert,Weekday,Morning,6.94,36100,"Brake Pad, Brake Caliper"
385,Suzuki WagonR,2014,169702,Electrical,Wiring Fault,ELE-831,Wiring Fault Issue,Low,Order Required,Local,Junior,Weekend,Morning,2.47,11200,"Starter Motor, Fuse"
386,Toyota Prius,2017,65596,Suspension,Steering Issue,SUS-930,Steering Issue Issue,High,In Stock,Local,Expert,Weekend,Evening,5.71,29000,"Control Arm, Strut Mount"
387,Honda Fit,2010,146511,Engine,Timing Issue,ENG-522,Timing Issue Issue,High,Order Required,Local,Expert,Weekend,Morning,5.81,25300,"Timing Belt, Spark Plug"
388,Toyota Corolla,2013,52776,Electrical,Sensor Failure,ELE-256,Sensor Failure Issue,Medium,Order Required,Local,Expert,Weekend,Afternoon,3.5,16900,"Wiring Harness, Fuse"
389,Suzuki WagonR,2017,125352,Engine,Oil Leak,ENG-170,Oil Leak Issue,Medium,Order Required,Local,Expert,Weekday,Evening,4.67,18100,"Spark Plug, Fuel Injector"
390,Suzuki WagonR,2010,54823,Transmission,Fluid Leak,TRA-857,Fluid Leak Issue,High,In Stock,Authorized,Senior,Weekday,Morning,5.89,21000,"Transmission Fluid Filter, Gearbox Mount"
391,Toyota Corolla,2009,150675,Engine,Misfire,ENG-847,Misfire Issue,Medium,Order Required,Local,Junior,Weekend,Afternoon,4.19,15300,"Engine Oil Filter, Fuel Injector"
392,Toyota Corolla,2012,174970,Brake,Brake Fluid Leak,BRA-253,Brake Fluid Leak Issue,Low,In Stock,Authorized,Senior,Weekday,Afternoon,1.91,7700,"Brake Caliper, Brake Pad"
393,Nissan Sunny,2016,168716,Brake,ABS Fault,BRA-102,ABS Fault Issue,Medium,Order Required,Authorized,Junior,Weekend,Evening,4.32,22600,"Brake Disc, Brake Pad"
394,Suzuki Alto,2009,82943,Suspension,Wheel Alignment,SUS-239,Wheel Alignment Issue,Medium,Order Required,Authorized,Expert,Weekday,Afternoon,4.87,20400,"Strut Mount, Shock Absorber"
395,Toyota Prius,2011,58295,Brake,Brake Pad Wear,BRA-207,Brake Pad Wear Issue,High,In Stock,Local,Junior,Weekday,Evening,5.93,23700,"Brake Caliper, Brake Disc"
396,Nissan Sunny,2013,22342,Electrical,Alternator Failure,ELE-439,Alternator Failure Issue,Medium,Order Required,Local,Junior,Weekday,Morning,4.85,24200,"Wiring Harness, Battery"
397,Toyota Corolla,2016,160751,Transmission,Gear Slip,TRA-571,Gear Slip Issue,High,In Stock,Authorized,Expert,Weekday,Evening,5.84,22600,"Transmission Fluid Filter, Clutch Plate"
398,Honda Civic,2014,153527,Engine,Misfire,ENG-847,Misfire Issue,High,In Stock,Local,Senior,Weekday,Afternoon,6.21,28800,"Piston Ring, Spark Plug"
399,Honda Fit,2019,39771,Transmission,Clutch Wear,TRA-196,Clutch Wear Issue,Low,In Stock,Authorized,Expert,Weekend,Afternoon,2.1,8500,"Gearbox Mount, Transmission Fluid Filter"
400,Toyota Corolla,2012,65356,Engine,Misfire,ENG-847,Misfire Issue,Medium,In Stock,Local,Senior,Weekend,Morning,3.02,13100,"Piston Ring, Fuel Injector"
401,Suzuki Alto,2016,28831,Electrical,Sensor Failure,ELE-256,Sensor Failure Issue,Medium,In Stock,Authorized,Junior,Weekday,Afternoon,4.78,19600,"Wiring Harness, Starter Motor"
402,Honda Fit,2012,97244,Electrical,Battery Drain,ELE-926,Battery Drain Issue,Medium,In Stock,Authorized,Expert,Weekday,Evening,4.76,22300,"Alternator, Starter Motor"
403,Toyota Corolla,2018,124160,Transmission,Gear Slip,TRA-571,Gear Slip Issue,Medium,Order Required,Local,Junior,Weekday,Afternoon,4.53,16500,"Gearbox Mount, Clutch Plate"
404,Honda Civic,2021,97254,Electrical,Wiring Fault,ELE-831,Wiring Fault Issue,Low,In Stock,Local,Senior,Weekend,Afternoon,2.17,8500,"Fuse, Wiring Harness"
405,Nissan Sunny,2011,76728,Brake,Brake Fluid Leak,BRA-253,Brake Fluid Leak Issue,Low,Order Required,Local,Junior,Weekday,Afternoon,1.83,8700,"Brake Pad, Brake Caliper"
406,Suzuki Alto,2018,30993,Transmission,Clutch Wear,TRA-196,Clutch Wear Issue,Medium,In Stock,Authorized,Expert,Weekday,Evening,4.47,22900,"Clutch Plate, Gearbox Mount"
407,Honda Fit,2018,170539,Electrical,Battery Drain,ELE-926,Battery Drain Issue,Low,In Stock,Authorized,Senior,Weekday,Afternoon,1.38,5900,"Wiring Harness, Fuse"
408,Honda Fit,2013,113480,Suspension,Steering Issue,SUS-930,Steering Issue Issue,Medium,In Stock,Authorized,Senior,Weekend,Afternoon,3.15,14800,"Control Arm, Shock Absorber"
409,Honda Civic,2016,92379,Suspension,Wheel Alignment,SUS-239,Wheel Alignment Issue,High,In Stock,Authorized,Expert,Weekday,Evening,7.11,39900,"Shock Absorber, Control Arm"
410,Nissan Sunny,2021,147365,Transmission,Clutch Wear,TRA-196,Clutch Wear Issue,High,In Stock,Authorized,Expert,Weekend,Evening,5.91,33700,"Gearbox Mount, Clutch Plate"
411,Honda Fit,2022,29978,Transmission,Fluid Leak,TRA-857,Fluid Leak Issue,High,Order Required,Authorized,Expert,Weekday,Morning,6.1,31000,"Gearbox Mount, Clutch Plate"
412,Suzuki Alto,2011,72217,Transmission,Gear Slip,TRA-571,Gear Slip Issue,Medium,Order Required,Authorized,Senior,Weekday,Morning,3.06,13000,"Transmission Fluid Filter, Gearbox Mount"
413,Toyota Prius,2017,30102,Suspension,Shock Absorber Wear,SUS-606,Shock Absorber Wear Issue,Medium,Order Required,Local,Expert,Weekend,Morning,4.74,26900,"Ball Joint, Strut Mount"
414,Honda Fit,2018,118082,Engine,Oil Leak,ENG-170,Oil Leak Issue,Medium,Order Required,Authorized,Senior,Weekday,Afternoon,3.09,10900,"Fuel Injector, Piston Ring"
415,Suzuki WagonR,2008,65800,Brake,Brake Pad Wear,BRA-207,Brake Pad Wear Issue,Low,In Stock,Local,Senior,Weekend,Evening,1.23,6800,"Brake Pad, Brake Fluid Hose"
416,Nissan Sunny,2014,155707,Engine,Overheating,ENG-450,Overheating Issue,High,Order Required,Local,Expert,Weekend,Morning,6.49,36600,"Fuel Injector, Engine Oil Filter"
417,Honda Civic,2019,56497,Engine,Oil Leak,ENG-170,Oil Leak Issue,High,Order Required,Local,Senior,Weekday,Morning,7.37,41600,"Engine Oil Filter, Timing Belt"
418,Suzuki Alto,2017,119700,Electrical,Wiring Fault,ELE-831,Wiring Fault Issue,High,In Stock,Local,Junior,Weekend,Afternoon,6.63,36900,"Starter Motor, Alternator"
419,Suzuki Alto,2019,142504,Suspension,Shock Absorber Wear,SUS-606,Shock Absorber Wear Issue,Medium,In Stock,Authorized,Junior,Weekday,Evening,4.75,18600,"Control Arm, Shock Absorber"
420,Toyota Prius,2009,131181,Transmission,Gear Slip,TRA-571,Gear Slip Issue,Low,In Stock,Local,Expert,Weekend,Morning,1.66,9400,"Clutch Plate, Gearbox Mount"
421,Nissan Sunny,2015,113287,Brake,Brake Pad Wear,BRA-207,Brake Pad Wear Issue,High,In Stock,Authorized,Junior,Weekday,Evening,7.01,35100,"Brake Caliper, Brake Pad"
422,Suzuki WagonR,2022,145465,Electrical,Wiring Fault,ELE-831,Wiring Fault Issue,Low,Order Required,Authorized,Senior,Weekend,Afternoon,2.93,12800,"Starter Motor, Battery"
423,Suzuki Alto,2018,167817,Transmission,Clutch Wear,TRA-196,Clutch Wear Issue,Medium,Order Required,Authorized,Junior,Weekend,Afternoon,4.59,26900,"Clutch Plate, Gearbox Mount"
424,Toyota Prius,2012,55895,Suspension,Steering Issue,SUS-930,Steering Issue Issue,Medium,Order Required,Local,Junior,Weekend,Morning,4.56,22400,"Ball Joint, Strut Mount"
425,Suzuki WagonR,2022,110739,Suspension,Shock Absorber Wear,SUS-606,Shock Absorber Wear Issue,Medium,In Stock,Authorized,Junior,Weekday,Morning,4.58,24600,"Shock Absorber, Control Arm"
426,Honda Fit,2013,137936,Engine,Overheating,ENG-450,Overheating Issue,High,In Stock,Authorized,Expert,Weekend,Afternoon,5.98,23800,"Piston Ring, Engine Oil Filter"
427,Toyota Corolla,2009,164213,Suspension,Steering Issue,SUS-930,Steering Issue Issue,High,Order Required,Authorized,Junior,Weekend,Afternoon,6.7,32700,"Strut Mount, Shock Absorber"
428,Toyota Corolla,2022,138213,Brake,Brake Fluid Leak,BRA-253,Brake Fluid Leak Issue,High,Order Required,Authorized,Expert,Weekday,Morning,7.43,27700,"Brake Fluid Hose, Brake Disc"
429,Toyota Prius,2019,87463,Electrical,Wiring Fault,ELE-831,Wiring Fault Issue,Low,Order Required,Local,Senior,Weekend,Morning,1.19,4300,"Wiring Harness, Starter Motor"
430,Honda Civic,2015,124425,Transmission,Gear Slip,TRA-571,Gear Slip Issue,Low,In Stock,Local,Senior,Weekday,Evening,1.75,8500,"Gearbox Mount, Transmission Fluid Filter"
431,Honda Fit,2008,100930,Engine,Misfire,ENG-847,Misfire Issue,Medium,In Stock,Authorized,Junior,Weekday,Evening,4.31,21400,"Spark Plug, Timing Belt"
432,Honda Fit,2009,90684,Electrical,Battery Drain,ELE-926,Battery Drain Issue,High,Order Required,Authorized,Senior,Weekday,Afternoon,5.89,23900,"Wiring Harness, Fuse"
433,Honda Fit,2012,155536,Electrical,Battery Drain,ELE-926,Battery Drain Issue,Low,Order Required,Authorized,Expert,Weekend,Afternoon,2.31,10500,"Fuse, Alternator"
434,Honda Fit,2019,87726,Engine,Oil Leak,ENG-170,Oil Leak Issue,Medium,In Stock,Local,Junior,Weekday,Afternoon,3.19,16000,"Spark Plug, Timing Belt"
435,Suzuki Alto,2020,42617,Transmission,Gear Slip,TRA-571,Gear Slip Issue,High,Order Required,Authorized,Senior,Weekend,Evening,7.18,29600,"Clutch Plate, Transmission Fluid Filter"
436,Nissan Sunny,2020,154771,Engine,Misfire,ENG-847,Misfire Issue,Low,In Stock,Local,Senior,Weekday,Morning,1.62,9000,"Piston Ring, Engine Oil Filter"
437,Suzuki WagonR,2020,143824,Transmission,Clutch Wear,TRA-196,Clutch Wear Issue,High,Order Required,Local,Expert,Weekday,Morning,7.1,34400,"Gearbox Mount, Transmission Fluid Filter"
438,Suzuki WagonR,2010,51675,Brake,ABS Fault,BRA-102,ABS Fault Issue,Medium,Order Required,Authorized,Senior,Weekday,Evening,4.78,24600,"Brake Disc, Brake Pad"
439,Toyota Prius,2014,163817,Brake,Brake Fluid Leak,BRA-253,Brake Fluid Leak Issue,High,In Stock,Authorized,Expert,Weekday,Evening,7.35,34200,"Brake Caliper, Brake Disc"
440,Honda Fit,2021,61602,Suspension,Wheel Alignment,SUS-239,Wheel Alignment Issue,Medium,Order Required,Local,Expert,Weekend,Evening,4.11,23800,"Shock Absorber, Control Arm"
441,Honda Civic,2020,38715,Brake,Brake Fluid Leak,BRA-253,Brake Fluid Leak Issue,Medium,Order Required,Local,Senior,Weekday,Morning,4.63,20900,"Brake Disc, Brake Caliper"
442,Suzuki WagonR,2011,173567,Brake,Brake Pad Wear,BRA-207,Brake Pad Wear Issue,Low,In Stock,Local,Junior,Weekday,Morning,1.48,7700,"Brake Disc, Brake Caliper"
443,Suzuki Alto,2018,93851,Electrical,Wiring Fault,ELE-831,Wiring Fault Issue,Low,In Stock,Authorized,Junior,Weekend,Morning,2.07,11400,"Fuse, Starter Motor"
444,Toyota Corolla,2022,20468,Brake,ABS Fault,BRA-102,ABS Fault Issue,Medium,In Stock,Authorized,Expert,Weekday,Evening,3.29,16200,"Brake Pad, Brake Caliper"
445,Nissan Sunny,2016,97707,Suspension,Shock Absorber Wear,SUS-606,Shock Absorber Wear Issue,Low,In Stock,Local,Expert,Weekend,Morning,2.55,9900,"Strut Mount, Shock Absorber"
446,Honda Fit,2021,74542,Electrical,Wiring Fault,ELE-831,Wiring Fault Issue,Medium,In Stock,Authorized,Senior,Weekday,Morning,3.63,20700,"Battery, Fuse"
447,Toyota Corolla,2021,169368,Engine,Timing Issue,ENG-522,Timing Issue Issue,Medium,In Stock,Authorized,Expert,Weekday,Afternoon,4.69,27300,"Piston Ring, Timing Belt"
448,Suzuki Alto,2015,79906,Brake,Brake Fluid Leak,BRA-253,Brake Fluid Leak Issue,High,In Stock,Local,Senior,Weekday,Evening,7.35,31200,"Brake Fluid Hose, Brake Disc"
449,Honda Civic,2008,62298,Engine,Timing Issue,ENG-522,Timing Issue Issue,High,Order Required,Authorized,Junior,Weekend,Afternoon,6.09,22500,"Timing Belt, Spark Plug"
450,Suzuki Alto,2021,109289,Electrical,Battery Drain,ELE-926,Battery Drain Issue,Low,In Stock,Authorized,Senior,Weekday,Afternoon,2.6,15500,"Starter Motor, Alternator"
451,Suzuki Alto,2009,130904,Suspension,Shock Absorber Wear,SUS-606,Shock Absorber Wear Issue,Low,Order Required,Local,Expert,Weekday,Evening,1.86,8100,"Ball Joint, Shock Absorber"
452,Suzuki WagonR,2014,59069,Transmission,Fluid Leak,TRA-857,Fluid Leak Issue,Low,In Stock,Local,Senior,Weekday,Afternoon,1.8,8900,"Gearbox Mount, Transmission Fluid Filter"
453,Nissan Sunny,2011,132307,Brake,ABS Fault,BRA-102,ABS Fault Issue,Low,In Stock,Local,Junior,Weekday,Afternoon,2.49,11300,"Brake Disc, Brake Caliper"
454,Honda Fit,2015,131641,Engine,Overheating,ENG-450,Overheating Issue,Medium,Order Required,Authorized,Senior,Weekend,Evening,3.98,16600,"Spark Plug, Piston Ring"
455,Honda Fit,2008,155354,Electrical,Sensor Failure,ELE-256,Sensor Failure Issue,High,Order Required,Authorized,Senior,Weekday,Afternoon,5.64,30000,"Starter Motor, Battery"
456,Suzuki Alto,2022,137618,Engine,Oil Leak,ENG-170,Oil Leak Issue,Medium,Order Required,Local,Senior,Weekday,Morning,3.1,17300,"Fuel Injector, Piston Ring"
457,Nissan Sunny,2021,145745,Suspension,Steering Issue,SUS-930,Steering Issue Issue,Medium,In Stock,Authorized,Senior,Weekend,Morning,3.53,17500,"Strut Mount, Shock Absorber"
458,Toyota Prius,2015,117277,Transmission,Clutch Wear,TRA-196,Clutch Wear Issue,Medium,In Stock,Local,Senior,Weekday,Morning,3.22,14400,"Clutch Plate, Gearbox Mount"
459,Toyota Corolla,2008,77068,Brake,Brake Fluid Leak,BRA-253,Brake Fluid Leak Issue,Low,Order Required,Authorized,Expert,Weekday,Evening,2.59,12600,"Brake Disc, Brake Pad"
460,Honda Fit,2019,92709,Transmission,Clutch Wear,TRA-196,Clutch Wear Issue,High,In Stock,Local,Expert,Weekday,Afternoon,6.49,26500,"Clutch Plate, Gearbox Mount"
461,Honda Fit,2015,101198,Suspension,Shock Absorber Wear,SUS-606,Shock Absorber Wear Issue,Medium,In Stock,Authorized,Senior,Weekend,Morning,4.9,28200,"Ball Joint, Control Arm"
462,Toyota Corolla,2014,93520,Transmission,Clutch Wear,TRA-196,Clutch Wear Issue,High,Order Required,Authorized,Junior,Weekend,Afternoon,6.83,28500,"Clutch Plate, Gearbox Mount"
463,Suzuki Alto,2013,22162,Engine,Overheating,ENG-450,Overheating Issue,Low,In Stock,Authorized,Expert,Weekend,Afternoon,1.44,8500,"Fuel Injector, Spark Plug"
464,Toyota Prius,2008,139672,Brake,ABS Fault,BRA-102,ABS Fault Issue,Medium,Order Required,Local,Senior,Weekday,Afternoon,3.32,16900,"Brake Caliper, Brake Disc"
465,Toyota Corolla,2017,162112,Suspension,Shock Absorber Wear,SUS-606,Shock Absorber Wear Issue,High,In Stock,Local,Expert,Weekend,Evening,5.9,24900,"Ball Joint, Shock Absorber"
466,Honda Civic,2017,84150,Engine,Misfire,ENG-847,Misfire Issue,Medium,Order Required,Authorized,Expert,Weekend,Evening,3.63,17500,"Engine Oil Filter, Piston Ring"
467,Toyota Prius,2022,106608,Electrical,Alternator Failure,ELE-439,Alternator Failure Issue,Medium,In Stock,Local,Junior,Weekday,Morning,3.51,14800,"Starter Motor, Fuse"
468,Honda Civic,2009,59960,Suspension,Shock Absorber Wear,SUS-606,Shock Absorber Wear Issue,High,In Stock,Local,Senior,Weekend,Morning,6.78,38000,"Control Arm, Strut Mount"
469,Honda Civic,2010,46736,Brake,ABS Fault,BRA-102,ABS Fault Issue,Medium,In Stock,Local,Expert,Weekend,Afternoon,4.59,23300,"Brake Caliper, Brake Disc"
470,Toyota Prius,2018,20195,Transmission,Gear Slip,TRA-571,Gear Slip Issue,Low,Order Required,Local,Junior,Weekday,Evening,1.76,10500,"Clutch Plate, Transmission Fluid Filter"
471,Honda Civic,2011,35266,Transmission,Fluid Leak,TRA-857,Fluid Leak Issue,High,In Stock,Local,Expert,Weekend,Morning,7.05,32500,"Gearbox Mount, Transmission Fluid Filter"
472,Honda Civic,2019,177393,Electrical,Wiring Fault,ELE-831,Wiring Fault Issue,Medium,In Stock,Local,Senior,Weekend,Evening,4.18,22400,"Starter Motor, Wiring Harness"
473,Honda Fit,2010,84486,Brake,Brake Pad Wear,BRA-207,Brake Pad Wear Issue,High,Order Required,Authorized,Junior,Weekday,Afternoon,6.98,39100,"Brake Fluid Hose, Brake Disc"
474,Honda Fit,2015,37646,Suspension,Wheel Alignment,SUS-239,Wheel Alignment Issue,High,In Stock,Authorized,Junior,Weekday,Evening,5.8,30900,"Strut Mount, Ball Joint"
475,Honda Civic,2008,129849,Electrical,Alternator Failure,ELE-439,Alternator Failure Issue,High,Order Required,Local,Expert,Weekend,Morning,7.4,35200,"Starter Motor, Fuse"
476,Honda Civic,2011,41409,Engine,Overheating,ENG-450,Overheating Issue,High,Order Required,Authorized,Senior,Weekday,Morning,5.53,23200,"Piston Ring, Engine Oil Filter"
477,Honda Fit,2010,140497,Brake,Brake Pad Wear,BRA-207,Brake Pad Wear Issue,High,Order Required,Local,Senior,Weekday,Evening,6.77,38300,"Brake Caliper, Brake Fluid Hose"
478,Suzuki Alto,2022,65701,Suspension,Wheel Alignment,SUS-239,Wheel Alignment Issue,High,Order Required,Local,Expert,Weekday,Afternoon,6.57,32900,"Strut Mount, Shock Absorber"
479,Honda Civic,2013,140555,Transmission,Clutch Wear,TRA-196,Clutch Wear Issue,Low,Order Required,Authorized,Senior,Weekday,Afternoon,1.91,9700,"Gearbox Mount, Clutch Plate"
480,Honda Fit,2011,53827,Engine,Overheating,ENG-450,Overheating Issue,Low,In Stock,Local,Senior,Weekday,Afternoon,2.69,11400,"Spark Plug, Fuel Injector"
481,Honda Fit,2021,80290,Suspension,Shock Absorber Wear,SUS-606,Shock Absorber Wear Issue,Medium,In Stock,Authorized,Expert,Weekday,Evening,4.61,20600,"Shock Absorber, Strut Mount"
482,Toyota Prius,2014,168866,Suspension,Shock Absorber Wear,SUS-606,Shock Absorber Wear Issue,Low,In Stock,Authorized,Senior,Weekday,Evening,1.41,7700,"Ball Joint, Control Arm"
483,Suzuki WagonR,2020,177350,Suspension,Shock Absorber Wear,SUS-606,Shock Absorber Wear Issue,Low,Order Required,Authorized,Junior,Weekday,Evening,2.27,11000,"Strut Mount, Shock Absorber"
484,Toyota Corolla,2009,153169,Suspension,Steering Issue,SUS-930,Steering Issue Issue,Low,Order Required,Authorized,Junior,Weekday,Morning,1.02,5600,"Control Arm, Strut Mount"
485,Honda Civic,2016,172495,Brake,Brake Fluid Leak,BRA-253,Brake Fluid Leak Issue,High,In Stock,Authorized,Senior,Weekday,Afternoon,7.22,38500,"Brake Pad, Brake Fluid Hose"
486,Honda Civic,2016,83833,Engine,Misfire,ENG-847,Misfire Issue,Low,In Stock,Local,Senior,Weekend,Afternoon,2.88,11200,"Fuel Injector, Timing Belt"
487,Honda Civic,2012,153337,Electrical,Wiring Fault,ELE-831,Wiring Fault Issue,High,In Stock,Local,Senior,Weekday,Morning,7.27,33900,"Fuse, Starter Motor"
488,Suzuki WagonR,2010,23754,Engine,Oil Leak,ENG-170,Oil Leak Issue,Low,Order Required,Authorized,Junior,Weekday,Evening,2.32,11900,"Engine Oil Filter, Fuel Injector"
489,Honda Fit,2018,173154,Transmission,Clutch Wear,TRA-196,Clutch Wear Issue,Medium,In Stock,Authorized,Senior,Weekday,Morning,3.54,17000,"Gearbox Mount, Clutch Plate"
490,Toyota Corolla,2020,29306,Brake,ABS Fault,BRA-102,ABS Fault Issue,High,Order Required,Authorized,Junior,Weekday,Evening,6.38,23300,"Brake Pad, Brake Caliper"
491,Nissan Sunny,2017,153837,Brake,Brake Fluid Leak,BRA-253,Brake Fluid Leak Issue,Low,Order Required,Authorized,Expert,Weekday,Morning,1.79,7800,"Brake Fluid Hose, Brake Caliper"
492,Honda Fit,2018,114038,Electrical,Battery Drain,ELE-926,Battery Drain Issue,Low,In Stock,Authorized,Expert,Weekday,Afternoon,2.74,15700,"Alternator, Fuse"
493,Toyota Prius,2016,72231,Electrical,Wiring Fault,ELE-831,Wiring Fault Issue,High,In Stock,Local,Expert,Weekday,Morning,6.27,24700,"Wiring Harness, Starter Motor"
494,Suzuki Alto,2012,107485,Engine,Overheating,ENG-450,Overheating Issue,Medium,Order Required,Authorized,Expert,Weekday,Afternoon,3.59,19200,"Fuel Injector, Piston Ring"
495,Nissan Sunny,2008,125380,Electrical,Alternator Failure,ELE-439,Alternator Failure Issue,Medium,In Stock,Authorized,Expert,Weekday,Afternoon,3.11,16000,"Alternator, Starter Motor"
496,Suzuki Alto,2017,47256,Transmission,Fluid Leak,TRA-857,Fluid Leak Issue,High,Order Required,Local,Expert,Weekday,Afternoon,7.31,42000,"Clutch Plate, Gearbox Mount"
497,Toyota Corolla,2021,139690,Suspension,Shock Absorber Wear,SUS-606,Shock Absorber Wear Issue,Low,Order Required,Local,Expert,Weekday,Afternoon,1.2,6800,"Shock Absorber, Control Arm"
498,Toyota Corolla,2013,37585,Brake,Brake Fluid Leak,BRA-253,Brake Fluid Leak Issue,Medium,Order Required,Local,Expert,Weekend,Afternoon,3.15,14400,"Brake Disc, Brake Fluid Hose"
499,Nissan Sunny,2017,174932,Electrical,Alternator Failure,ELE-439,Alternator Failure Issue,Medium,Order Required,Local,Senior,Weekend,Morning,3.67,16800,"Battery, Wiring Harness"
500,Honda Fit,2011,85464,Suspension,Wheel Alignment,SUS-239,Wheel Alignment Issue,Low,In Stock,Local,Expert,Weekend,Afternoon,2.0,10600,"Control Arm, Shock Absorber"
501,Toyota Corolla,2017,137377,Engine,Timing Issue,ENG-522,Timing Issue Issue,Low,In Stock,Local,Junior,Weekend,Evening,2.88,16500,"Engine Oil Filter, Spark Plug"
502,Honda Fit,2016,55288,Suspension,Shock Absorber Wear,SUS-606,Shock Absorber Wear Issue,Medium,Order Required,Authorized,Expert,Weekday,Afternoon,4.13,19800,"Shock Absorber, Strut Mount"
503,Nissan Sunny,2011,73033,Brake,ABS Fault,BRA-102,ABS Fault Issue,Medium,In Stock,Local,Junior,Weekday,Evening,3.02,12900,"Brake Disc, Brake Caliper"
504,Toyota Prius,2012,84185,Electrical,Sensor Failure,ELE-256,Sensor Failure Issue,Medium,Order Required,Authorized,Junior,Weekend,Morning,4.5,16500,"Battery, Fuse"
505,Suzuki Alto,2022,73574,Suspension,Shock Absorber Wear,SUS-606,Shock Absorber Wear Issue,High,In Stock,Authorized,Senior,Weekday,Afternoon,6.5,25800,"Shock Absorber, Strut Mount"
506,Suzuki WagonR,2010,42818,Brake,ABS Fault,BRA-102,ABS Fault Issue,Low,Order Required,Local,Senior,Weekday,Evening,1.5,6300,"Brake Fluid Hose, Brake Disc"
507,Toyota Prius,2017,124026,Transmission,Fluid Leak,TRA-857,Fluid Leak Issue,Medium,In Stock,Authorized,Junior,Weekday,Evening,3.51,17300,"Clutch Plate, Transmission Fluid Filter"
508,Honda Civic,2017,34789,Suspension,Steering Issue,SUS-930,Steering Issue Issue,Medium,In Stock,Authorized,Expert,Weekend,Morning,4.41,18000,"Control Arm, Strut Mount"
509,Suzuki Alto,2017,157482,Transmission,Clutch Wear,TRA-196,Clutch Wear Issue,Low,In Stock,Authorized,Expert,Weekday,Evening,2.28,9500,"Clutch Plate, Transmission Fluid Filter"
510,Honda Fit,2013,176886,Suspension,Shock Absorber Wear,SUS-606,Shock Absorber Wear Issue,Low,In Stock,Authorized,Junior,Weekend,Morning,2.29,11300,"Ball Joint, Control Arm"
511,Toyota Prius,2018,174020,Electrical,Sensor Failure,ELE-256,Sensor Failure Issue,High,In Stock,Authorized,Junior,Weekday,Afternoon,5.72,28800,"Wiring Harness, Alternator"
512,Suzuki WagonR,2017,65141,Suspension,Wheel Alignment,SUS-239,Wheel Alignment Issue,Low,In Stock,Authorized,Senior,Weekday,Morning,1.8,7500,"Ball Joint, Strut Mount"
513,Suzuki Alto,2017,112460,Electrical,Battery Drain,ELE-926,Battery Drain Issue,High,Order Required,Authorized,Junior,Weekday,Evening,6.34,26300,"Battery, Starter Motor"
514,Toyota Corolla,2020,158178,Brake,Brake Fluid Leak,BRA-253,Brake Fluid Leak Issue,Low,In Stock,Local,Senior,Weekday,Afternoon,2.08,7900,"Brake Pad, Brake Caliper"
515,Suzuki Alto,2012,97611,Brake,Brake Pad Wear,BRA-207,Brake Pad Wear Issue,High,Order Required,Authorized,Senior,Weekend,Afternoon,6.25,22200,"Brake Disc, Brake Caliper"
516,Honda Civic,2021,48481,Brake,Brake Pad Wear,BRA-207,Brake Pad Wear Issue,High,Order Required,Authorized,Expert,Weekend,Morning,6.83,29900,"Brake Fluid Hose, Brake Caliper"
517,Honda Civic,2020,88098,Engine,Timing Issue,ENG-522,Timing Issue Issue,Low,Order Required,Authorized,Junior,Weekday,Morning,2.74,11500,"Fuel Injector, Piston Ring"
518,Toyota Prius,2020,117272,Suspension,Wheel Alignment,SUS-239,Wheel Alignment Issue,High,In Stock,Local,Senior,Weekend,Morning,6.5,32000,"Shock Absorber, Control Arm"
519,Toyota Prius,2013,61288,Transmission,Gear Slip,TRA-571,Gear Slip Issue,High,Order Required,Local,Expert,Weekday,Evening,7.4,28600,"Gearbox Mount, Clutch Plate"
520,Suzuki WagonR,2022,71395,Brake,ABS Fault,BRA-102,ABS Fault Issue,High,Order Required,Authorized,Senior,Weekday,Morning,6.85,31200,"Brake Pad, Brake Caliper"
521,Suzuki WagonR,2016,92402,Transmission,Gear Slip,TRA-571,Gear Slip Issue,Medium,Order Required,Authorized,Junior,Weekday,Morning,4.1,22700,"Gearbox Mount, Transmission Fluid Filter"
522,Toyota Prius,2013,142610,Electrical,Alternator Failure,ELE-439,Alternator Failure Issue,Low,Order Required,Authorized,Expert,Weekend,Evening,2.47,10100,"Alternator, Battery"
523,Toyota Corolla,2021,100583,Electrical,Alternator Failure,ELE-439,Alternator Failure Issue,Medium,In Stock,Authorized,Expert,Weekend,Afternoon,3.03,15400,"Battery, Starter Motor"
524,Nissan Sunny,2013,109932,Suspension,Shock Absorber Wear,SUS-606,Shock Absorber Wear Issue,Medium,In Stock,Local,Senior,Weekday,Evening,4.85,19700,"Strut Mount, Control Arm"
525,Suzuki WagonR,2017,141442,Engine,Timing Issue,ENG-522,Timing Issue Issue,Low,In Stock,Authorized,Expert,Weekday,Afternoon,1.31,6600,"Spark Plug, Piston Ring"
526,Toyota Corolla,2016,87272,Engine,Oil Leak,ENG-170,Oil Leak Issue,High,In Stock,Local,Senior,Weekday,Evening,6.68,25500,"Engine Oil Filter, Fuel Injector"
527,Honda Civic,2019,79142,Electrical,Wiring Fault,ELE-831,Wiring Fault Issue,Medium,In Stock,Authorized,Expert,Weekend,Morning,3.58,16400,"Battery, Wiring Harness"
528,Suzuki WagonR,2013,133015,Suspension,Steering Issue,SUS-930,Steering Issue Issue,Medium,In Stock,Authorized,Senior,Weekend,Morning,3.44,16800,"Ball Joint, Shock Absorber"
529,Honda Fit,2012,98628,Suspension,Shock Absorber Wear,SUS-606,Shock Absorber Wear Issue,Low,In Stock,Authorized,Senior,Weekday,Evening,1.04,6000,"Shock Absorber, Control Arm"
530,Nissan Sunny,2019,87297,Engine,Oil Leak,ENG-170,Oil Leak Issue,High,In Stock,Local,Expert,Weekend,Afternoon,6.0,29100,"Engine Oil Filter, Piston Ring"
531,Toyota Corolla,2013,106557,Electrical,Sensor Failure,ELE-256,Sensor Failure Issue,Low,Order Required,Authorized,Senior,Weekday,Morning,1.03,4600,"Fuse, Wiring Harness"
532,Suzuki Alto,2019,119440,Engine,Oil Leak,ENG-170,Oil Leak Issue,Low,Order Required,Local,Expert,Weekend,Afternoon,1.21,5000,"Spark Plug, Piston Ring"
533,Suzuki WagonR,2013,143799,Transmission,Clutch Wear,TRA-196,Clutch Wear Issue,Medium,Order Required,Authorized,Senior,Weekday,Morning,4.42,15800,"Clutch Plate, Transmission Fluid Filter"
534,Honda Civic,2010,179208,Suspension,Steering Issue,SUS-930,Steering Issue Issue,High,Order Required,Authorized,Junior,Weekend,Afternoon,7.41,29000,"Shock Absorber, Control Arm"
535,Nissan Sunny,2015,90323,Electrical,Battery Drain,ELE-926,Battery Drain Issue,Low,In Stock,Local,Expert,Weekend,Evening,1.32,4700,"Starter Motor, Wiring Harness"
536,Suzuki Alto,2012,107488,Transmission,Gear Slip,TRA-571,Gear Slip Issue,Low,In Stock,Authorized,Senior,Weekday,Evening,1.16,5600,"Transmission Fluid Filter, Gearbox Mount"
537,Suzuki WagonR,2018,123711,Transmission,Gear Slip,TRA-571,Gear Slip Issue,Medium,In Stock,Local,Senior,Weekend,Morning,4.05,16200,"Gearbox Mount, Clutch Plate"
538,Honda Fit,2014,66298,Brake,Brake Pad Wear,BRA-207,Brake Pad Wear Issue,High,Order Required,Authorized,Expert,Weekday,Evening,5.75,23600,"Brake Disc, Brake Caliper"
539,Suzuki Alto,2021,144971,Electrical,Sensor Failure,ELE-256,Sensor Failure Issue,Low,Order Required,Authorized,Expert,Weekday,Evening,1.68,9700,"Battery, Wiring Harness"
540,Nissan Sunny,2022,156554,Suspension,Shock Absorber Wear,SUS-606,Shock Absorber Wear Issue,Medium,Order Required,Local,Junior,Weekday,Evening,3.59,17800,"Ball Joint, Shock Absorber"
541,Honda Civic,2013,79632,Engine,Overheating,ENG-450,Overheating Issue,Medium,In Stock,Local,Expert,Weekend,Evening,3.99,15200,"Engine Oil Filter, Piston Ring"
542,Suzuki Alto,2014,42656,Transmission,Clutch Wear,TRA-196,Clutch Wear Issue,Medium,In Stock,Local,Expert,Weekend,Morning,3.1,14800,"Gearbox Mount, Clutch Plate"
543,Suzuki WagonR,2020,142080,Transmission,Fluid Leak,TRA-857,Fluid Leak Issue,High,In Stock,Authorized,Junior,Weekend,Morning,6.35,31300,"Clutch Plate, Transmission Fluid Filter"
544,Honda Civic,2021,164155,Transmission,Gear Slip,TRA-571,Gear Slip Issue,Medium,In Stock,Local,Senior,Weekend,Evening,3.84,22300,"Transmission Fluid Filter, Clutch Plate"
545,Honda Civic,2008,60699,Electrical,Wiring Fault,ELE-831,Wiring Fault Issue,Low,In Stock,Authorized,Expert,Weekend,Afternoon,2.2,8200,"Fuse, Alternator"
546,Suzuki WagonR,2016,65649,Suspension,Steering Issue,SUS-930,Steering Issue Issue,Medium,Order Required,Local,Junior,Weekend,Evening,3.24,14200,"Shock Absorber, Strut Mount"
547,Honda Fit,2009,173267,Transmission,Clutch Wear,TRA-196,Clutch Wear Issue,Medium,Order Required,Authorized,Senior,Weekday,Afternoon,3.91,22700,"Gearbox Mount, Clutch Plate"
548,Suzuki WagonR,2020,123234,Suspension,Steering Issue,SUS-930,Steering Issue Issue,High,In Stock,Authorized,Expert,Weekday,Afternoon,7.35,32200,"Shock Absorber, Control Arm"
549,Suzuki WagonR,2021,172380,Electrical,Wiring Fault,ELE-831,Wiring Fault Issue,Low,In Stock,Authorized,Expert,Weekend,Morning,2.59,13200,"Alternator, Battery"
550,Toyota Prius,2008,90354,Transmission,Gear Slip,TRA-571,Gear Slip Issue,Low,Order Required,Authorized,Junior,Weekend,Morning,1.45,5300,"Clutch Plate, Transmission Fluid Filter"
551,Suzuki Alto,2013,143936,Transmission,Fluid Leak,TRA-857,Fluid Leak Issue,High,In Stock,Local,Senior,Weekend,Morning,5.55,22700,"Gearbox Mount, Clutch Plate"
552,Toyota Prius,2011,70209,Suspension,Shock Absorber Wear,SUS-606,Shock Absorber Wear Issue,Low,Order Required,Authorized,Expert,Weekend,Morning,1.91,9500,"Strut Mount, Control Arm"
553,Honda Civic,2014,77064,Transmission,Fluid Leak,TRA-857,Fluid Leak Issue,Medium,In Stock,Authorized,Expert,Weekday,Evening,3.03,13800,"Gearbox Mount, Clutch Plate"
554,Honda Fit,2021,90725,Suspension,Shock Absorber Wear,SUS-606,Shock Absorber Wear Issue,High,Order Required,Authorized,Junior,Weekday,Morning,5.8,33000,"Strut Mount, Ball Joint"
555,Toyota Prius,2015,135266,Transmission,Fluid Leak,TRA-857,Fluid Leak Issue,Medium,Order Required,Local,Senior,Weekday,Morning,3.59,14000,"Clutch Plate, Gearbox Mount"
556,Suzuki Alto,2018,176926,Electrical,Battery Drain,ELE-926,Battery Drain Issue,High,In Stock,Local,Senior,Weekend,Morning,6.75,33900,"Starter Motor, Wiring Harness"
557,Suzuki WagonR,2010,168876,Electrical,Battery Drain,ELE-926,Battery Drain Issue,High,In Stock,Local,Senior,Weekend,Morning,5.62,26800,"Wiring Harness, Starter Motor"
558,Honda Fit,2014,78238,Engine,Misfire,ENG-847,Misfire Issue,Low,In Stock,Local,Senior,Weekday,Afternoon,2.5,9900,"Spark Plug, Engine Oil Filter"
559,Honda Civic,2020,65878,Transmission,Gear Slip,TRA-571,Gear Slip Issue,Medium,In Stock,Local,Expert,Weekday,Evening,4.6,21700,"Clutch Plate, Transmission Fluid Filter"
560,Suzuki Alto,2008,89364,Suspension,Shock Absorber Wear,SUS-606,Shock Absorber Wear Issue,High,Order Required,Authorized,Expert,Weekday,Morning,7.16,36000,"Strut Mount, Shock Absorber"
561,Nissan Sunny,2014,49216,Electrical,Battery Drain,ELE-926,Battery Drain Issue,Low,In Stock,Local,Senior,Weekday,Morning,1.15,6500,"Fuse, Starter Motor"
562,Suzuki WagonR,2016,28374,Suspension,Shock Absorber Wear,SUS-606,Shock Absorber Wear Issue,Medium,In Stock,Local,Junior,Weekday,Afternoon,4.04,17200,"Control Arm, Strut Mount"
563,Suzuki Alto,2014,116141,Transmission,Fluid Leak,TRA-857,Fluid Leak Issue,Low,In Stock,Authorized,Senior,Weekday,Afternoon,1.49,7500,"Transmission Fluid Filter, Clutch Plate"
564,Toyota Corolla,2015,80294,Engine,Timing Issue,ENG-522,Timing Issue Issue,Medium,Order Required,Local,Senior,Weekend,Evening,4.72,22400,"Engine Oil Filter, Spark Plug"
565,Toyota Prius,2010,56405,Suspension,Wheel Alignment,SUS-239,Wheel Alignment Issue,High,In Stock,Authorized,Senior,Weekend,Evening,7.5,35400,"Strut Mount, Shock Absorber"
566,Nissan Sunny,2013,26498,Electrical,Sensor Failure,ELE-256,Sensor Failure Issue,Medium,In Stock,Local,Senior,Weekend,Morning,4.04,14600,"Fuse, Alternator"
567,Toyota Corolla,2010,159098,Suspension,Wheel Alignment,SUS-239,Wheel Alignment Issue,High,Order Required,Authorized,Senior,Weekend,Afternoon,6.63,32000,"Strut Mount, Shock Absorber"
568,Suzuki Alto,2011,48391,Brake,Brake Fluid Leak,BRA-253,Brake Fluid Leak Issue,Low,Order Required,Authorized,Expert,Weekend,Morning,2.62,12200,"Brake Disc, Brake Pad"
569,Honda Civic,2009,28155,Transmission,Fluid Leak,TRA-857,Fluid Leak Issue,Low,Order Required,Authorized,Senior,Weekend,Evening,1.01,5600,"Transmission Fluid Filter, Gearbox Mount"
570,Nissan Sunny,2011,88129,Engine,Overheating,ENG-450,Overheating Issue,Medium,Order Required,Local,Expert,Weekend,Morning,3.27,14800,"Spark Plug, Fuel Injector"
571,Honda Fit,2022,124226,Engine,Oil Leak,ENG-170,Oil Leak Issue,Medium,In Stock,Authorized,Expert,Weekday,Morning,4.82,20200,"Timing Belt, Fuel Injector"
572,Toyota Prius,2017,135755,Engine,Overheating,ENG-450,Overheating Issue,Low,Order Required,Authorized,Junior,Weekday,Afternoon,1.98,8300,"Timing Belt, Piston Ring"
573,Toyota Corolla,2013,67657,Brake,Brake Pad Wear,BRA-207,Brake Pad Wear Issue,High,Order Required,Local,Senior,Weekday,Morning,5.81,22400,"Brake Pad, Brake Fluid Hose"
574,Honda Civic,2021,103774,Engine,Overheating,ENG-450,Overheating Issue,Low,Order Required,Local,Senior,Weekend,Afternoon,2.9,10800,"Fuel Injector, Engine Oil Filter"
575,Honda Fit,2020,176786,Transmission,Gear Slip,TRA-571,Gear Slip Issue,High,In Stock,Authorized,Junior,Weekday,Morning,6.18,36300,"Gearbox Mount, Clutch Plate"
576,Toyota Prius,2016,23815,Transmission,Clutch Wear,TRA-196,Clutch Wear Issue,High,Order Required,Local,Senior,Weekday,Evening,6.57,35600,"Transmission Fluid Filter, Clutch Plate"
577,Honda Fit,2008,82432,Brake,Brake Fluid Leak,BRA-253,Brake Fluid Leak Issue,Medium,In Stock,Authorized,Expert,Weekend,Afternoon,3.26,13500,"Brake Fluid Hose, Brake Pad"
578,Toyota Prius,2010,44924,Transmission,Clutch Wear,TRA-196,Clutch Wear Issue,Medium,Order Required,Authorized,Senior,Weekday,Evening,3.32,19500,"Clutch Plate, Transmission Fluid Filter"
579,Toyota Corolla,2009,73737,Transmission,Clutch Wear,TRA-196,Clutch Wear Issue,Low,In Stock,Authorized,Senior,Weekday,Evening,1.89,9600,"Gearbox Mount, Clutch Plate"
580,Nissan Sunny,2009,44868,Electrical,Battery Drain,ELE-926,Battery Drain Issue,Low,In Stock,Authorized,Senior,Weekend,Afternoon,2.28,13400,"Alternator, Wiring Harness"
581,Suzuki Alto,2018,65464,Engine,Misfire,ENG-847,Misfire Issue,Medium,Order Required,Local,Expert,Weekend,Evening,4.92,26200,"Engine Oil Filter, Timing Belt"
582,Nissan Sunny,2011,127908,Transmission,Fluid Leak,TRA-857,Fluid Leak Issue,Medium,Order Required,Authorized,Expert,Weekday,Evening,3.25,15400,"Gearbox Mount, Clutch Plate"
583,Toyota Prius,2014,24922,Brake,Brake Fluid Leak,BRA-253,Brake Fluid Leak Issue,High,Order Required,Authorized,Junior,Weekend,Afternoon,7.34,42300,"Brake Pad, Brake Fluid Hose"
584,Suzuki WagonR,2009,167330,Electrical,Sensor Failure,ELE-256,Sensor Failure Issue,High,Order Required,Local,Senior,Weekend,Evening,6.58,26700,"Alternator, Battery"
585,Nissan Sunny,2017,174451,Brake,Brake Fluid Leak,BRA-253,Brake Fluid Leak Issue,High,Order Required,Authorized,Senior,Weekday,Evening,6.65,27000,"Brake Pad, Brake Fluid Hose"
586,Toyota Corolla,2014,169405,Transmission,Gear Slip,TRA-571,Gear Slip Issue,High,In Stock,Local,Senior,Weekday,Morning,6.35,29900,"Clutch Plate, Transmission Fluid Filter"
587,Honda Civic,2013,56404,Engine,Oil Leak,ENG-170,Oil Leak Issue,Medium,Order Required,Authorized,Expert,Weekend,Afternoon,4.88,23400,"Timing Belt, Spark Plug"
588,Suzuki Alto,2019,59877,Transmission,Clutch Wear,TRA-196,Clutch Wear Issue,High,In Stock,Local,Senior,Weekend,Evening,7.02,26100,"Transmission Fluid Filter, Gearbox Mount"
589,Toyota Corolla,2020,140206,Electrical,Sensor Failure,ELE-256,Sensor Failure Issue,Low,Order Required,Local,Junior,Weekday,Afternoon,1.12,4100,"Battery, Alternator"
590,Honda Civic,2013,164226,Electrical,Alternator Failure,ELE-439,Alternator Failure Issue,High,In Stock,Authorized,Expert,Weekday,Afternoon,7.44,36200,"Alternator, Fuse"
591,Toyota Prius,2010,28478,Electrical,Alternator Failure,ELE-439,Alternator Failure Issue,Low,In Stock,Local,Senior,Weekend,Afternoon,1.73,7100,"Alternator, Wiring Harness"
592,Toyota Prius,2018,63309,Engine,Overheating,ENG-450,Overheating Issue,High,Order Required,Authorized,Junior,Weekend,Afternoon,7.06,29400,"Fuel Injector, Timing Belt"
593,Nissan Sunny,2014,43567,Suspension,Steering Issue,SUS-930,Steering Issue Issue,High,Order Required,Authorized,Senior,Weekday,Morning,6.59,26300,"Control Arm, Strut Mount"
594,Toyota Corolla,2009,105274,Brake,ABS Fault,BRA-102,ABS Fault Issue,Low,In Stock,Authorized,Junior,Weekday,Evening,2.67,13600,"Brake Fluid Hose, Brake Pad"
595,Toyota Corolla,2011,85231,Electrical,Battery Drain,ELE-926,Battery Drain Issue,High,Order Required,Authorized,Expert,Weekend,Evening,5.89,23000,"Fuse, Alternator"
596,Nissan Sunny,2020,63304,Engine,Overheating,ENG-450,Overheating Issue,High,In Stock,Authorized,Senior,Weekday,Morning,6.88,26000,"Timing Belt, Engine Oil Filter"
597,Honda Fit,2021,133748,Brake,Brake Fluid Leak,BRA-253,Brake Fluid Leak Issue,Low,In Stock,Authorized,Senior,Weekday,Morning,1.65,6500,"Brake Caliper, Brake Pad"
598,Suzuki WagonR,2011,162691,Engine,Timing Issue,ENG-522,Timing Issue Issue,Low,Order Required,Local,Senior,Weekday,Afternoon,2.02,8900,"Piston Ring, Timing Belt"
599,Honda Civic,2008,133825,Suspension,Wheel Alignment,SUS-239,Wheel Alignment Issue,Medium,Order Required,Authorized,Senior,Weekend,Evening,4.35,16900,"Ball Joint, Shock Absorber"
600,Toyota Corolla,2016,43590,Suspension,Shock Absorber Wear,SUS-606,Shock Absorber Wear Issue,Medium,In Stock,Authorized,Junior,Weekday,Morning,4.11,20400,"Strut Mount, Ball Joint"
601,Suzuki Alto,2012,168437,Suspension,Shock Absorber Wear,SUS-606,Shock Absorber Wear Issue,Medium,In Stock,Local,Junior,Weekday,Afternoon,3.11,13200,"Control Arm, Shock Absorber"
602,Honda Fit,2020,161542,Suspension,Steering Issue,SUS-930,Steering Issue Issue,Low,In Stock,Local,Junior,Weekday,Afternoon,2.77,10000,"Strut Mount, Control Arm"
603,Toyota Corolla,2020,110142,Electrical,Alternator Failure,ELE-439,Alternator Failure Issue,High,In Stock,Authorized,Junior,Weekend,Evening,5.82,26100,"Alternator, Starter Motor"
604,Suzuki Alto,2014,103769,Brake,Brake Pad Wear,BRA-207,Brake Pad Wear Issue,Medium,In Stock,Local,Junior,Weekday,Morning,4.5,18800,"Brake Caliper, Brake Pad"
605,Suzuki WagonR,2016,25657,Brake,Brake Fluid Leak,BRA-253,Brake Fluid Leak Issue,High,In Stock,Authorized,Junior,Weekday,Evening,7.42,28100,"Brake Pad, Brake Disc"
606,Toyota Corolla,2015,27098,Suspension,Shock Absorber Wear,SUS-606,Shock Absorber Wear Issue,High,Order Required,Local,Senior,Weekday,Afternoon,6.81,24300,"Shock Absorber, Ball Joint"
607,Suzuki WagonR,2013,93031,Electrical,Sensor Failure,ELE-256,Sensor Failure Issue,Low,In Stock,Local,Junior,Weekday,Morning,2.51,11200,"Fuse, Starter Motor"
608,Toyota Corolla,2013,126111,Suspension,Shock Absorber Wear,SUS-606,Shock Absorber Wear Issue,Medium,Order Required,Local,Senior,Weekday,Evening,4.6,21600,"Ball Joint, Shock Absorber"
609,Suzuki Alto,2017,143490,Transmission,Gear Slip,TRA-571,Gear Slip Issue,High,Order Required,Authorized,Senior,Weekday,Evening,5.59,19700,"Transmission Fluid Filter, Gearbox Mount"
610,Suzuki Alto,2022,51951,Brake,Brake Fluid Leak,BRA-253,Brake Fluid Leak Issue,Medium,In Stock,Local,Senior,Weekend,Evening,4.82,25400,"Brake Disc, Brake Caliper"
611,Toyota Corolla,2012,58222,Suspension,Shock Absorber Wear,SUS-606,Shock Absorber Wear Issue,Medium,Order Required,Local,Junior,Weekday,Evening,3.45,20100,"Ball Joint, Shock Absorber"
612,Nissan Sunny,2022,167894,Engine,Oil Leak,ENG-170,Oil Leak Issue,Medium,Order Required,Local,Junior,Weekend,Afternoon,3.44,20000,"Piston Ring, Timing Belt"
613,Honda Civic,2015,61262,Electrical,Alternator Failure,ELE-439,Alternator Failure Issue,Medium,Order Required,Authorized,Junior,Weekday,Morning,4.25,20900,"Fuse, Wiring Harness"
614,Nissan Sunny,2017,69285,Transmission,Gear Slip,TRA-571,Gear Slip Issue,High,Order Required,Authorized,Senior,Weekend,Morning,6.63,28200,"Transmission Fluid Filter, Gearbox Mount"
615,Nissan Sunny,2019,60747,Transmission,Gear Slip,TRA-571,Gear Slip Issue,High,Order Required,Authorized,Senior,Weekday,Afternoon,7.36,42400,"Clutch Plate, Gearbox Mount"
616,Toyota Corolla,2022,133486,Suspension,Steering Issue,SUS-930,Steering Issue Issue,Medium,Order Required,Authorized,Expert,Weekend,Afternoon,4.51,21400,"Ball Joint, Strut Mount"
617,Suzuki WagonR,2010,76461,Suspension,Steering Issue,SUS-930,Steering Issue Issue,Low,In Stock,Local,Expert,Weekend,Afternoon,1.48,8000,"Shock Absorber, Control Arm"
618,Toyota Prius,2012,165800,Electrical,Wiring Fault,ELE-831,Wiring Fault Issue,Medium,Order Required,Local,Expert,Weekend,Morning,4.14,22500,"Alternator, Starter Motor"
619,Honda Civic,2012,95308,Electrical,Wiring Fault,ELE-831,Wiring Fault Issue,Medium,In Stock,Authorized,Junior,Weekday,Morning,3.7,16200,"Fuse, Starter Motor"
620,Suzuki WagonR,2017,88463,Engine,Oil Leak,ENG-170,Oil Leak Issue,Low,In Stock,Local,Expert,Weekday,Evening,2.79,13700,"Fuel Injector, Timing Belt"
621,Suzuki WagonR,2018,133261,Suspension,Shock Absorber Wear,SUS-606,Shock Absorber Wear Issue,High,Order Required,Authorized,Senior,Weekday,Morning,7.0,26200,"Ball Joint, Control Arm"
622,Toyota Prius,2022,50558,Brake,Brake Pad Wear,BRA-207,Brake Pad Wear Issue,Medium,In Stock,Local,Expert,Weekend,Morning,3.13,17200,"Brake Pad, Brake Disc"
623,Suzuki Alto,2017,142347,Engine,Oil Leak,ENG-170,Oil Leak Issue,Low,In Stock,Authorized,Junior,Weekday,Afternoon,1.31,5600,"Spark Plug, Fuel Injector"
624,Toyota Prius,2019,73458,Electrical,Battery Drain,ELE-926,Battery Drain Issue,Low,In Stock,Local,Senior,Weekday,Morning,2.02,8200,"Fuse, Battery"
625,Toyota Corolla,2016,70791,Electrical,Alternator Failure,ELE-439,Alternator Failure Issue,Medium,In Stock,Local,Expert,Weekend,Evening,4.92,18800,"Starter Motor, Alternator"
626,Honda Fit,2019,35228,Brake,ABS Fault,BRA-102,ABS Fault Issue,High,Order Required,Local,Expert,Weekend,Evening,7.06,38400,"Brake Pad, Brake Fluid Hose"
627,Toyota Prius,2022,147176,Engine,Oil Leak,ENG-170,Oil Leak Issue,Medium,Order Required,Authorized,Senior,Weekday,Evening,4.54,19600,"Timing Belt, Spark Plug"
628,Honda Fit,2008,85894,Brake,ABS Fault,BRA-102,ABS Fault Issue,High,In Stock,Local,Expert,Weekday,Afternoon,6.88,25700,"Brake Caliper, Brake Fluid Hose"
629,Honda Civic,2014,29283,Brake,Brake Pad Wear,BRA-207,Brake Pad Wear Issue,Medium,Order Required,Local,Junior,Weekend,Morning,4.54,17900,"Brake Caliper, Brake Pad"
630,Suzuki WagonR,2012,51333,Transmission,Clutch Wear,TRA-196,Clutch Wear Issue,Low,In Stock,Authorized,Junior,Weekend,Evening,2.95,15700,"Transmission Fluid Filter, Gearbox Mount"
631,Toyota Prius,2008,70816,Electrical,Battery Drain,ELE-926,Battery Drain Issue,Low,In Stock,Local,Junior,Weekend,Evening,1.44,6000,"Wiring Harness, Alternator"
632,Suzuki Alto,2022,93724,Engine,Timing Issue,ENG-522,Timing Issue Issue,Medium,Order Required,Local,Junior,Weekday,Morning,4.08,21400,"Engine Oil Filter, Spark Plug"
633,Suzuki Alto,2020,98539,Transmission,Fluid Leak,TRA-857,Fluid Leak Issue,Medium,Order Required,Authorized,Expert,Weekend,Evening,4.96,28200,"Gearbox Mount, Clutch Plate"
634,Honda Fit,2019,52626,Brake,Brake Pad Wear,BRA-207,Brake Pad Wear Issue,Low,In Stock,Local,Senior,Weekday,Evening,1.55,7100,"Brake Fluid Hose, Brake Caliper"
635,Suzuki Alto,2018,29799,Transmission,Fluid Leak,TRA-857,Fluid Leak Issue,Medium,Order Required,Authorized,Senior,Weekday,Afternoon,3.82,16800,"Gearbox Mount, Clutch Plate"
636,Honda Fit,2009,170470,Brake,Brake Pad Wear,BRA-207,Brake Pad Wear Issue,High,In Stock,Authorized,Expert,Weekday,Morning,5.84,20700,"Brake Pad, Brake Caliper"
637,Honda Civic,2017,98249,Transmission,Clutch Wear,TRA-196,Clutch Wear Issue,High,Order Required,Authorized,Senior,Weekday,Morning,7.41,38300,"Transmission Fluid Filter, Gearbox Mount"
638,Honda Fit,2013,53753,Brake,Brake Fluid Leak,BRA-253,Brake Fluid Leak Issue,Medium,In Stock,Local,Senior,Weekday,Evening,3.91,23100,"Brake Disc, Brake Caliper"
639,Honda Fit,2019,80092,Electrical,Wiring Fault,ELE-831,Wiring Fault Issue,Low,Order Required,Local,Junior,Weekday,Evening,2.18,10700,"Wiring Harness, Alternator"
640,Suzuki WagonR,2013,49902,Suspension,Wheel Alignment,SUS-239,Wheel Alignment Issue,High,In Stock,Local,Expert,Weekend,Afternoon,7.3,28800,"Strut Mount, Ball Joint"
641,Toyota Corolla,2012,62277,Transmission,Gear Slip,TRA-571,Gear Slip Issue,Medium,In Stock,Local,Junior,Weekday,Morning,4.97,17400,"Transmission Fluid Filter, Gearbox Mount"
642,Toyota Corolla,2012,146926,Engine,Misfire,ENG-847,Misfire Issue,Medium,Order Required,Local,Expert,Weekend,Morning,3.81,19400,"Timing Belt, Piston Ring"
643,Nissan Sunny,2021,92136,Transmission,Gear Slip,TRA-571,Gear Slip Issue,High,In Stock,Authorized,Junior,Weekday,Evening,6.2,33100,"Clutch Plate, Transmission Fluid Filter"
644,Honda Civic,2020,139313,Brake,ABS Fault,BRA-102,ABS Fault Issue,Low,In Stock,Authorized,Expert,Weekday,Evening,2.02,11500,"Brake Fluid Hose, Brake Caliper"
645,Suzuki WagonR,2008,140258,Brake,Brake Fluid Leak,BRA-253,Brake Fluid Leak Issue,Medium,Order Required,Local,Expert,Weekday,Morning,3.28,12300,"Brake Fluid Hose, Brake Disc"
646,Toyota Corolla,2011,46129,Electrical,Battery Drain,ELE-926,Battery Drain Issue,Medium,Order Required,Local,Junior,Weekend,Morning,4.27,17800,"Battery, Fuse"
647,Toyota Prius,2011,105632,Engine,Oil Leak,ENG-170,Oil Leak Issue,Medium,In Stock,Authorized,Expert,Weekday,Evening,4.84,25900,"Engine Oil Filter, Timing Belt"
648,Suzuki Alto,2015,123677,Engine,Misfire,ENG-847,Misfire Issue,High,Order Required,Local,Junior,Weekend,Morning,6.08,28500,"Fuel Injector, Timing Belt"
649,Suzuki WagonR,2016,155256,Transmission,Clutch Wear,TRA-196,Clutch Wear Issue,Low,In Stock,Authorized,Junior,Weekend,Morning,2.59,11600,"Gearbox Mount, Transmission Fluid Filter"
650,Honda Civic,2018,123857,Brake,ABS Fault,BRA-102,ABS Fault Issue,Medium,In Stock,Authorized,Senior,Weekday,Evening,3.72,20300,"Brake Caliper, Brake Fluid Hose"
651,Suzuki WagonR,2009,76777,Suspension,Steering Issue,SUS-930,Steering Issue Issue,Low,In Stock,Authorized,Junior,Weekday,Afternoon,2.39,14300,"Strut Mount, Shock Absorber"
652,Nissan Sunny,2011,163633,Suspension,Wheel Alignment,SUS-239,Wheel Alignment Issue,Medium,Order Required,Local,Expert,Weekend,Morning,3.2,11600,"Shock Absorber, Strut Mount"
653,Honda Fit,2015,175436,Suspension,Shock Absorber Wear,SUS-606,Shock Absorber Wear Issue,High,Order Required,Local,Senior,Weekend,Morning,5.76,27300,"Strut Mount, Shock Absorber"
654,Toyota Corolla,2016,38948,Electrical,Sensor Failure,ELE-256,Sensor Failure Issue,High,In Stock,Authorized,Senior,Weekday,Afternoon,6.18,21900,"Alternator, Wiring Harness"
655,Suzuki WagonR,2010,160996,Electrical,Battery Drain,ELE-926,Battery Drain Issue,High,In Stock,Authorized,Expert,Weekday,Evening,6.88,29000,"Battery, Wiring Harness"
656,Honda Civic,2014,136857,Brake,ABS Fault,BRA-102,ABS Fault Issue,Low,In Stock,Authorized,Junior,Weekend,Afternoon,2.17,9400,"Brake Pad, Brake Fluid Hose"
657,Toyota Prius,2020,175520,Brake,ABS Fault,BRA-102,ABS Fault Issue,High,Order Required,Local,Senior,Weekend,Morning,6.83,32400,"Brake Disc, Brake Pad"
658,Nissan Sunny,2012,39561,Engine,Overheating,ENG-450,Overheating Issue,Low,Order Required,Local,Senior,Weekday,Evening,2.02,12100,"Spark Plug, Engine Oil Filter"
659,Toyota Corolla,2013,101946,Brake,Brake Pad Wear,BRA-207,Brake Pad Wear Issue,Medium,Order Required,Local,Junior,Weekend,Morning,4.52,25900,"Brake Caliper, Brake Disc"
660,Toyota Corolla,2018,168553,Transmission,Clutch Wear,TRA-196,Clutch Wear Issue,Medium,Order Required,Local,Junior,Weekend,Afternoon,3.66,18400,"Gearbox Mount, Clutch Plate"
661,Nissan Sunny,2009,129032,Suspension,Steering Issue,SUS-930,Steering Issue Issue,High,Order Required,Local,Junior,Weekday,Evening,7.15,31600,"Control Arm, Strut Mount"
662,Toyota Corolla,2022,23084,Brake,Brake Fluid Leak,BRA-253,Brake Fluid Leak Issue,High,In Stock,Authorized,Expert,Weekend,Afternoon,6.89,35600,"Brake Pad, Brake Fluid Hose"
663,Honda Fit,2014,110562,Engine,Overheating,ENG-450,Overheating Issue,High,In Stock,Authorized,Senior,Weekend,Afternoon,5.75,30700,"Fuel Injector, Engine Oil Filter"
664,Nissan Sunny,2019,175833,Brake,Brake Pad Wear,BRA-207,Brake Pad Wear Issue,High,In Stock,Local,Junior,Weekday,Morning,7.16,41800,"Brake Disc, Brake Caliper"
665,Toyota Prius,2020,149519,Transmission,Gear Slip,TRA-571,Gear Slip Issue,High,Order Required,Local,Senior,Weekend,Afternoon,7.04,25300,"Gearbox Mount, Clutch Plate"
666,Honda Fit,2009,146436,Transmission,Fluid Leak,TRA-857,Fluid Leak Issue,Low,Order Required,Local,Expert,Weekday,Morning,1.38,6500,"Transmission Fluid Filter, Gearbox Mount"
667,Honda Civic,2013,52036,Engine,Overheating,ENG-450,Overheating Issue,High,In Stock,Local,Expert,Weekday,Afternoon,6.01,23000,"Engine Oil Filter, Spark Plug"
668,Honda Civic,2015,166451,Engine,Overheating,ENG-450,Overheating Issue,High,Order Required,Local,Expert,Weekend,Afternoon,7.42,43600,"Spark Plug, Engine Oil Filter"
669,Honda Civic,2009,161160,Engine,Misfire,ENG-847,Misfire Issue,High,Order Required,Authorized,Senior,Weekend,Morning,6.01,24300,"Timing Belt, Engine Oil Filter"
670,Toyota Prius,2015,136242,Suspension,Shock Absorber Wear,SUS-606,Shock Absorber Wear Issue,Medium,In Stock,Authorized,Senior,Weekend,Morning,4.04,16500,"Control Arm, Strut Mount"
671,Nissan Sunny,2012,140428,Transmission,Gear Slip,TRA-571,Gear Slip Issue,Medium,Order Required,Authorized,Expert,Weekend,Evening,4.23,21500,"Clutch Plate, Gearbox Mount"
672,Honda Fit,2015,143042,Engine,Oil Leak,ENG-170,Oil Leak Issue,Medium,Order Required,Local,Senior,Weekday,Morning,4.05,17600,"Spark Plug, Piston Ring"
673,Suzuki WagonR,2010,95164,Suspension,Shock Absorber Wear,SUS-606,Shock Absorber Wear Issue,Low,In Stock,Authorized,Expert,Weekend,Afternoon,2.56,13700,"Strut Mount, Shock Absorber"
674,Suzuki Alto,2019,40645,Electrical,Wiring Fault,ELE-831,Wiring Fault Issue,High,Order Required,Local,Junior,Weekend,Evening,6.73,38000,"Starter Motor, Alternator"
675,Honda Civic,2010,45450,Brake,Brake Fluid Leak,BRA-253,Brake Fluid Leak Issue,Low,In Stock,Authorized,Junior,Weekend,Afternoon,2.17,9900,"Brake Fluid Hose, Brake Pad"
676,Honda Fit,2011,101869,Brake,ABS Fault,BRA-102,ABS Fault Issue,High,Order Required,Local,Senior,Weekday,Afternoon,6.68,26000,"Brake Fluid Hose, Brake Pad"
677,Toyota Prius,2016,79493,Electrical,Alternator Failure,ELE-439,Alternator Failure Issue,Medium,In Stock,Local,Junior,Weekday,Morning,4.53,16600,"Wiring Harness, Battery"
678,Toyota Corolla,2012,84089,Suspension,Shock Absorber Wear,SUS-606,Shock Absorber Wear Issue,High,In Stock,Local,Senior,Weekend,Morning,5.5,29800,"Shock Absorber, Strut Mount"
679,Suzuki WagonR,2015,80574,Brake,Brake Fluid Leak,BRA-253,Brake Fluid Leak Issue,Low,In Stock,Local,Expert,Weekend,Evening,2.98,17200,"Brake Caliper, Brake Disc"
680,Honda Civic,2014,23301,Electrical,Battery Drain,ELE-926,Battery Drain Issue,Low,Order Required,Authorized,Expert,Weekday,Evening,1.77,6500,"Alternator, Battery"
681,Toyota Corolla,2012,103207,Engine,Overheating,ENG-450,Overheating Issue,High,In Stock,Authorized,Expert,Weekend,Evening,7.08,26500,"Engine Oil Filter, Timing Belt"
682,Honda Fit,2019,52800,Electrical,Battery Drain,ELE-926,Battery Drain Issue,Low,In Stock,Authorized,Expert,Weekday,Morning,2.9,14900,"Wiring Harness, Fuse"
683,Suzuki Alto,2008,174654,Brake,Brake Pad Wear,BRA-207,Brake Pad Wear Issue,Low,In Stock,Authorized,Junior,Weekend,Evening,1.43,5900,"Brake Fluid Hose, Brake Pad"
684,Suzuki WagonR,2018,156084,Brake,Brake Pad Wear,BRA-207,Brake Pad Wear Issue,High,Order Required,Local,Senior,Weekday,Morning,7.32,36400,"Brake Fluid Hose, Brake Disc"
685,Suzuki Alto,2019,162289,Brake,ABS Fault,BRA-102,ABS Fault Issue,High,In Stock,Authorized,Senior,Weekend,Morning,6.88,30200,"Brake Disc, Brake Pad"
686,Honda Fit,2008,68005,Suspension,Wheel Alignment,SUS-239,Wheel Alignment Issue,High,Order Required,Local,Expert,Weekday,Afternoon,5.86,34000,"Shock Absorber, Ball Joint"
687,Honda Fit,2019,92421,Electrical,Battery Drain,ELE-926,Battery Drain Issue,Medium,In Stock,Local,Junior,Weekend,Evening,4.3,21600,"Fuse, Alternator"
688,Suzuki Alto,2015,23510,Brake,Brake Fluid Leak,BRA-253,Brake Fluid Leak Issue,High,Order Required,Local,Junior,Weekday,Evening,7.25,25600,"Brake Pad, Brake Fluid Hose"
689,Suzuki Alto,2018,63344,Brake,ABS Fault,BRA-102,ABS Fault Issue,Medium,Order Required,Authorized,Senior,Weekday,Evening,4.89,28600,"Brake Caliper, Brake Pad"
690,Honda Fit,2010,72111,Transmission,Gear Slip,TRA-571,Gear Slip Issue,High,In Stock,Local,Expert,Weekday,Afternoon,6.04,29500,"Clutch Plate, Gearbox Mount"
691,Toyota Corolla,2016,127932,Electrical,Alternator Failure,ELE-439,Alternator Failure Issue,High,Order Required,Authorized,Senior,Weekend,Afternoon,5.75,26200,"Wiring Harness, Starter Motor"
692,Toyota Corolla,2009,98967,Suspension,Shock Absorber Wear,SUS-606,Shock Absorber Wear Issue,High,In Stock,Authorized,Senior,Weekday,Afternoon,6.13,22300,"Shock Absorber, Ball Joint"
693,Toyota Prius,2022,43408,Transmission,Fluid Leak,TRA-857,Fluid Leak Issue,Low,In Stock,Local,Junior,Weekend,Morning,2.48,13300,"Gearbox Mount, Transmission Fluid Filter"
694,Suzuki WagonR,2013,34778,Suspension,Shock Absorber Wear,SUS-606,Shock Absorber Wear Issue,Low,In Stock,Local,Expert,Weekday,Afternoon,2.37,9700,"Control Arm, Ball Joint"
695,Nissan Sunny,2014,126024,Suspension,Wheel Alignment,SUS-239,Wheel Alignment Issue,High,Order Required,Authorized,Senior,Weekday,Morning,5.57,25400,"Strut Mount, Shock Absorber"
696,Honda Fit,2014,147260,Transmission,Fluid Leak,TRA-857,Fluid Leak Issue,High,In Stock,Authorized,Junior,Weekend,Morning,6.28,28600,"Gearbox Mount, Clutch Plate"
697,Nissan Sunny,2016,143952,Engine,Timing Issue,ENG-522,Timing Issue Issue,Low,In Stock,Authorized,Expert,Weekend,Afternoon,2.38,8500,"Engine Oil Filter, Spark Plug"
698,Suzuki Alto,2008,133850,Suspension,Steering Issue,SUS-930,Steering Issue Issue,High,In Stock,Local,Senior,Weekend,Morning,5.58,29700,"Ball Joint, Strut Mount"
699,Honda Civic,2011,122469,Brake,Brake Fluid Leak,BRA-253,Brake Fluid Leak Issue,Medium,Order Required,Authorized,Junior,Weekday,Afternoon,4.16,23300,"Brake Fluid Hose, Brake Disc"
700,Honda Fit,2010,67490,Brake,Brake Pad Wear,BRA-207,Brake Pad Wear Issue,Low,Order Required,Local,Junior,Weekday,Evening,1.25,6400,"Brake Pad, Brake Caliper"
701,Honda Civic,2014,162021,Electrical,Wiring Fault,ELE-831,Wiring Fault Issue,Low,Order Required,Authorized,Junior,Weekday,Morning,2.86,11200,"Wiring Harness, Fuse"
702,Honda Fit,2008,108777,Suspension,Shock Absorber Wear,SUS-606,Shock Absorber Wear Issue,High,Order Required,Authorized,Senior,Weekday,Evening,6.53,30300,"Ball Joint, Control Arm"
703,Suzuki WagonR,2011,118330,Suspension,Wheel Alignment,SUS-239,Wheel Alignment Issue,High,In Stock,Authorized,Expert,Weekday,Morning,5.86,34000,"Shock Absorber, Ball Joint"
704,Nissan Sunny,2009,80917,Brake,Brake Pad Wear,BRA-207,Brake Pad Wear Issue,Medium,In Stock,Authorized,Junior,Weekend,Evening,4.47,21200,"Brake Caliper, Brake Fluid Hose"
705,Honda Fit,2010,93464,Electrical,Alternator Failure,ELE-439,Alternator Failure Issue,High,Order Required,Local,Junior,Weekend,Evening,5.82,28500,"Battery, Starter Motor"
706,Suzuki WagonR,2009,126432,Suspension,Shock Absorber Wear,SUS-606,Shock Absorber Wear Issue,Medium,In Stock,Local,Expert,Weekend,Morning,3.32,15100,"Shock Absorber, Strut Mount"
707,Honda Fit,2008,98932,Brake,ABS Fault,BRA-102,ABS Fault Issue,Low,In Stock,Authorized,Junior,Weekday,Evening,2.65,15100,"Brake Disc, Brake Caliper"
708,Suzuki Alto,2008,52083,Electrical,Sensor Failure,ELE-256,Sensor Failure Issue,High,In Stock,Local,Expert,Weekend,Evening,7.0,33600,"Battery, Starter Motor"
709,Honda Fit,2014,166327,Engine,Oil Leak,ENG-170,Oil Leak Issue,High,Order Required,Local,Senior,Weekday,Afternoon,7.26,36600,"Engine Oil Filter, Timing Belt"
710,Nissan Sunny,2021,60188,Transmission,Fluid Leak,TRA-857,Fluid Leak Issue,Medium,In Stock,Local,Expert,Weekend,Morning,4.52,24400,"Gearbox Mount, Clutch Plate"
711,Honda Fit,2016,46322,Suspension,Shock Absorber Wear,SUS-606,Shock Absorber Wear Issue,High,In Stock,Local,Junior,Weekday,Morning,5.87,31600,"Shock Absorber, Control Arm"
712,Toyota Prius,2020,59238,Suspension,Steering Issue,SUS-930,Steering Issue Issue,High,Order Required,Local,Senior,Weekend,Evening,5.66,30600,"Ball Joint, Strut Mount"
713,Suzuki WagonR,2015,40884,Engine,Overheating,ENG-450,Overheating Issue,High,In Stock,Authorized,Senior,Weekday,Afternoon,6.8,24100,"Engine Oil Filter, Timing Belt"
714,Toyota Prius,2014,70802,Engine,Timing Issue,ENG-522,Timing Issue Issue,Medium,Order Required,Local,Senior,Weekend,Morning,3.41,16700,"Fuel Injector, Engine Oil Filter"
715,Toyota Prius,2011,36486,Brake,ABS Fault,BRA-102,ABS Fault Issue,Medium,Order Required,Authorized,Junior,Weekend,Morning,3.32,15100,"Brake Caliper, Brake Fluid Hose"
716,Toyota Corolla,2010,35680,Electrical,Wiring Fault,ELE-831,Wiring Fault Issue,Medium,Order Required,Local,Expert,Weekday,Evening,4.5,21100,"Wiring Harness, Fuse"
717,Toyota Prius,2011,34076,Suspension,Steering Issue,SUS-930,Steering Issue Issue,Medium,In Stock,Authorized,Expert,Weekday,Afternoon,3.4,13200,"Control Arm, Strut Mount"
718,Toyota Prius,2014,143051,Engine,Oil Leak,ENG-170,Oil Leak Issue,Low,In Stock,Authorized,Senior,Weekend,Afternoon,1.39,6700,"Fuel Injector, Piston Ring"
719,Honda Fit,2009,179913,Engine,Overheating,ENG-450,Overheating Issue,High,In Stock,Authorized,Senior,Weekend,Evening,7.2,31700,"Fuel Injector, Piston Ring"
720,Toyota Prius,2019,99563,Suspension,Wheel Alignment,SUS-239,Wheel Alignment Issue,Low,In Stock,Authorized,Expert,Weekday,Afternoon,1.82,8500,"Control Arm, Strut Mount"
721,Suzuki WagonR,2020,25657,Electrical,Alternator Failure,ELE-439,Alternator Failure Issue,High,Order Required,Authorized,Senior,Weekend,Evening,7.05,26400,"Battery, Fuse"
722,Honda Fit,2022,95476,Engine,Overheating,ENG-450,Overheating Issue,Low,In Stock,Local,Senior,Weekend,Afternoon,1.29,7300,"Timing Belt, Piston Ring"
723,Toyota Corolla,2021,85454,Electrical,Alternator Failure,ELE-439,Alternator Failure Issue,Low,Order Required,Authorized,Senior,Weekday,Morning,2.96,15100,"Alternator, Wiring Harness"
724,Honda Civic,2009,44876,Electrical,Battery Drain,ELE-926,Battery Drain Issue,Low,In Stock,Authorized,Expert,Weekend,Morning,1.77,8100,"Fuse, Starter Motor"
725,Toyota Corolla,2017,144851,Suspension,Steering Issue,SUS-930,Steering Issue Issue,Medium,In Stock,Authorized,Senior,Weekday,Morning,4.39,17100,"Ball Joint, Shock Absorber"
726,Suzuki WagonR,2015,32771,Brake,Brake Pad Wear,BRA-207,Brake Pad Wear Issue,Medium,Order Required,Authorized,Senior,Weekday,Afternoon,3.33,18600,"Brake Pad, Brake Caliper"
727,Toyota Corolla,2021,142527,Transmission,Fluid Leak,TRA-857,Fluid Leak Issue,High,Order Required,Local,Senior,Weekday,Evening,6.28,22200,"Clutch Plate, Transmission Fluid Filter"
728,Honda Civic,2018,177348,Engine,Oil Leak,ENG-170,Oil Leak Issue,High,In Stock,Local,Junior,Weekend,Evening,7.04,26100,"Engine Oil Filter, Piston Ring"
729,Suzuki WagonR,2013,125158,Electrical,Alternator Failure,ELE-439,Alternator Failure Issue,Medium,Order Required,Local,Expert,Weekend,Afternoon,3.82,16900,"Battery, Wiring Harness"
730,Suzuki Alto,2012,34756,Brake,Brake Fluid Leak,BRA-253,Brake Fluid Leak Issue,Low,In Stock,Authorized,Senior,Weekday,Afternoon,1.55,6800,"Brake Disc, Brake Caliper"
731,Toyota Corolla,2019,103045,Suspension,Steering Issue,SUS-930,Steering Issue Issue,Low,Order Required,Local,Expert,Weekday,Morning,2.08,7600,"Strut Mount, Ball Joint"
732,Nissan Sunny,2016,66214,Electrical,Alternator Failure,ELE-439,Alternator Failure Issue,Low,In Stock,Authorized,Expert,Weekend,Evening,1.98,11500,"Battery, Wiring Harness"
733,Suzuki WagonR,2016,159030,Brake,Brake Fluid Leak,BRA-253,Brake Fluid Leak Issue,High,Order Required,Authorized,Expert,Weekend,Morning,6.87,30400,"Brake Fluid Hose, Brake Caliper"
734,Suzuki Alto,2020,126069,Electrical,Alternator Failure,ELE-439,Alternator Failure Issue,Medium,Order Required,Authorized,Senior,Weekday,Morning,4.02,24000,"Battery, Fuse"
735,Honda Civic,2016,70591,Engine,Oil Leak,ENG-170,Oil Leak Issue,High,In Stock,Authorized,Junior,Weekday,Afternoon,7.02,33000,"Piston Ring, Timing Belt"
736,Honda Civic,2008,65998,Electrical,Battery Drain,ELE-926,Battery Drain Issue,Medium,Order Required,Local,Junior,Weekday,Evening,4.27,19700,"Fuse, Alternator"
737,Suzuki Alto,2008,72950,Electrical,Battery Drain,ELE-926,Battery Drain Issue,High,In Stock,Local,Expert,Weekend,Morning,5.61,24000,"Starter Motor, Fuse"
738,Suzuki Alto,2018,102015,Brake,Brake Pad Wear,BRA-207,Brake Pad Wear Issue,High,In Stock,Local,Junior,Weekend,Morning,7.01,36700,"Brake Caliper, Brake Fluid Hose"
739,Suzuki WagonR,2010,123988,Brake,Brake Fluid Leak,BRA-253,Brake Fluid Leak Issue,Low,In Stock,Authorized,Expert,Weekend,Morning,1.68,6500,"Brake Pad, Brake Caliper"
740,Honda Fit,2019,125433,Brake,Brake Pad Wear,BRA-207,Brake Pad Wear Issue,Medium,Order Required,Authorized,Expert,Weekday,Morning,3.57,13300,"Brake Disc, Brake Caliper"
741,Honda Civic,2016,179084,Transmission,Clutch Wear,TRA-196,Clutch Wear Issue,Low,In Stock,Local,Expert,Weekday,Evening,2.37,9000,"Transmission Fluid Filter, Gearbox Mount"
742,Toyota Prius,2016,30852,Suspension,Steering Issue,SUS-930,Steering Issue Issue,Medium,In Stock,Local,Senior,Weekend,Afternoon,3.1,12300,"Control Arm, Shock Absorber"
743,Honda Fit,2011,28762,Electrical,Sensor Failure,ELE-256,Sensor Failure Issue,Medium,Order Required,Authorized,Senior,Weekend,Afternoon,4.27,22900,"Battery, Alternator"
744,Honda Civic,2016,83102,Transmission,Fluid Leak,TRA-857,Fluid Leak Issue,Low,Order Required,Authorized,Junior,Weekday,Evening,2.77,12000,"Gearbox Mount, Clutch Plate"
745,Honda Fit,2014,78738,Electrical,Battery Drain,ELE-926,Battery Drain Issue,Low,In Stock,Local,Junior,Weekday,Morning,1.17,5700,"Battery, Alternator"
746,Suzuki Alto,2017,82467,Engine,Oil Leak,ENG-170,Oil Leak Issue,Low,Order Required,Authorized,Senior,Weekday,Afternoon,1.36,7300,"Spark Plug, Piston Ring"
747,Nissan Sunny,2013,151435,Engine,Overheating,ENG-450,Overheating Issue,Low,In Stock,Local,Senior,Weekday,Evening,2.66,11200,"Spark Plug, Timing Belt"
748,Toyota Prius,2015,104404,Brake,Brake Fluid Leak,BRA-253,Brake Fluid Leak Issue,Medium,In Stock,Authorized,Expert,Weekday,Evening,3.29,17700,"Brake Pad, Brake Fluid Hose"
749,Toyota Corolla,2016,179324,Engine,Misfire,ENG-847,Misfire Issue,Medium,In Stock,Local,Expert,Weekend,Morning,3.07,17600,"Piston Ring, Fuel Injector"
750,Honda Civic,2018,114467,Suspension,Shock Absorber Wear,SUS-606,Shock Absorber Wear Issue,Medium,Order Required,Authorized,Expert,Weekday,Afternoon,4.54,22500,"Strut Mount, Control Arm"
751,Honda Civic,2017,74644,Brake,Brake Pad Wear,BRA-207,Brake Pad Wear Issue,Low,Order Required,Authorized,Junior,Weekend,Evening,2.58,13400,"Brake Fluid Hose, Brake Disc"
752,Toyota Corolla,2011,40186,Electrical,Battery Drain,ELE-926,Battery Drain Issue,High,Order Required,Authorized,Junior,Weekday,Evening,7.45,43100,"Wiring Harness, Fuse"
753,Toyota Corolla,2017,48422,Engine,Timing Issue,ENG-522,Timing Issue Issue,Medium,Order Required,Authorized,Senior,Weekday,Morning,3.34,13500,"Spark Plug, Piston Ring"
754,Honda Civic,2022,115214,Suspension,Wheel Alignment,SUS-239,Wheel Alignment Issue,High,In Stock,Authorized,Senior,Weekend,Evening,6.87,34800,"Strut Mount, Ball Joint"
755,Nissan Sunny,2019,165945,Suspension,Shock Absorber Wear,SUS-606,Shock Absorber Wear Issue,Medium,In Stock,Local,Expert,Weekday,Morning,3.81,16900,"Ball Joint, Shock Absorber"
756,Toyota Prius,2011,137890,Electrical,Sensor Failure,ELE-256,Sensor Failure Issue,High,In Stock,Local,Expert,Weekday,Evening,5.93,27000,"Battery, Fuse"
757,Honda Civic,2008,99265,Suspension,Steering Issue,SUS-930,Steering Issue Issue,High,In Stock,Local,Senior,Weekend,Afternoon,5.65,33200,"Ball Joint, Strut Mount"
758,Honda Fit,2017,64354,Brake,Brake Fluid Leak,BRA-253,Brake Fluid Leak Issue,Medium,In Stock,Local,Senior,Weekday,Evening,4.6,25200,"Brake Caliper, Brake Fluid Hose"
759,Suzuki Alto,2009,39272,Transmission,Clutch Wear,TRA-196,Clutch Wear Issue,Low,In Stock,Authorized,Expert,Weekend,Afternoon,1.74,6200,"Transmission Fluid Filter, Clutch Plate"
760,Honda Fit,2021,52395,Transmission,Clutch Wear,TRA-196,Clutch Wear Issue,High,Order Required,Authorized,Junior,Weekend,Evening,6.73,30600,"Transmission Fluid Filter, Clutch Plate"
761,Suzuki WagonR,2022,74720,Brake,Brake Fluid Leak,BRA-253,Brake Fluid Leak Issue,Medium,Order Required,Local,Expert,Weekday,Afternoon,4.02,14800,"Brake Pad, Brake Fluid Hose"
762,Honda Fit,2015,152504,Electrical,Alternator Failure,ELE-439,Alternator Failure Issue,Medium,In Stock,Authorized,Expert,Weekday,Evening,3.99,21100,"Battery, Wiring Harness"
763,Honda Fit,2009,123021,Brake,Brake Pad Wear,BRA-207,Brake Pad Wear Issue,Low,Order Required,Local,Senior,Weekday,Evening,2.7,15100,"Brake Fluid Hose, Brake Caliper"
764,Suzuki Alto,2015,107915,Suspension,Wheel Alignment,SUS-239,Wheel Alignment Issue,Low,In Stock,Authorized,Junior,Weekday,Evening,2.0,8900,"Strut Mount, Ball Joint"
765,Suzuki WagonR,2016,101029,Suspension,Shock Absorber Wear,SUS-606,Shock Absorber Wear Issue,High,In Stock,Local,Junior,Weekday,Afternoon,7.03,26000,"Control Arm, Ball Joint"
766,Honda Civic,2021,93378,Engine,Oil Leak,ENG-170,Oil Leak Issue,Low,In Stock,Authorized,Junior,Weekend,Morning,1.89,9800,"Spark Plug, Fuel Injector"
767,Suzuki WagonR,2010,53111,Brake,Brake Fluid Leak,BRA-253,Brake Fluid Leak Issue,Low,In Stock,Authorized,Expert,Weekend,Evening,2.55,9000,"Brake Pad, Brake Fluid Hose"
768,Suzuki WagonR,2020,159339,Engine,Overheating,ENG-450,Overheating Issue,Low,Order Required,Local,Junior,Weekend,Afternoon,2.05,10200,"Engine Oil Filter, Spark Plug"
769,Nissan Sunny,2012,115806,Brake,Brake Fluid Leak,BRA-253,Brake Fluid Leak Issue,Medium,In Stock,Authorized,Expert,Weekend,Afternoon,3.12,12900,"Brake Fluid Hose, Brake Caliper"
770,Nissan Sunny,2017,166490,Electrical,Battery Drain,ELE-926,Battery Drain Issue,Medium,In Stock,Authorized,Senior,Weekday,Morning,4.83,18800,"Wiring Harness, Starter Motor"
771,Honda Fit,2013,159488,Brake,Brake Pad Wear,BRA-207,Brake Pad Wear Issue,Medium,Order Required,Local,Senior,Weekend,Morning,4.85,24400,"Brake Fluid Hose, Brake Disc"
772,Suzuki WagonR,2015,51276,Electrical,Sensor Failure,ELE-256,Sensor Failure Issue,Medium,Order Required,Authorized,Expert,Weekend,Evening,4.92,28700,"Fuse, Battery"
773,Toyota Prius,2010,146736,Electrical,Battery Drain,ELE-926,Battery Drain Issue,High,Order Required,Authorized,Expert,Weekend,Evening,6.49,24600,"Fuse, Alternator"
774,Honda Civic,2021,99656,Suspension,Shock Absorber Wear,SUS-606,Shock Absorber Wear Issue,Medium,In Stock,Authorized,Junior,Weekend,Evening,3.66,21900,"Control Arm, Ball Joint"
775,Nissan Sunny,2015,70252,Suspension,Wheel Alignment,SUS-239,Wheel Alignment Issue,Medium,Order Required,Authorized,Expert,Weekday,Evening,3.63,15800,"Shock Absorber, Strut Mount"
776,Suzuki WagonR,2010,25253,Engine,Oil Leak,ENG-170,Oil Leak Issue,High,In Stock,Authorized,Expert,Weekday,Afternoon,7.2,28900,"Fuel Injector, Engine Oil Filter"
777,Toyota Corolla,2011,86742,Suspension,Steering Issue,SUS-930,Steering Issue Issue,High,In Stock,Local,Junior,Weekend,Afternoon,5.85,28000,"Control Arm, Strut Mount"
778,Honda Civic,2019,115466,Engine,Overheating,ENG-450,Overheating Issue,Low,In Stock,Local,Senior,Weekend,Morning,2.83,16600,"Timing Belt, Spark Plug"
779,Toyota Prius,2008,116418,Suspension,Shock Absorber Wear,SUS-606,Shock Absorber Wear Issue,Low,In Stock,Authorized,Senior,Weekday,Morning,2.03,10100,"Control Arm, Strut Mount"
780,Suzuki WagonR,2018,162160,Engine,Overheating,ENG-450,Overheating Issue,Medium,In Stock,Authorized,Junior,Weekend,Afternoon,4.93,26000,"Engine Oil Filter, Timing Belt"
781,Toyota Corolla,2019,41957,Engine,Overheating,ENG-450,Overheating Issue,Medium,In Stock,Local,Junior,Weekday,Morning,4.93,28600,"Spark Plug, Timing Belt"
782,Nissan Sunny,2009,134037,Suspension,Steering Issue,SUS-930,Steering Issue Issue,Low,In Stock,Local,Expert,Weekday,Afternoon,2.74,14400,"Strut Mount, Ball Joint"
783,Suzuki Alto,2016,177864,Suspension,Wheel Alignment,SUS-239,Wheel Alignment Issue,High,Order Required,Local,Junior,Weekend,Morning,6.85,36200,"Control Arm, Strut Mount"
784,Suzuki WagonR,2009,28382,Electrical,Sensor Failure,ELE-256,Sensor Failure Issue,Medium,In Stock,Local,Expert,Weekend,Morning,4.93,19400,"Starter Motor, Wiring Harness"
785,Toyota Corolla,2014,102899,Transmission,Gear Slip,TRA-571,Gear Slip Issue,High,Order Required,Authorized,Expert,Weekend,Afternoon,6.82,40800,"Clutch Plate, Gearbox Mount"
786,Nissan Sunny,2011,110080,Brake,Brake Pad Wear,BRA-207,Brake Pad Wear Issue,Low,In Stock,Authorized,Junior,Weekday,Afternoon,1.32,5500,"Brake Caliper, Brake Fluid Hose"
787,Toyota Corolla,2010,157087,Brake,ABS Fault,BRA-102,ABS Fault Issue,High,In Stock,Local,Expert,Weekend,Evening,6.55,38400,"Brake Pad, Brake Fluid Hose"
788,Honda Civic,2020,90782,Engine,Timing Issue,ENG-522,Timing Issue Issue,Low,Order Required,Local,Junior,Weekday,Evening,2.7,14500,"Timing Belt, Spark Plug"
789,Toyota Corolla,2016,38296,Brake,ABS Fault,BRA-102,ABS Fault Issue,Medium,In Stock,Local,Junior,Weekend,Evening,4.03,16400,"Brake Disc, Brake Pad"
790,Suzuki Alto,2009,125044,Brake,ABS Fault,BRA-102,ABS Fault Issue,High,Order Required,Authorized,Expert,Weekend,Evening,7.38,30100,"Brake Pad, Brake Disc"
791,Toyota Corolla,2016,116866,Electrical,Wiring Fault,ELE-831,Wiring Fault Issue,Low,Order Required,Local,Expert,Weekend,Morning,1.3,6300,"Alternator, Battery"
792,Suzuki Alto,2012,37911,Transmission,Gear Slip,TRA-571,Gear Slip Issue,Low,In Stock,Local,Junior,Weekday,Morning,2.4,12700,"Transmission Fluid Filter, Gearbox Mount"
793,Honda Civic,2008,152231,Electrical,Wiring Fault,ELE-831,Wiring Fault Issue,Low,In Stock,Local,Junior,Weekday,Afternoon,2.37,10000,"Starter Motor, Wiring Harness"
794,Honda Civic,2010,88962,Suspension,Steering Issue,SUS-930,Steering Issue Issue,Low,In Stock,Local,Junior,Weekend,Evening,1.03,6100,"Control Arm, Ball Joint"
795,Toyota Corolla,2013,121148,Engine,Overheating,ENG-450,Overheating Issue,High,In Stock,Authorized,Expert,Weekend,Morning,6.77,34000,"Piston Ring, Engine Oil Filter"
796,Toyota Prius,2013,60180,Brake,Brake Fluid Leak,BRA-253,Brake Fluid Leak Issue,High,In Stock,Local,Junior,Weekend,Morning,6.51,33300,"Brake Disc, Brake Fluid Hose"
797,Nissan Sunny,2012,116133,Electrical,Wiring Fault,ELE-831,Wiring Fault Issue,Low,Order Required,Local,Senior,Weekend,Morning,2.69,12000,"Wiring Harness, Battery"
798,Toyota Corolla,2010,154964,Engine,Oil Leak,ENG-170,Oil Leak Issue,Medium,Order Required,Local,Expert,Weekend,Evening,4.51,21400,"Piston Ring, Fuel Injector"
799,Suzuki Alto,2021,104019,Transmission,Clutch Wear,TRA-196,Clutch Wear Issue,Low,Order Required,Local,Expert,Weekend,Morning,1.78,9800,"Gearbox Mount, Clutch Plate"
800,Honda Civic,2017,167493,Electrical,Wiring Fault,ELE-831,Wiring Fault Issue,High,Order Required,Authorized,Junior,Weekday,Morning,5.97,31900,"Starter Motor, Battery"
801,Suzuki Alto,2017,56424,Suspension,Shock Absorber Wear,SUS-606,Shock Absorber Wear Issue,Medium,Order Required,Local,Expert,Weekday,Evening,3.89,14400,"Control Arm, Shock Absorber"
802,Honda Fit,2022,114783,Engine,Overheating,ENG-450,Overheating Issue,High,Order Required,Authorized,Expert,Weekend,Afternoon,6.66,36200,"Piston Ring, Engine Oil Filter"
803,Honda Civic,2022,96013,Transmission,Clutch Wear,TRA-196,Clutch Wear Issue,Medium,In Stock,Authorized,Expert,Weekend,Afternoon,3.22,18200,"Gearbox Mount, Transmission Fluid Filter"
804,Honda Civic,2011,84895,Transmission,Gear Slip,TRA-571,Gear Slip Issue,High,In Stock,Local,Junior,Weekday,Morning,5.92,34900,"Transmission Fluid Filter, Clutch Plate"
805,Honda Civic,2014,118561,Electrical,Alternator Failure,ELE-439,Alternator Failure Issue,Low,In Stock,Local,Junior,Weekend,Afternoon,2.69,13100,"Wiring Harness, Starter Motor"
806,Nissan Sunny,2020,47656,Transmission,Gear Slip,TRA-571,Gear Slip Issue,Low,In Stock,Authorized,Expert,Weekend,Evening,1.88,11000,"Gearbox Mount, Clutch Plate"
807,Honda Civic,2014,117367,Electrical,Alternator Failure,ELE-439,Alternator Failure Issue,High,In Stock,Authorized,Senior,Weekday,Evening,6.11,27900,"Wiring Harness, Alternator"
808,Toyota Corolla,2020,165508,Suspension,Steering Issue,SUS-930,Steering Issue Issue,Medium,In Stock,Local,Senior,Weekday,Evening,3.84,22900,"Ball Joint, Shock Absorber"
809,Toyota Corolla,2021,175525,Transmission,Gear Slip,TRA-571,Gear Slip Issue,High,Order Required,Authorized,Senior,Weekend,Morning,5.84,32600,"Gearbox Mount, Transmission Fluid Filter"
810,Honda Civic,2008,129265,Brake,Brake Pad Wear,BRA-207,Brake Pad Wear Issue,Low,Order Required,Authorized,Expert,Weekend,Afternoon,2.04,11200,"Brake Fluid Hose, Brake Caliper"
811,Suzuki Alto,2019,63049,Suspension,Wheel Alignment,SUS-239,Wheel Alignment Issue,High,In Stock,Local,Junior,Weekend,Evening,7.3,35400,"Strut Mount, Shock Absorber"
812,Toyota Prius,2011,37112,Suspension,Steering Issue,SUS-930,Steering Issue Issue,Low,Order Required,Authorized,Junior,Weekend,Evening,1.82,7400,"Shock Absorber, Control Arm"
813,Honda Civic,2022,51296,Suspension,Wheel Alignment,SUS-239,Wheel Alignment Issue,Medium,In Stock,Authorized,Junior,Weekend,Afternoon,4.67,19500,"Strut Mount, Ball Joint"
814,Toyota Corolla,2021,56303,Brake,Brake Pad Wear,BRA-207,Brake Pad Wear Issue,High,In Stock,Local,Senior,Weekday,Evening,6.79,39600,"Brake Fluid Hose, Brake Caliper"
815,Nissan Sunny,2009,138520,Engine,Overheating,ENG-450,Overheating Issue,Medium,Order Required,Authorized,Senior,Weekend,Evening,4.76,19700,"Timing Belt, Piston Ring"
816,Honda Fit,2013,82210,Transmission,Fluid Leak,TRA-857,Fluid Leak Issue,Low,Order Required,Authorized,Senior,Weekday,Morning,1.2,5500,"Transmission Fluid Filter, Gearbox Mount"
817,Honda Civic,2012,81970,Engine,Timing Issue,ENG-522,Timing Issue Issue,Low,Order Required,Authorized,Expert,Weekday,Afternoon,2.83,13600,"Piston Ring, Engine Oil Filter"
818,Toyota Prius,2021,46376,Transmission,Gear Slip,TRA-571,Gear Slip Issue,Medium,Order Required,Authorized,Senior,Weekend,Afternoon,4.39,23600,"Clutch Plate, Transmission Fluid Filter"
819,Toyota Corolla,2016,97619,Transmission,Clutch Wear,TRA-196,Clutch Wear Issue,High,Order Required,Authorized,Senior,Weekday,Morning,6.02,27300,"Gearbox Mount, Transmission Fluid Filter"
820,Toyota Prius,2015,116105,Engine,Oil Leak,ENG-170,Oil Leak Issue,High,Order Required,Authorized,Senior,Weekend,Evening,7.25,29300,"Fuel Injector, Piston Ring"
821,Honda Fit,2020,96573,Brake,ABS Fault,BRA-102,ABS Fault Issue,High,In Stock,Authorized,Expert,Weekend,Afternoon,7.18,32700,"Brake Pad, Brake Disc"
822,Honda Fit,2020,113968,Suspension,Wheel Alignment,SUS-239,Wheel Alignment Issue,High,Order Required,Local,Senior,Weekday,Morning,6.56,31300,"Ball Joint, Control Arm"
823,Toyota Corolla,2012,169742,Engine,Oil Leak,ENG-170,Oil Leak Issue,High,In Stock,Local,Expert,Weekend,Morning,6.71,29100,"Piston Ring, Engine Oil Filter"
824,Toyota Corolla,2018,131134,Transmission,Fluid Leak,TRA-857,Fluid Leak Issue,High,In Stock,Authorized,Junior,Weekday,Morning,6.96,38700,"Clutch Plate, Transmission Fluid Filter"
825,Nissan Sunny,2019,158940,Electrical,Sensor Failure,ELE-256,Sensor Failure Issue,Low,Order Required,Authorized,Junior,Weekday,Afternoon,1.45,6300,"Battery, Fuse"
826,Honda Civic,2017,105994,Brake,ABS Fault,BRA-102,ABS Fault Issue,High,Order Required,Local,Expert,Weekend,Evening,6.5,33700,"Brake Caliper, Brake Disc"
827,Honda Fit,2020,148213,Engine,Oil Leak,ENG-170,Oil Leak Issue,Medium,Order Required,Local,Senior,Weekend,Afternoon,4.25,20100,"Spark Plug, Fuel Injector"
828,Suzuki Alto,2020,109785,Transmission,Fluid Leak,TRA-857,Fluid Leak Issue,Medium,In Stock,Local,Junior,Weekend,Afternoon,4.13,19300,"Clutch Plate, Transmission Fluid Filter"
829,Honda Civic,2022,145940,Brake,Brake Fluid Leak,BRA-253,Brake Fluid Leak Issue,Low,Order Required,Authorized,Senior,Weekday,Morning,1.72,7100,"Brake Fluid Hose, Brake Disc"
830,Honda Fit,2011,42333,Transmission,Gear Slip,TRA-571,Gear Slip Issue,High,Order Required,Authorized,Senior,Weekday,Morning,7.21,38900,"Clutch Plate, Gearbox Mount"
831,Toyota Prius,2013,153929,Suspension,Shock Absorber Wear,SUS-606,Shock Absorber Wear Issue,High,In Stock,Authorized,Junior,Weekend,Evening,6.41,33700,"Strut Mount, Ball Joint"
832,Nissan Sunny,2020,81935,Transmission,Fluid Leak,TRA-857,Fluid Leak Issue,Medium,In Stock,Local,Junior,Weekend,Afternoon,4.22,21400,"Gearbox Mount, Clutch Plate"
833,Honda Fit,2017,78327,Transmission,Clutch Wear,TRA-196,Clutch Wear Issue,Low,Order Required,Authorized,Junior,Weekday,Morning,1.84,10700,"Clutch Plate, Gearbox Mount"
834,Suzuki Alto,2018,141184,Electrical,Alternator Failure,ELE-439,Alternator Failure Issue,Low,In Stock,Local,Expert,Weekday,Evening,2.01,8600,"Starter Motor, Battery"
835,Honda Fit,2016,55448,Engine,Overheating,ENG-450,Overheating Issue,Low,Order Required,Authorized,Junior,Weekday,Morning,2.59,14400,"Fuel Injector, Spark Plug"
836,Suzuki Alto,2020,21483,Engine,Timing Issue,ENG-522,Timing Issue Issue,Low,Order Required,Local,Expert,Weekday,Evening,1.23,4700,"Spark Plug, Engine Oil Filter"
837,Toyota Corolla,2020,160710,Suspension,Shock Absorber Wear,SUS-606,Shock Absorber Wear Issue,Low,In Stock,Local,Expert,Weekend,Afternoon,2.65,9500,"Control Arm, Shock Absorber"
838,Honda Civic,2011,82450,Electrical,Wiring Fault,ELE-831,Wiring Fault Issue,Low,In Stock,Authorized,Expert,Weekend,Morning,1.2,4900,"Alternator, Battery"
839,Honda Civic,2013,156193,Transmission,Gear Slip,TRA-571,Gear Slip Issue,Medium,Order Required,Local,Junior,Weekday,Evening,3.27,14700,"Gearbox Mount, Clutch Plate"
840,Suzuki WagonR,2008,154819,Brake,Brake Pad Wear,BRA-207,Brake Pad Wear Issue,Low,Order Required,Local,Expert,Weekday,Evening,2.88,13400,"Brake Fluid Hose, Brake Disc"
841,Honda Fit,2011,63134,Brake,Brake Fluid Leak,BRA-253,Brake Fluid Leak Issue,High,In Stock,Local,Expert,Weekend,Afternoon,6.03,24800,"Brake Pad, Brake Fluid Hose"
842,Honda Civic,2016,70439,Electrical,Battery Drain,ELE-926,Battery Drain Issue,Low,In Stock,Authorized,Junior,Weekend,Afternoon,2.66,16000,"Alternator, Fuse"
843,Suzuki WagonR,2011,127481,Engine,Misfire,ENG-847,Misfire Issue,Medium,Order Required,Local,Senior,Weekend,Evening,4.27,25300,"Engine Oil Filter, Spark Plug"
844,Nissan Sunny,2013,78848,Electrical,Alternator Failure,ELE-439,Alternator Failure Issue,Low,Order Required,Authorized,Expert,Weekend,Evening,1.07,4900,"Starter Motor, Battery"
845,Nissan Sunny,2016,179679,Suspension,Steering Issue,SUS-930,Steering Issue Issue,Medium,Order Required,Authorized,Junior,Weekend,Morning,4.58,23900,"Shock Absorber, Strut Mount"
846,Suzuki WagonR,2015,177991,Transmission,Gear Slip,TRA-571,Gear Slip Issue,Medium,Order Required,Local,Senior,Weekend,Evening,3.37,14500,"Transmission Fluid Filter, Clutch Plate"
847,Honda Fit,2010,20798,Brake,Brake Pad Wear,BRA-207,Brake Pad Wear Issue,Low,In Stock,Authorized,Expert,Weekday,Morning,1.54,8300,"Brake Fluid Hose, Brake Pad"
848,Honda Fit,2015,119993,Electrical,Wiring Fault,ELE-831,Wiring Fault Issue,Low,In Stock,Authorized,Junior,Weekend,Afternoon,2.44,14400,"Wiring Harness, Fuse"
849,Suzuki Alto,2012,137310,Engine,Overheating,ENG-450,Overheating Issue,Low,Order Required,Local,Senior,Weekday,Morning,1.15,6200,"Spark Plug, Engine Oil Filter"
850,Toyota Prius,2014,168785,Electrical,Alternator Failure,ELE-439,Alternator Failure Issue,High,Order Required,Authorized,Junior,Weekday,Evening,6.44,38100,"Starter Motor, Alternator"
851,Honda Fit,2018,49146,Suspension,Shock Absorber Wear,SUS-606,Shock Absorber Wear Issue,High,Order Required,Local,Senior,Weekend,Evening,6.2,35000,"Shock Absorber, Strut Mount"
852,Suzuki Alto,2015,121451,Transmission,Gear Slip,TRA-571,Gear Slip Issue,Low,Order Required,Local,Senior,Weekday,Afternoon,2.27,12900,"Transmission Fluid Filter, Gearbox Mount"
853,Toyota Corolla,2014,97807,Electrical,Sensor Failure,ELE-256,Sensor Failure Issue,High,In Stock,Authorized,Expert,Weekday,Morning,5.86,34000,"Starter Motor, Wiring Harness"
854,Suzuki WagonR,2017,80859,Electrical,Sensor Failure,ELE-256,Sensor Failure Issue,Low,Order Required,Local,Junior,Weekend,Morning,2.04,8400,"Alternator, Wiring Harness"
855,Toyota Corolla,2014,178499,Engine,Misfire,ENG-847,Misfire Issue,Medium,Order Required,Local,Expert,Weekend,Morning,3.61,14700,"Timing Belt, Piston Ring"
856,Suzuki WagonR,2017,63420,Transmission,Clutch Wear,TRA-196,Clutch Wear Issue,Low,Order Required,Authorized,Junior,Weekend,Morning,1.85,10500,"Transmission Fluid Filter, Clutch Plate"
857,Nissan Sunny,2014,121226,Brake,Brake Pad Wear,BRA-207,Brake Pad Wear Issue,High,In Stock,Authorized,Senior,Weekend,Morning,5.9,26400,"Brake Pad, Brake Caliper"
858,Suzuki Alto,2021,157828,Electrical,Alternator Failure,ELE-439,Alternator Failure Issue,Medium,Order Required,Local,Expert,Weekday,Morning,4.89,28700,"Fuse, Starter Motor"
859,Suzuki Alto,2009,138382,Engine,Oil Leak,ENG-170,Oil Leak Issue,High,In Stock,Local,Senior,Weekday,Evening,7.38,28400,"Fuel Injector, Timing Belt"
860,Toyota Corolla,2019,152040,Suspension,Steering Issue,SUS-930,Steering Issue Issue,Medium,In Stock,Authorized,Junior,Weekday,Morning,4.31,18100,"Shock Absorber, Control Arm"
861,Honda Fit,2013,28418,Brake,Brake Pad Wear,BRA-207,Brake Pad Wear Issue,Medium,In Stock,Authorized,Expert,Weekday,Afternoon,3.18,11900,"Brake Pad, Brake Caliper"
862,Suzuki Alto,2019,80716,Suspension,Shock Absorber Wear,SUS-606,Shock Absorber Wear Issue,High,Order Required,Authorized,Junior,Weekend,Afternoon,6.77,35400,"Ball Joint, Control Arm"
863,Suzuki Alto,2022,73831,Engine,Overheating,ENG-450,Overheating Issue,High,In Stock,Local,Senior,Weekday,Evening,6.43,28800,"Engine Oil Filter, Timing Belt"
864,Suzuki Alto,2013,53617,Suspension,Wheel Alignment,SUS-239,Wheel Alignment Issue,Medium,Order Required,Local,Junior,Weekday,Evening,4.26,16800,"Strut Mount, Control Arm"
865,Toyota Prius,2011,62718,Suspension,Shock Absorber Wear,SUS-606,Shock Absorber Wear Issue,Medium,In Stock,Authorized,Junior,Weekday,Afternoon,4.94,27900,"Control Arm, Shock Absorber"
866,Honda Fit,2011,52964,Brake,ABS Fault,BRA-102,ABS Fault Issue,Medium,In Stock,Authorized,Junior,Weekend,Evening,3.24,14200,"Brake Pad, Brake Fluid Hose"
867,Suzuki Alto,2011,152366,Transmission,Fluid Leak,TRA-857,Fluid Leak Issue,Medium,Order Required,Local,Junior,Weekend,Evening,4.65,24900,"Gearbox Mount, Clutch Plate"
868,Toyota Prius,2012,77567,Suspension,Shock Absorber Wear,SUS-606,Shock Absorber Wear Issue,High,In Stock,Local,Senior,Weekday,Afternoon,6.83,24300,"Shock Absorber, Control Arm"
869,Suzuki WagonR,2009,27322,Electrical,Sensor Failure,ELE-256,Sensor Failure Issue,High,In Stock,Local,Senior,Weekend,Evening,6.05,30900,"Starter Motor, Wiring Harness"
870,Nissan Sunny,2022,178872,Suspension,Wheel Alignment,SUS-239,Wheel Alignment Issue,Medium,In Stock,Authorized,Expert,Weekend,Afternoon,3.11,11300,"Control Arm, Strut Mount"
871,Toyota Corolla,2019,136802,Transmission,Fluid Leak,TRA-857,Fluid Leak Issue,High,In Stock,Authorized,Expert,Weekend,Evening,6.6,27600,"Transmission Fluid Filter, Gearbox Mount"
872,Suzuki Alto,2014,148234,Brake,Brake Pad Wear,BRA-207,Brake Pad Wear Issue,Low,In Stock,Authorized,Expert,Weekend,Evening,1.64,5800,"Brake Pad, Brake Disc"
873,Honda Fit,2018,83044,Brake,Brake Pad Wear,BRA-207,Brake Pad Wear Issue,Low,Order Required,Authorized,Junior,Weekday,Afternoon,2.51,9200,"Brake Fluid Hose, Brake Pad"
874,Honda Civic,2020,169498,Suspension,Steering Issue,SUS-930,Steering Issue Issue,Low,In Stock,Authorized,Expert,Weekday,Morning,2.31,12500,"Control Arm, Strut Mount"
875,Suzuki WagonR,2022,64509,Engine,Misfire,ENG-847,Misfire Issue,Medium,Order Required,Local,Senior,Weekday,Evening,4.44,22000,"Fuel Injector, Piston Ring"
876,Suzuki Alto,2010,78637,Engine,Misfire,ENG-847,Misfire Issue,High,Order Required,Authorized,Senior,Weekend,Evening,6.24,36400,"Fuel Injector, Timing Belt"
877,Suzuki WagonR,2012,144905,Engine,Overheating,ENG-450,Overheating Issue,Medium,In Stock,Local,Senior,Weekend,Afternoon,3.9,21500,"Timing Belt, Engine Oil Filter"
878,Honda Civic,2010,155453,Engine,Misfire,ENG-847,Misfire Issue,High,In Stock,Authorized,Expert,Weekend,Morning,6.21,35200,"Engine Oil Filter, Spark Plug"
879,Honda Civic,2010,135853,Electrical,Wiring Fault,ELE-831,Wiring Fault Issue,High,Order Required,Local,Senior,Weekday,Morning,6.35,24600,"Starter Motor, Battery"
880,Suzuki WagonR,2019,161727,Electrical,Sensor Failure,ELE-256,Sensor Failure Issue,Medium,Order Required,Local,Junior,Weekday,Evening,4.41,20600,"Wiring Harness, Alternator"
881,Suzuki WagonR,2008,154948,Electrical,Sensor Failure,ELE-256,Sensor Failure Issue,High,In Stock,Authorized,Junior,Weekend,Evening,6.37,26500,"Fuse, Wiring Harness"
882,Toyota Prius,2017,138536,Suspension,Wheel Alignment,SUS-239,Wheel Alignment Issue,Medium,In Stock,Authorized,Senior,Weekday,Afternoon,3.12,16600,"Control Arm, Strut Mount"
883,Honda Fit,2022,150213,Transmission,Gear Slip,TRA-571,Gear Slip Issue,Medium,In Stock,Authorized,Junior,Weekend,Morning,4.18,23600,"Transmission Fluid Filter, Gearbox Mount"
884,Honda Civic,2017,137731,Electrical,Battery Drain,ELE-926,Battery Drain Issue,Medium,In Stock,Local,Senior,Weekday,Evening,3.28,11800,"Starter Motor, Fuse"
885,Suzuki WagonR,2018,178212,Engine,Misfire,ENG-847,Misfire Issue,Low,In Stock,Local,Junior,Weekend,Evening,1.96,7100,"Fuel Injector, Piston Ring"
886,Honda Civic,2020,120809,Suspension,Wheel Alignment,SUS-239,Wheel Alignment Issue,Low,In Stock,Local,Expert,Weekday,Evening,2.6,10000,"Strut Mount, Shock Absorber"
887,Suzuki WagonR,2012,20938,Electrical,Battery Drain,ELE-926,Battery Drain Issue,Low,Order Required,Authorized,Expert,Weekday,Morning,2.04,8200,"Alternator, Fuse"
888,Suzuki WagonR,2011,58108,Transmission,Gear Slip,TRA-571,Gear Slip Issue,Low,In Stock,Local,Expert,Weekend,Morning,2.83,14000,"Clutch Plate, Transmission Fluid Filter"
889,Honda Civic,2022,161544,Brake,Brake Pad Wear,BRA-207,Brake Pad Wear Issue,High,In Stock,Local,Expert,Weekend,Evening,5.81,24600,"Brake Disc, Brake Caliper"
890,Suzuki WagonR,2013,136555,Electrical,Sensor Failure,ELE-256,Sensor Failure Issue,High,In Stock,Authorized,Junior,Weekday,Morning,6.32,35700,"Starter Motor, Alternator"
891,Nissan Sunny,2015,162734,Brake,Brake Fluid Leak,BRA-253,Brake Fluid Leak Issue,Medium,In Stock,Authorized,Senior,Weekday,Morning,4.62,27100,"Brake Pad, Brake Caliper"
892,Honda Fit,2009,164327,Suspension,Wheel Alignment,SUS-239,Wheel Alignment Issue,Medium,In Stock,Local,Expert,Weekday,Morning,4.8,22300,"Strut Mount, Ball Joint"
893,Suzuki WagonR,2014,121424,Engine,Timing Issue,ENG-522,Timing Issue Issue,High,Order Required,Local,Senior,Weekend,Evening,7.03,35500,"Spark Plug, Piston Ring"
894,Honda Fit,2009,31312,Suspension,Shock Absorber Wear,SUS-606,Shock Absorber Wear Issue,Low,In Stock,Authorized,Junior,Weekday,Afternoon,2.91,17200,"Shock Absorber, Ball Joint"
895,Suzuki WagonR,2019,74990,Electrical,Alternator Failure,ELE-439,Alternator Failure Issue,High,In Stock,Local,Senior,Weekday,Afternoon,5.86,32700,"Alternator, Fuse"
896,Toyota Prius,2015,124773,Brake,Brake Pad Wear,BRA-207,Brake Pad Wear Issue,High,Order Required,Local,Senior,Weekday,Evening,7.38,37100,"Brake Fluid Hose, Brake Caliper"
897,Toyota Corolla,2009,93027,Suspension,Steering Issue,SUS-930,Steering Issue Issue,Low,In Stock,Local,Junior,Weekday,Afternoon,1.97,7300,"Control Arm, Ball Joint"
898,Suzuki Alto,2021,66850,Engine,Overheating,ENG-450,Overheating Issue,Low,Order Required,Local,Expert,Weekend,Afternoon,1.49,6800,"Piston Ring, Spark Plug"
899,Honda Civic,2017,93125,Engine,Timing Issue,ENG-522,Timing Issue Issue,Medium,In Stock,Local,Senior,Weekend,Evening,3.69,21700,"Engine Oil Filter, Spark Plug"
900,Toyota Corolla,2018,22687,Suspension,Shock Absorber Wear,SUS-606,Shock Absorber Wear Issue,Medium,Order Required,Local,Junior,Weekday,Afternoon,3.63,16100,"Strut Mount, Shock Absorber"
901,Suzuki Alto,2010,155410,Electrical,Wiring Fault,ELE-831,Wiring Fault Issue,Low,Order Required,Authorized,Senior,Weekend,Evening,1.71,6200,"Battery, Starter Motor"
902,Honda Fit,2018,76429,Suspension,Shock Absorber Wear,SUS-606,Shock Absorber Wear Issue,High,In Stock,Authorized,Junior,Weekday,Morning,7.31,38700,"Strut Mount, Shock Absorber"
903,Honda Civic,2015,105342,Electrical,Battery Drain,ELE-926,Battery Drain Issue,High,In Stock,Authorized,Expert,Weekday,Morning,5.7,30800,"Wiring Harness, Battery"
904,Honda Fit,2011,40909,Engine,Overheating,ENG-450,Overheating Issue,Low,Order Required,Local,Expert,Weekend,Morning,2.31,12000,"Piston Ring, Engine Oil Filter"
905,Suzuki Alto,2013,37325,Engine,Misfire,ENG-847,Misfire Issue,Low,In Stock,Authorized,Senior,Weekday,Morning,1.17,5900,"Timing Belt, Fuel Injector"
906,Honda Civic,2014,162299,Engine,Oil Leak,ENG-170,Oil Leak Issue,Low,In Stock,Authorized,Junior,Weekday,Evening,1.86,9700,"Spark Plug, Timing Belt"
907,Toyota Prius,2016,130549,Engine,Oil Leak,ENG-170,Oil Leak Issue,High,In Stock,Local,Junior,Weekend,Morning,5.52,32700,"Spark Plug, Engine Oil Filter"
908,Suzuki Alto,2020,117192,Suspension,Steering Issue,SUS-930,Steering Issue Issue,Low,Order Required,Local,Expert,Weekday,Afternoon,2.32,9300,"Control Arm, Ball Joint"
909,Honda Civic,2019,39983,Electrical,Wiring Fault,ELE-831,Wiring Fault Issue,Low,In Stock,Authorized,Expert,Weekend,Afternoon,2.8,14400,"Battery, Wiring Harness"
910,Suzuki WagonR,2011,112237,Electrical,Battery Drain,ELE-926,Battery Drain Issue,High,In Stock,Authorized,Senior,Weekend,Afternoon,7.01,37600,"Battery, Fuse"
911,Honda Fit,2009,38528,Brake,Brake Fluid Leak,BRA-253,Brake Fluid Leak Issue,Medium,In Stock,Authorized,Expert,Weekend,Afternoon,3.6,14000,"Brake Fluid Hose, Brake Disc"
912,Toyota Prius,2013,83865,Transmission,Gear Slip,TRA-571,Gear Slip Issue,Low,Order Required,Local,Senior,Weekend,Morning,2.22,12400,"Clutch Plate, Gearbox Mount"
913,Honda Fit,2009,169667,Suspension,Wheel Alignment,SUS-239,Wheel Alignment Issue,High,Order Required,Authorized,Senior,Weekday,Morning,6.07,21800,"Ball Joint, Control Arm"
914,Toyota Prius,2012,110684,Brake,ABS Fault,BRA-102,ABS Fault Issue,High,Order Required,Local,Junior,Weekend,Afternoon,6.06,33800,"Brake Disc, Brake Pad"
915,Suzuki WagonR,2019,176893,Transmission,Gear Slip,TRA-571,Gear Slip Issue,High,Order Required,Local,Senior,Weekday,Afternoon,7.24,38300,"Transmission Fluid Filter, Clutch Plate"
916,Honda Civic,2022,158273,Electrical,Sensor Failure,ELE-256,Sensor Failure Issue,Low,In Stock,Authorized,Junior,Weekday,Morning,2.35,12600,"Alternator, Wiring Harness"
917,Nissan Sunny,2009,45462,Suspension,Wheel Alignment,SUS-239,Wheel Alignment Issue,Medium,In Stock,Authorized,Junior,Weekday,Afternoon,4.46,26200,"Shock Absorber, Control Arm"
918,Toyota Corolla,2013,175764,Electrical,Battery Drain,ELE-926,Battery Drain Issue,Medium,Order Required,Local,Senior,Weekday,Evening,4.42,15700,"Wiring Harness, Starter Motor"
919,Toyota Corolla,2009,36225,Suspension,Steering Issue,SUS-930,Steering Issue Issue,Medium,In Stock,Authorized,Senior,Weekend,Morning,3.17,14400,"Ball Joint, Strut Mount"
920,Honda Fit,2014,48090,Transmission,Fluid Leak,TRA-857,Fluid Leak Issue,Low,In Stock,Local,Junior,Weekend,Evening,1.03,5400,"Transmission Fluid Filter, Gearbox Mount"
921,Suzuki Alto,2015,111095,Engine,Misfire,ENG-847,Misfire Issue,Low,In Stock,Local,Junior,Weekday,Afternoon,1.84,7700,"Timing Belt, Engine Oil Filter"
922,Honda Civic,2008,59021,Electrical,Wiring Fault,ELE-831,Wiring Fault Issue,Medium,Order Required,Local,Expert,Weekend,Afternoon,3.58,18300,"Fuse, Starter Motor"
923,Honda Civic,2022,74913,Electrical,Alternator Failure,ELE-439,Alternator Failure Issue,Medium,Order Required,Local,Senior,Weekend,Afternoon,4.33,19200,"Starter Motor, Wiring Harness"
924,Nissan Sunny,2013,145008,Transmission,Clutch Wear,TRA-196,Clutch Wear Issue,Low,In Stock,Authorized,Senior,Weekday,Morning,1.21,7100,"Transmission Fluid Filter, Clutch Plate"
925,Honda Fit,2014,121803,Engine,Timing Issue,ENG-522,Timing Issue Issue,High,In Stock,Authorized,Junior,Weekday,Evening,6.57,28700,"Timing Belt, Piston Ring"
926,Suzuki Alto,2012,30368,Transmission,Fluid Leak,TRA-857,Fluid Leak Issue,High,In Stock,Local,Expert,Weekday,Evening,7.09,38900,"Gearbox Mount, Transmission Fluid Filter"
927,Honda Fit,2009,163258,Engine,Misfire,ENG-847,Misfire Issue,Medium,Order Required,Authorized,Expert,Weekday,Morning,3.26,14400,"Engine Oil Filter, Piston Ring"
928,Suzuki Alto,2010,67774,Brake,ABS Fault,BRA-102,ABS Fault Issue,Low,In Stock,Authorized,Junior,Weekday,Afternoon,2.92,13100,"Brake Disc, Brake Caliper"
929,Nissan Sunny,2015,105203,Electrical,Sensor Failure,ELE-256,Sensor Failure Issue,Low,In Stock,Local,Expert,Weekday,Afternoon,1.79,10300,"Battery, Starter Motor"
930,Toyota Prius,2010,74454,Suspension,Shock Absorber Wear,SUS-606,Shock Absorber Wear Issue,High,In Stock,Authorized,Expert,Weekend,Morning,5.73,23700,"Control Arm, Strut Mount"
931,Honda Fit,2018,85321,Engine,Misfire,ENG-847,Misfire Issue,Medium,Order Required,Authorized,Junior,Weekday,Morning,4.79,26200,"Engine Oil Filter, Fuel Injector"
932,Suzuki WagonR,2015,159111,Transmission,Gear Slip,TRA-571,Gear Slip Issue,High,In Stock,Authorized,Senior,Weekend,Morning,5.66,30400,"Gearbox Mount, Clutch Plate"
933,Toyota Prius,2014,116873,Brake,Brake Fluid Leak,BRA-253,Brake Fluid Leak Issue,Low,Order Required,Authorized,Expert,Weekday,Afternoon,1.17,5000,"Brake Pad, Brake Fluid Hose"
934,Honda Fit,2008,130796,Suspension,Shock Absorber Wear,SUS-606,Shock Absorber Wear Issue,Medium,In Stock,Local,Expert,Weekday,Morning,3.09,17600,"Strut Mount, Shock Absorber"
935,Nissan Sunny,2017,153420,Engine,Misfire,ENG-847,Misfire Issue,Medium,Order Required,Authorized,Senior,Weekend,Evening,4.31,21900,"Spark Plug, Fuel Injector"
936,Toyota Corolla,2012,75222,Transmission,Gear Slip,TRA-571,Gear Slip Issue,High,In Stock,Local,Junior,Weekday,Evening,7.27,39200,"Transmission Fluid Filter, Gearbox Mount"
937,Honda Fit,2011,50491,Suspension,Wheel Alignment,SUS-239,Wheel Alignment Issue,High,In Stock,Local,Junior,Weekend,Afternoon,6.11,31400,"Control Arm, Ball Joint"
938,Suzuki WagonR,2019,123921,Electrical,Wiring Fault,ELE-831,Wiring Fault Issue,High,In Stock,Local,Junior,Weekend,Afternoon,5.96,32900,"Fuse, Starter Motor"
939,Suzuki WagonR,2017,125222,Brake,Brake Fluid Leak,BRA-253,Brake Fluid Leak Issue,Low,Order Required,Authorized,Junior,Weekday,Evening,1.4,6300,"Brake Caliper, Brake Disc"
940,Honda Civic,2014,168495,Electrical,Alternator Failure,ELE-439,Alternator Failure Issue,Medium,Order Required,Local,Junior,Weekday,Afternoon,4.32,22700,"Starter Motor, Fuse"
941,Suzuki WagonR,2008,177209,Transmission,Gear Slip,TRA-571,Gear Slip Issue,Low,In Stock,Local,Junior,Weekend,Afternoon,2.16,12900,"Transmission Fluid Filter, Clutch Plate"
942,Suzuki WagonR,2018,99897,Brake,Brake Pad Wear,BRA-207,Brake Pad Wear Issue,High,Order Required,Authorized,Senior,Weekday,Afternoon,6.97,25300,"Brake Caliper, Brake Fluid Hose"
943,Toyota Prius,2019,86092,Transmission,Gear Slip,TRA-571,Gear Slip Issue,Medium,In Stock,Local,Senior,Weekday,Morning,4.15,15400,"Gearbox Mount, Transmission Fluid Filter"
944,Suzuki Alto,2010,177648,Brake,Brake Pad Wear,BRA-207,Brake Pad Wear Issue,Low,In Stock,Local,Senior,Weekday,Evening,2.75,10900,"Brake Fluid Hose, Brake Disc"
945,Toyota Prius,2019,50917,Brake,Brake Pad Wear,BRA-207,Brake Pad Wear Issue,Medium,In Stock,Local,Junior,Weekday,Evening,3.31,19200,"Brake Pad, Brake Caliper"
946,Suzuki WagonR,2008,83613,Transmission,Fluid Leak,TRA-857,Fluid Leak Issue,Low,Order Required,Authorized,Junior,Weekend,Morning,2.92,12400,"Gearbox Mount, Transmission Fluid Filter"
947,Toyota Corolla,2020,45233,Brake,Brake Pad Wear,BRA-207,Brake Pad Wear Issue,Low,Order Required,Authorized,Senior,Weekend,Afternoon,2.87,11900,"Brake Disc, Brake Pad"
948,Suzuki Alto,2014,117213,Electrical,Battery Drain,ELE-926,Battery Drain Issue,Medium,In Stock,Authorized,Senior,Weekday,Afternoon,4.83,19500,"Battery, Wiring Harness"
949,Honda Fit,2016,38736,Suspension,Wheel Alignment,SUS-239,Wheel Alignment Issue,Low,Order Required,Local,Junior,Weekend,Morning,1.13,4400,"Ball Joint, Control Arm"
950,Toyota Prius,2016,75015,Electrical,Wiring Fault,ELE-831,Wiring Fault Issue,Low,In Stock,Authorized,Junior,Weekday,Afternoon,2.15,7500,"Alternator, Fuse"
951,Honda Fit,2010,57786,Suspension,Wheel Alignment,SUS-239,Wheel Alignment Issue,Medium,In Stock,Authorized,Junior,Weekday,Morning,4.6,25000,"Strut Mount, Shock Absorber"
952,Honda Fit,2013,24151,Engine,Misfire,ENG-847,Misfire Issue,Medium,In Stock,Authorized,Junior,Weekend,Afternoon,3.98,15400,"Fuel Injector, Timing Belt"
953,Suzuki WagonR,2012,174359,Transmission,Clutch Wear,TRA-196,Clutch Wear Issue,High,In Stock,Authorized,Senior,Weekend,Evening,6.16,24800,"Clutch Plate, Gearbox Mount"
954,Honda Fit,2013,130258,Brake,Brake Fluid Leak,BRA-253,Brake Fluid Leak Issue,Medium,Order Required,Local,Senior,Weekday,Evening,4.76,26400,"Brake Pad, Brake Disc"
955,Toyota Corolla,2008,110763,Brake,ABS Fault,BRA-102,ABS Fault Issue,Medium,Order Required,Authorized,Senior,Weekday,Afternoon,3.32,11800,"Brake Pad, Brake Fluid Hose"
956,Toyota Prius,2018,133799,Electrical,Sensor Failure,ELE-256,Sensor Failure Issue,Low,In Stock,Authorized,Expert,Weekday,Evening,1.9,7500,"Fuse, Starter Motor"
957,Honda Civic,2009,157441,Suspension,Steering Issue,SUS-930,Steering Issue Issue,Low,In Stock,Authorized,Senior,Weekday,Afternoon,2.62,14000,"Strut Mount, Shock Absorber"
958,Toyota Corolla,2017,35362,Brake,ABS Fault,BRA-102,ABS Fault Issue,Medium,In Stock,Authorized,Junior,Weekday,Evening,3.23,12900,"Brake Fluid Hose, Brake Disc"
959,Suzuki WagonR,2011,53190,Engine,Timing Issue,ENG-522,Timing Issue Issue,High,In Stock,Authorized,Junior,Weekend,Afternoon,6.28,32800,"Piston Ring, Engine Oil Filter"
960,Honda Fit,2019,33417,Transmission,Fluid Leak,TRA-857,Fluid Leak Issue,Low,Order Required,Authorized,Expert,Weekday,Afternoon,2.72,16000,"Transmission Fluid Filter, Clutch Plate"
961,Suzuki Alto,2020,107812,Engine,Oil Leak,ENG-170,Oil Leak Issue,High,In Stock,Local,Junior,Weekday,Morning,6.39,33600,"Piston Ring, Spark Plug"
962,Nissan Sunny,2008,167947,Engine,Overheating,ENG-450,Overheating Issue,High,Order Required,Authorized,Expert,Weekday,Afternoon,7.46,37700,"Spark Plug, Timing Belt"
963,Nissan Sunny,2010,54648,Brake,ABS Fault,BRA-102,ABS Fault Issue,High,In Stock,Local,Senior,Weekday,Afternoon,5.58,29500,"Brake Fluid Hose, Brake Pad"
964,Nissan Sunny,2015,114369,Transmission,Fluid Leak,TRA-857,Fluid Leak Issue,High,Order Required,Local,Junior,Weekend,Afternoon,6.73,40100,"Transmission Fluid Filter, Gearbox Mount"
965,Honda Civic,2019,152980,Brake,ABS Fault,BRA-102,ABS Fault Issue,Medium,Order Required,Authorized,Junior,Weekday,Evening,3.54,17300,"Brake Disc, Brake Caliper"
966,Nissan Sunny,2013,45794,Suspension,Shock Absorber Wear,SUS-606,Shock Absorber Wear Issue,Low,In Stock,Local,Expert,Weekend,Morning,2.48,12900,"Strut Mount, Control Arm"
967,Honda Fit,2010,89831,Brake,Brake Pad Wear,BRA-207,Brake Pad Wear Issue,Medium,Order Required,Local,Senior,Weekend,Evening,4.16,15100,"Brake Pad, Brake Fluid Hose"
968,Toyota Corolla,2009,42452,Suspension,Wheel Alignment,SUS-239,Wheel Alignment Issue,Low,In Stock,Local,Expert,Weekday,Afternoon,2.78,14400,"Shock Absorber, Ball Joint"
969,Toyota Corolla,2009,41239,Suspension,Shock Absorber Wear,SUS-606,Shock Absorber Wear Issue,Medium,Order Required,Authorized,Expert,Weekend,Evening,4.56,26300,"Strut Mount, Ball Joint"
970,Nissan Sunny,2017,155776,Brake,ABS Fault,BRA-102,ABS Fault Issue,Medium,In Stock,Authorized,Expert,Weekday,Evening,4.03,17800,"Brake Disc, Brake Fluid Hose"
971,Honda Civic,2022,90592,Suspension,Wheel Alignment,SUS-239,Wheel Alignment Issue,Low,In Stock,Local,Expert,Weekday,Evening,2.65,12900,"Ball Joint, Control Arm"
972,Honda Fit,2010,136727,Engine,Timing Issue,ENG-522,Timing Issue Issue,Medium,In Stock,Authorized,Expert,Weekend,Morning,3.48,15300,"Piston Ring, Timing Belt"
973,Toyota Prius,2021,66415,Electrical,Battery Drain,ELE-926,Battery Drain Issue,Low,Order Required,Authorized,Expert,Weekend,Afternoon,1.3,4600,"Alternator, Battery"
974,Suzuki Alto,2021,34228,Transmission,Clutch Wear,TRA-196,Clutch Wear Issue,Medium,Order Required,Authorized,Expert,Weekend,Evening,4.36,17400,"Clutch Plate, Transmission Fluid Filter"
975,Nissan Sunny,2021,63659,Engine,Misfire,ENG-847,Misfire Issue,High,Order Required,Authorized,Junior,Weekend,Morning,5.69,20200,"Engine Oil Filter, Fuel Injector"
976,Suzuki WagonR,2015,159777,Brake,Brake Fluid Leak,BRA-253,Brake Fluid Leak Issue,Low,Order Required,Local,Senior,Weekend,Evening,2.92,17100,"Brake Fluid Hose, Brake Pad"
977,Nissan Sunny,2014,152747,Engine,Misfire,ENG-847,Misfire Issue,Low,Order Required,Local,Junior,Weekday,Afternoon,1.89,8800,"Piston Ring, Fuel Injector"
978,Honda Civic,2017,162312,Transmission,Fluid Leak,TRA-857,Fluid Leak Issue,High,In Stock,Authorized,Junior,Weekend,Afternoon,7.1,31600,"Gearbox Mount, Clutch Plate"
979,Toyota Corolla,2022,139210,Engine,Oil Leak,ENG-170,Oil Leak Issue,Low,Order Required,Local,Senior,Weekend,Evening,2.17,12900,"Timing Belt, Spark Plug"
980,Toyota Corolla,2017,42151,Brake,Brake Fluid Leak,BRA-253,Brake Fluid Leak Issue,Medium,Order Required,Authorized,Junior,Weekday,Evening,3.27,14200,"Brake Fluid Hose, Brake Caliper"
981,Suzuki Alto,2020,99062,Transmission,Fluid Leak,TRA-857,Fluid Leak Issue,Low,Order Required,Local,Senior,Weekday,Evening,1.35,7800,"Gearbox Mount, Transmission Fluid Filter"
982,Toyota Corolla,2016,49738,Engine,Overheating,ENG-450,Overheating Issue,Medium,In Stock,Authorized,Senior,Weekend,Morning,3.13,16900,"Timing Belt, Piston Ring"
983,Suzuki WagonR,2017,128022,Brake,Brake Pad Wear,BRA-207,Brake Pad Wear Issue,Medium,Order Required,Authorized,Expert,Weekday,Afternoon,4.25,22400,"Brake Disc, Brake Pad"
984,Nissan Sunny,2014,28619,Brake,ABS Fault,BRA-102,ABS Fault Issue,Medium,Order Required,Local,Senior,Weekend,Morning,4.59,22400,"Brake Fluid Hose, Brake Pad"
985,Toyota Prius,2011,27265,Engine,Misfire,ENG-847,Misfire Issue,Medium,In Stock,Authorized,Senior,Weekend,Evening,4.3,18500,"Engine Oil Filter, Spark Plug"
986,Suzuki Alto,2017,102331,Engine,Misfire,ENG-847,Misfire Issue,Medium,In Stock,Authorized,Senior,Weekday,Morning,4.07,16400,"Fuel Injector, Engine Oil Filter"
987,Toyota Corolla,2013,93159,Electrical,Sensor Failure,ELE-256,Sensor Failure Issue,High,In Stock,Authorized,Expert,Weekday,Morning,5.58,31700,"Battery, Starter Motor"
988,Honda Fit,2011,52619,Engine,Overheating,ENG-450,Overheating Issue,Low,Order Required,Authorized,Senior,Weekday,Morning,1.18,5900,"Piston Ring, Engine Oil Filter"
989,Toyota Prius,2009,170495,Suspension,Wheel Alignment,SUS-239,Wheel Alignment Issue,Low,Order Required,Authorized,Senior,Weekend,Morning,2.87,16700,"Shock Absorber, Strut Mount"
990,Suzuki Alto,2017,179346,Transmission,Gear Slip,TRA-571,Gear Slip Issue,High,Order Required,Authorized,Senior,Weekend,Evening,6.02,27300,"Gearbox Mount, Clutch Plate"
991,Nissan Sunny,2011,158300,Suspension,Steering Issue,SUS-930,Steering Issue Issue,Low,In Stock,Authorized,Senior,Weekend,Afternoon,1.01,4500,"Ball Joint, Strut Mount"
992,Suzuki Alto,2022,102831,Electrical,Sensor Failure,ELE-256,Sensor Failure Issue,Medium,In Stock,Local,Junior,Weekend,Evening,4.93,22800,"Fuse, Alternator"
993,Honda Fit,2011,24770,Engine,Overheating,ENG-450,Overheating Issue,High,Order Required,Local,Junior,Weekend,Morning,5.57,23200,"Timing Belt, Spark Plug"
994,Suzuki WagonR,2016,118284,Suspension,Shock Absorber Wear,SUS-606,Shock Absorber Wear Issue,High,In Stock,Local,Senior,Weekday,Afternoon,5.54,22100,"Ball Joint, Shock Absorber"
995,Suzuki WagonR,2021,128637,Electrical,Battery Drain,ELE-926,Battery Drain Issue,Low,In Stock,Local,Expert,Weekend,Morning,2.88,15000,"Starter Motor, Wiring Harness"
996,Honda Fit,2022,77449,Electrical,Alternator Failure,ELE-439,Alternator Failure Issue,High,In Stock,Local,Senior,Weekday,Afternoon,5.81,21900,"Wiring Harness, Alternator"
997,Suzuki WagonR,2010,84533,Brake,Brake Pad Wear,BRA-207,Brake Pad Wear Issue,Medium,Order Required,Local,Junior,Weekday,Morning,4.59,21800,"Brake Caliper, Brake Fluid Hose"
998,Honda Civic,2022,28618,Transmission,Gear Slip,TRA-571,Gear Slip Issue,High,In Stock,Local,Senior,Weekend,Afternoon,7.01,36500,"Clutch Plate, Gearbox Mount"
999,Toyota Prius,2019,128086,Engine,Overheating,ENG-450,Overheating Issue,Medium,In Stock,Local,Expert,Weekday,Afternoon,4.28,15300,"Timing Belt, Engine Oil Filter"
1000,Suzuki Alto,2013,109471,Engine,Oil Leak,ENG-170,Oil Leak Issue,Medium,In Stock,Local,Junior,Weekday,Evening,4.19,22200,"Piston Ring, Fuel Injector"
